expanded_image_id,review_image_path_local,candidate_source_id,candidate_reason,selection_stratum,quality_bucket,batch_id,pattern_visibility,side_visibility,side_evidence_quality,body_fraction_visible,partial_body,frontal_or_rear_view,silhouette_only,blur_level,occlusion_level,lighting_condition,night_ir_artifact,contrast_level,primary_limiting_factor,uncertainty_flag,annotation_status,annotator_notes,imported_range_id,correction_applied
czlx_phase6_v2_0000,data/review_images/czechlynx/phase6_unique_500_v2_balanced/czlx_phase6_v2_0000.jpg,czlx_phase6_v2_0000,extreme visual condition proxy; retained under strict cap for defer/exclude modeling,extreme_hard_proxy__coat_unknown__pose_unmarked,extreme_hard_proxy,batch_001,medium,right,medium,76_100,no,no,no,mild,none,overexposed,yes,low,overexposed,no,complete,IR side view; body and spots visible but strong overexposure reduces pattern detail.,range_000_049,no
czlx_phase6_v2_0001,data/review_images/czechlynx/phase6_unique_500_v2_balanced/czlx_phase6_v2_0001.jpg,czlx_phase6_v2_0001,extreme visual condition proxy; retained under strict cap for defer/exclude modeling,extreme_hard_proxy__coat_unknown__pose_unmarked,extreme_hard_proxy,batch_001,none,unknown,none,0_25,yes,unknown,yes,severe,none,underexposed,yes,low,blur,yes,complete,Eye-shine and faint body only; animal/body region and side labels are not stable enough.,range_000_049,yes
czlx_phase6_v2_0002,data/review_images/czechlynx/phase6_unique_500_v2_balanced/czlx_phase6_v2_0002.jpg,czlx_phase6_v2_0002,extreme visual condition proxy; retained under strict cap for defer/exclude modeling,extreme_hard_proxy__coat_unknown__pose_unmarked,extreme_hard_proxy,batch_001,low,right,low,76_100,no,no,no,mild,partial,overexposed,yes,low,overexposed,no,complete,"Overexposed IR side view; animal visible, but spots are weak and partly washed out.",range_000_049,no
czlx_phase6_v2_0003,data/review_images/czechlynx/phase6_unique_500_v2_balanced/czlx_phase6_v2_0003.jpg,czlx_phase6_v2_0003,extreme visual condition proxy; retained under strict cap for defer/exclude modeling,extreme_hard_proxy__spotted__pose_unmarked,extreme_hard_proxy,batch_001,none,unknown,none,26_50,yes,no,yes,severe,none,underexposed,yes,low,blur,no,complete,Very dark silhouette/close body region; side/body coverage and pattern visibility are unstable.,range_000_049,yes
czlx_phase6_v2_0004,data/review_images/czechlynx/phase6_unique_500_v2_balanced/czlx_phase6_v2_0004.jpg,czlx_phase6_v2_0004,extreme visual condition proxy; retained under strict cap for defer/exclude modeling,extreme_hard_proxy__coat_unknown__pose_test,extreme_hard_proxy,batch_001,high,right,high,76_100,no,no,no,none,none,normal,no,good,none,no,complete,Clear color side view with strong visible coat pattern.,range_000_049,no
czlx_phase6_v2_0005,data/review_images/czechlynx/phase6_unique_500_v2_balanced/czlx_phase6_v2_0005.jpg,czlx_phase6_v2_0005,extreme visual condition proxy; retained under strict cap for defer/exclude modeling,extreme_hard_proxy__spotted__pose_unmarked,extreme_hard_proxy,batch_001,none,unknown,none,26_50,yes,yes,yes,moderate,none,underexposed,no,low,frontal_or_rear_view,no,complete,"Dark seated/rear view; little to no pattern evidence, but visual-factor label is stable.",range_000_049,no
czlx_phase6_v2_0006,data/review_images/czechlynx/phase6_unique_500_v2_balanced/czlx_phase6_v2_0006.jpg,czlx_phase6_v2_0006,clearer image-quality proxy for normal evidence behavior,high_evidence_proxy__coat_unknown__pose_train,high_evidence_proxy,batch_001,high,left,high,76_100,no,no,no,none,none,normal,no,good,none,no,complete,Clear full side color view with strong flank pattern.,range_000_049,no
czlx_phase6_v2_0007,data/review_images/czechlynx/phase6_unique_500_v2_balanced/czlx_phase6_v2_0007.jpg,czlx_phase6_v2_0007,clearer image-quality proxy for normal evidence behavior,high_evidence_proxy__coat_unknown__pose_unmarked,high_evidence_proxy,batch_001,medium,right,medium,51_75,yes,no,no,mild,partial,normal,no,good,partial_body,no,complete,Close partial side body; spots are visible but only part of flank/body is available.,range_000_049,no
czlx_phase6_v2_0008,data/review_images/czechlynx/phase6_unique_500_v2_balanced/czlx_phase6_v2_0008.jpg,czlx_phase6_v2_0008,clearer image-quality proxy for normal evidence behavior,high_evidence_proxy__coat_unknown__pose_test,high_evidence_proxy,batch_001,medium,unknown,low,76_100,no,yes,no,none,partial,normal,no,good,frontal_or_rear_view,no,complete,Rear/oblique body with some pattern visible; side comparability is limited.,range_000_049,no
czlx_phase6_v2_0009,data/review_images/czechlynx/phase6_unique_500_v2_balanced/czlx_phase6_v2_0009.jpg,czlx_phase6_v2_0009,clearer image-quality proxy for normal evidence behavior,high_evidence_proxy__spotted__pose_unmarked,high_evidence_proxy,batch_001,medium,unknown,low,51_75,yes,yes,no,mild,partial,overexposed,yes,low,frontal_or_rear_view,no,complete,Close IR rear/oblique crop; pattern partly visible but side evidence is weak.,range_000_049,no
czlx_phase6_v2_0010,data/review_images/czechlynx/phase6_unique_500_v2_balanced/czlx_phase6_v2_0010.jpg,czlx_phase6_v2_0010,clearer image-quality proxy for normal evidence behavior,high_evidence_proxy__coat_unknown__pose_unmarked,high_evidence_proxy,batch_001,medium,unknown,low,51_75,yes,yes,no,mild,partial,normal,no,good,frontal_or_rear_view,no,complete,Frontal/oblique seated view; some pattern visible but not a useful side view.,range_000_049,no
czlx_phase6_v2_0011,data/review_images/czechlynx/phase6_unique_500_v2_balanced/czlx_phase6_v2_0011.jpg,czlx_phase6_v2_0011,clearer image-quality proxy for normal evidence behavior,high_evidence_proxy__spotted__pose_unmarked,high_evidence_proxy,batch_001,high,right,medium,51_75,yes,no,no,mild,partial,normal,no,good,partial_body,no,complete,Partial flank/rump with strong spots; body is cut and head/front missing.,range_000_049,no
czlx_phase6_v2_0012,data/review_images/czechlynx/phase6_unique_500_v2_balanced/czlx_phase6_v2_0012.jpg,czlx_phase6_v2_0012,clearer image-quality proxy for normal evidence behavior,high_evidence_proxy__coat_unknown__pose_train,high_evidence_proxy,batch_001,medium,right,medium,76_100,no,no,no,mild,none,overexposed,no,low,overexposed,no,complete,Side view with visible body; overexposure lowers spot detail.,range_000_049,no
czlx_phase6_v2_0013,data/review_images/czechlynx/phase6_unique_500_v2_balanced/czlx_phase6_v2_0013.jpg,czlx_phase6_v2_0013,clearer image-quality proxy for normal evidence behavior,high_evidence_proxy__spotted__pose_unmarked,high_evidence_proxy,batch_001,medium,right,medium,76_100,no,no,no,mild,partial,normal,no,good,occlusion,no,complete,Side/oblique view on rocks; pattern visible but body is partly obstructed by terrain/pose.,range_000_049,no
czlx_phase6_v2_0014,data/review_images/czechlynx/phase6_unique_500_v2_balanced/czlx_phase6_v2_0014.jpg,czlx_phase6_v2_0014,clearer image-quality proxy for normal evidence behavior,high_evidence_proxy__coat_unknown__pose_unmarked,high_evidence_proxy,batch_001,high,right,high,76_100,no,no,no,none,none,normal,no,good,none,no,complete,Clear color side view with high pattern visibility.,range_000_049,no
czlx_phase6_v2_0015,data/review_images/czechlynx/phase6_unique_500_v2_balanced/czlx_phase6_v2_0015.jpg,czlx_phase6_v2_0015,clearer image-quality proxy for normal evidence behavior,high_evidence_proxy__coat_unknown__pose_train,high_evidence_proxy,batch_001,medium,left,medium,76_100,no,no,no,mild,partial,normal,no,low,low_contrast,no,complete,Side view in grass; pattern visible but contrast and foreground grass reduce detail.,range_000_049,no
czlx_phase6_v2_0016,data/review_images/czechlynx/phase6_unique_500_v2_balanced/czlx_phase6_v2_0016.jpg,czlx_phase6_v2_0016,clearer image-quality proxy for normal evidence behavior,high_evidence_proxy__coat_unknown__pose_test,high_evidence_proxy,batch_001,medium,left,medium,76_100,no,no,no,mild,partial,underexposed,no,low,low_contrast,no,complete,Dark side view; spots visible but low contrast and shadows reduce evidence quality.,range_000_049,no
czlx_phase6_v2_0017,data/review_images/czechlynx/phase6_unique_500_v2_balanced/czlx_phase6_v2_0017.jpg,czlx_phase6_v2_0017,clearer image-quality proxy for normal evidence behavior,high_evidence_proxy__spotted__pose_train,high_evidence_proxy,batch_001,high,left,high,76_100,no,no,no,none,none,normal,no,good,none,no,complete,Clear color side view with strong pattern.,range_000_049,no
czlx_phase6_v2_0018,data/review_images/czechlynx/phase6_unique_500_v2_balanced/czlx_phase6_v2_0018.jpg,czlx_phase6_v2_0018,clearer image-quality proxy for normal evidence behavior,high_evidence_proxy__marbled__pose_unmarked,high_evidence_proxy,batch_001,high,unknown,medium,76_100,no,yes,no,mild,none,normal,no,good,frontal_or_rear_view,no,complete,"Oblique/rear feeding posture; spots clear, but side comparability is limited.",range_000_049,no
czlx_phase6_v2_0019,data/review_images/czechlynx/phase6_unique_500_v2_balanced/czlx_phase6_v2_0019.jpg,czlx_phase6_v2_0019,clearer image-quality proxy for normal evidence behavior,high_evidence_proxy__spotted__pose_unmarked,high_evidence_proxy,batch_001,medium,unknown,low,51_75,yes,yes,no,mild,none,overexposed,yes,low,frontal_or_rear_view,no,complete,IR rear/frontal-biased seated view; pattern visible but side evidence is poor.,range_000_049,no
czlx_phase6_v2_0020,data/review_images/czechlynx/phase6_unique_500_v2_balanced/czlx_phase6_v2_0020.jpg,czlx_phase6_v2_0020,clearer image-quality proxy for normal evidence behavior,high_evidence_proxy__coat_unknown__pose_test,high_evidence_proxy,batch_001,medium,left,medium,76_100,no,no,no,mild,partial,normal,no,good,occlusion,no,complete,"Side view in snow/terrain; pattern visible, partial occlusion and pose reduce evidence.",range_000_049,no
czlx_phase6_v2_0021,data/review_images/czechlynx/phase6_unique_500_v2_balanced/czlx_phase6_v2_0021.jpg,czlx_phase6_v2_0021,low-quality but likely annotatable evidence proxy for degradation modeling,low_but_annotatable_proxy__spotted__pose_unmarked,low_but_annotatable_proxy,batch_001,medium,right,medium,76_100,no,no,no,moderate,none,normal,yes,low,blur,no,complete,IR side view with eye shine; pattern visible but motion/IR blur lowers sharpness.,range_000_049,no
czlx_phase6_v2_0022,data/review_images/czechlynx/phase6_unique_500_v2_balanced/czlx_phase6_v2_0022.jpg,czlx_phase6_v2_0022,low-quality but likely annotatable evidence proxy for degradation modeling,low_but_annotatable_proxy__coat_unknown__pose_unmarked,low_but_annotatable_proxy,batch_001,none,unknown,none,76_100,no,no,yes,severe,none,normal,yes,low,blur,no,complete,"Motion-blurred close/partial animal region; side, body fraction, and limiting factor are uncertain.",range_000_049,yes
czlx_phase6_v2_0023,data/review_images/czechlynx/phase6_unique_500_v2_balanced/czlx_phase6_v2_0023.jpg,czlx_phase6_v2_0023,low-quality but likely annotatable evidence proxy for degradation modeling,low_but_annotatable_proxy__spotted__pose_unmarked,low_but_annotatable_proxy,batch_001,high,right,high,76_100,no,no,no,none,none,normal,yes,good,none,no,complete,Clear IR side view with high spot visibility.,range_000_049,no
czlx_phase6_v2_0024,data/review_images/czechlynx/phase6_unique_500_v2_balanced/czlx_phase6_v2_0024.jpg,czlx_phase6_v2_0024,low-quality but likely annotatable evidence proxy for degradation modeling,low_but_annotatable_proxy__coat_unknown__pose_unmarked,low_but_annotatable_proxy,batch_001,medium,unknown,low,51_75,yes,yes,no,mild,partial,underexposed,no,low,frontal_or_rear_view,no,complete,Rear/oblique body in dark rock setting; spots visible but side evidence limited.,range_000_049,no
czlx_phase6_v2_0025,data/review_images/czechlynx/phase6_unique_500_v2_balanced/czlx_phase6_v2_0025.jpg,czlx_phase6_v2_0025,low-quality but likely annotatable evidence proxy for degradation modeling,low_but_annotatable_proxy__spotted__pose_unmarked,low_but_annotatable_proxy,batch_001,medium,right,medium,51_75,yes,no,no,moderate,partial,normal,yes,low,blur,no,complete,Close partial IR side crop; spot pattern visible but blurred and cropped.,range_000_049,no
czlx_phase6_v2_0026,data/review_images/czechlynx/phase6_unique_500_v2_balanced/czlx_phase6_v2_0026.jpg,czlx_phase6_v2_0026,low-quality but likely annotatable evidence proxy for degradation modeling,low_but_annotatable_proxy__marbled__pose_unmarked,low_but_annotatable_proxy,batch_001,high,left,high,76_100,no,no,no,mild,partial,normal,no,good,none,no,complete,Color side view with strong pattern; minor terrain/vegetation obstruction only.,range_000_049,no
czlx_phase6_v2_0027,data/review_images/czechlynx/phase6_unique_500_v2_balanced/czlx_phase6_v2_0027.jpg,czlx_phase6_v2_0027,low-quality but likely annotatable evidence proxy for degradation modeling,low_but_annotatable_proxy__coat_unknown__pose_unmarked,low_but_annotatable_proxy,batch_001,none,unknown,none,76_100,no,yes,yes,severe,none,normal,yes,low,blur,no,complete,Very blurred close body/limb crop; not enough stable information for side/body labels.,range_000_049,yes
czlx_phase6_v2_0028,data/review_images/czechlynx/phase6_unique_500_v2_balanced/czlx_phase6_v2_0028.jpg,czlx_phase6_v2_0028,low-quality but likely annotatable evidence proxy for degradation modeling,low_but_annotatable_proxy__coat_unknown__pose_unmarked,low_but_annotatable_proxy,batch_001,none,right,none,76_100,no,no,yes,severe,none,underexposed,yes,low,blur,no,complete,Dark blurred rear/partial body; visual factors are unstable and need review.,range_000_049,yes
czlx_phase6_v2_0029,data/review_images/czechlynx/phase6_unique_500_v2_balanced/czlx_phase6_v2_0029.jpg,czlx_phase6_v2_0029,low-quality but likely annotatable evidence proxy for degradation modeling,low_but_annotatable_proxy__spotted__pose_unmarked,low_but_annotatable_proxy,batch_001,medium,right,medium,76_100,no,no,no,moderate,partial,normal,yes,low,blur,no,complete,"IR side view with visible spots, but blur and low contrast reduce quality.",range_000_049,no
czlx_phase6_v2_0030,data/review_images/czechlynx/phase6_unique_500_v2_balanced/czlx_phase6_v2_0030.jpg,czlx_phase6_v2_0030,low-quality but likely annotatable evidence proxy for degradation modeling,low_but_annotatable_proxy__coat_unknown__pose_unmarked,low_but_annotatable_proxy,batch_001,none,unknown,none,0_25,no,unknown,yes,severe,none,normal,yes,low,partial_body,no,complete,Extreme close partial body/limb crop; animal region and field labels are too unstable.,range_000_049,yes
czlx_phase6_v2_0031,data/review_images/czechlynx/phase6_unique_500_v2_balanced/czlx_phase6_v2_0031.jpg,czlx_phase6_v2_0031,low-quality but likely annotatable evidence proxy for degradation modeling,low_but_annotatable_proxy__spotted__pose_unmarked,low_but_annotatable_proxy,batch_001,none,unknown,none,0_25,no,unknown,yes,severe,none,underexposed,yes,low,blur,no,complete,Mostly dark frame with unclear animal evidence; cannot confidently label body/side fields.,range_000_049,yes
czlx_phase6_v2_0032,data/review_images/czechlynx/phase6_unique_500_v2_balanced/czlx_phase6_v2_0032.jpg,czlx_phase6_v2_0032,medium-quality evidence proxy with moderate degradation or ordinary variation,medium_evidence_proxy__spotted__pose_unmarked,medium_evidence_proxy,batch_001,high,right,high,76_100,no,no,no,none,none,normal,no,good,none,no,complete,Clear color side/rear-oblique view with strong visible pattern.,range_000_049,no
czlx_phase6_v2_0033,data/review_images/czechlynx/phase6_unique_500_v2_balanced/czlx_phase6_v2_0033.jpg,czlx_phase6_v2_0033,medium-quality evidence proxy with moderate degradation or ordinary variation,medium_evidence_proxy__spotted__pose_unmarked,medium_evidence_proxy,batch_001,low,right,low,51_75,yes,no,no,moderate,none,normal,no,low,blur,no,complete,Fast-moving close side crop; pattern visible only weakly because of blur and crop.,range_000_049,no
czlx_phase6_v2_0034,data/review_images/czechlynx/phase6_unique_500_v2_balanced/czlx_phase6_v2_0034.jpg,czlx_phase6_v2_0034,medium-quality evidence proxy with moderate degradation or ordinary variation,medium_evidence_proxy__coat_unknown__pose_train,medium_evidence_proxy,batch_001,high,left,high,76_100,no,no,no,none,none,normal,no,good,none,no,complete,Clear color side view with high pattern visibility.,range_000_049,no
czlx_phase6_v2_0035,data/review_images/czechlynx/phase6_unique_500_v2_balanced/czlx_phase6_v2_0035.jpg,czlx_phase6_v2_0035,medium-quality evidence proxy with moderate degradation or ordinary variation,medium_evidence_proxy__spotted__pose_unmarked,medium_evidence_proxy,batch_001,medium,right,medium,76_100,no,no,no,mild,none,normal,yes,low,low_contrast,no,complete,IR side view; pattern visible but low contrast reduces detail.,range_000_049,no
czlx_phase6_v2_0036,data/review_images/czechlynx/phase6_unique_500_v2_balanced/czlx_phase6_v2_0036.jpg,czlx_phase6_v2_0036,medium-quality evidence proxy with moderate degradation or ordinary variation,medium_evidence_proxy__spotted__pose_unmarked,medium_evidence_proxy,batch_001,high,right,high,76_100,no,no,no,none,none,normal,no,good,none,no,complete,Clear color side view with strong spots.,range_000_049,no
czlx_phase6_v2_0037,data/review_images/czechlynx/phase6_unique_500_v2_balanced/czlx_phase6_v2_0037.jpg,czlx_phase6_v2_0037,medium-quality evidence proxy with moderate degradation or ordinary variation,medium_evidence_proxy__spotted__pose_train,medium_evidence_proxy,batch_001,medium,left,medium,76_100,no,no,no,mild,none,underexposed,no,low,low_contrast,no,complete,Side view in snow/shadow; pattern visible but low contrast.,range_000_049,no
czlx_phase6_v2_0038,data/review_images/czechlynx/phase6_unique_500_v2_balanced/czlx_phase6_v2_0038.jpg,czlx_phase6_v2_0038,medium-quality evidence proxy with moderate degradation or ordinary variation,medium_evidence_proxy__spotted__pose_unmarked,medium_evidence_proxy,batch_001,high,left,high,76_100,no,no,no,mild,none,normal,no,good,none,no,complete,Good color side view with clear pattern.,range_000_049,no
czlx_phase6_v2_0039,data/review_images/czechlynx/phase6_unique_500_v2_balanced/czlx_phase6_v2_0039.jpg,czlx_phase6_v2_0039,medium-quality evidence proxy with moderate degradation or ordinary variation,medium_evidence_proxy__spotted__pose_unmarked,medium_evidence_proxy,batch_001,medium,unknown,medium,51_75,yes,yes,no,mild,partial,normal,no,good,frontal_or_rear_view,no,complete,Rear/oblique body view; pattern visible but not comparable side evidence.,range_000_049,no
czlx_phase6_v2_0040,data/review_images/czechlynx/phase6_unique_500_v2_balanced/czlx_phase6_v2_0040.jpg,czlx_phase6_v2_0040,medium-quality evidence proxy with moderate degradation or ordinary variation,medium_evidence_proxy__spotted__pose_unmarked,medium_evidence_proxy,batch_001,high,left,high,76_100,no,no,no,mild,partial,normal,yes,good,none,no,complete,IR close side view with strong pattern; body is partly cropped but evidence remains good.,range_000_049,no
czlx_phase6_v2_0041,data/review_images/czechlynx/phase6_unique_500_v2_balanced/czlx_phase6_v2_0041.jpg,czlx_phase6_v2_0041,medium-quality evidence proxy with moderate degradation or ordinary variation,medium_evidence_proxy__coat_unknown__pose_unmarked,medium_evidence_proxy,batch_001,high,right,high,76_100,no,no,no,mild,none,normal,no,good,none,no,complete,Clear color side/oblique view with strong spots.,range_000_049,no
czlx_phase6_v2_0042,data/review_images/czechlynx/phase6_unique_500_v2_balanced/czlx_phase6_v2_0042.jpg,czlx_phase6_v2_0042,medium-quality evidence proxy with moderate degradation or ordinary variation,medium_evidence_proxy__spotted__pose_unmarked,medium_evidence_proxy,batch_001,low,right,low,26_50,yes,unknown,no,moderate,partial,normal,no,low,partial_body,yes,needs_review,"Small, cropped, low-resolution animal body; side and body fraction are uncertain.",range_000_049,yes
czlx_phase6_v2_0043,data/review_images/czechlynx/phase6_unique_500_v2_balanced/czlx_phase6_v2_0043.jpg,czlx_phase6_v2_0043,medium-quality evidence proxy with moderate degradation or ordinary variation,medium_evidence_proxy__coat_unknown__pose_unmarked,medium_evidence_proxy,batch_001,low,unknown,low,76_100,no,no,no,severe,none,normal,no,low,blur,no,complete,Full animal is visible but heavily motion-blurred; field labels are stable enough.,range_000_049,no
czlx_phase6_v2_0044,data/review_images/czechlynx/phase6_unique_500_v2_balanced/czlx_phase6_v2_0044.jpg,czlx_phase6_v2_0044,medium-quality evidence proxy with moderate degradation or ordinary variation,medium_evidence_proxy__coat_unknown__pose_train,medium_evidence_proxy,batch_001,high,right,high,76_100,no,no,no,mild,partial,normal,no,good,occlusion,no,complete,Clear side view with strong pattern; tree/branches create partial occlusion.,range_000_049,no
czlx_phase6_v2_0045,data/review_images/czechlynx/phase6_unique_500_v2_balanced/czlx_phase6_v2_0045.jpg,czlx_phase6_v2_0045,medium-quality evidence proxy with moderate degradation or ordinary variation,medium_evidence_proxy__coat_unknown__pose_unmarked,medium_evidence_proxy,batch_001,high,right,high,76_100,no,no,no,none,partial,normal,no,good,none,no,complete,Clear color side/oblique view with strong pattern.,range_000_049,no
czlx_phase6_v2_0046,data/review_images/czechlynx/phase6_unique_500_v2_balanced/czlx_phase6_v2_0046.jpg,czlx_phase6_v2_0046,medium-quality evidence proxy with moderate degradation or ordinary variation,medium_evidence_proxy__spotted__pose_unmarked,medium_evidence_proxy,batch_001,medium,unknown,medium,76_100,no,yes,no,mild,partial,overexposed,no,low,frontal_or_rear_view,no,complete,Rear/oblique overexposed body; some spots visible but side comparability limited.,range_000_049,no
czlx_phase6_v2_0047,data/review_images/czechlynx/phase6_unique_500_v2_balanced/czlx_phase6_v2_0047.jpg,czlx_phase6_v2_0047,medium-quality evidence proxy with moderate degradation or ordinary variation,medium_evidence_proxy__spotted__pose_unmarked,medium_evidence_proxy,batch_001,medium,right,medium,76_100,no,no,no,moderate,partial,normal,no,low,blur,no,complete,Color side/oblique body with visible spots but moderate blur and partial crop.,range_000_049,no
czlx_phase6_v2_0048,data/review_images/czechlynx/phase6_unique_500_v2_balanced/czlx_phase6_v2_0048.jpg,czlx_phase6_v2_0048,medium-quality evidence proxy with moderate degradation or ordinary variation,medium_evidence_proxy__coat_unknown__pose_unmarked,medium_evidence_proxy,batch_001,medium,unknown,medium,76_100,no,yes,no,mild,partial,overexposed,yes,low,frontal_or_rear_view,no,complete,IR rear/oblique close view; spots visible but not ideal side evidence.,range_000_049,no
czlx_phase6_v2_0049,data/review_images/czechlynx/phase6_unique_500_v2_balanced/czlx_phase6_v2_0049.jpg,czlx_phase6_v2_0049,medium-quality evidence proxy with moderate degradation or ordinary variation,medium_evidence_proxy__spotted__pose_unmarked,medium_evidence_proxy,batch_001,medium,right,medium,76_100,no,no,no,moderate,partial,normal,no,low,blur,no,complete,Color side/oblique view; spots visible but blur and vegetation reduce detail.,range_000_049,no
czlx_phase6_v2_0050,data/review_images/czechlynx/phase6_unique_500_v2_balanced/czlx_phase6_v2_0050.jpg,czlx_phase6_v2_0050,extreme visual condition proxy; retained under strict cap for defer/exclude modeling,extreme_hard_proxy__spotted__pose_unmarked,extreme_hard_proxy,batch_002,low,unknown,low,51_75,yes,unknown,no,moderate,partial,underexposed,yes,low,partial_body,no,complete,"Dark IR close body crop; spots are mostly not useful, but body/quality labels are stable.",range_050_099,no
czlx_phase6_v2_0051,data/review_images/czechlynx/phase6_unique_500_v2_balanced/czlx_phase6_v2_0051.jpg,czlx_phase6_v2_0051,extreme visual condition proxy; retained under strict cap for defer/exclude modeling,extreme_hard_proxy__coat_unknown__pose_train,extreme_hard_proxy,batch_002,medium,right,medium,76_100,no,no,no,mild,none,overexposed,yes,low,overexposed,no,complete,"Overexposed IR side view; body visible and spots partly visible, but highlights reduce detail.",range_050_099,no
czlx_phase6_v2_0052,images/czlx_phase6_v2_0052.jpg,czlx_phase6_v2_0052,extreme visual condition proxy; retained under strict cap for defer/exclude modeling,extreme_hard_proxy__spotted__pose_unmarked,extreme_hard_proxy,batch_002,none,unknown,none,0_25,yes,unknown,yes,severe,major,underexposed,yes,low,pattern_not_visible,no,complete,"Very faint IR silhouette/body region; side, body fraction, and pattern labels are not stable.",range_050_099,yes
czlx_phase6_v2_0053,images/czlx_phase6_v2_0053.jpg,czlx_phase6_v2_0053,extreme visual condition proxy; retained under strict cap for defer/exclude modeling,extreme_hard_proxy__spotted__pose_unmarked,extreme_hard_proxy,batch_002,medium,unknown,low,26_50,yes,yes,no,moderate,major,underexposed,yes,low,occlusion,no,complete,Close dark/occluded body segment behind foreground object; side/body region and pattern overlap are ambiguous.,range_050_099,yes
czlx_phase6_v2_0054,data/review_images/czechlynx/phase6_unique_500_v2_balanced/czlx_phase6_v2_0054.jpg,czlx_phase6_v2_0054,extreme visual condition proxy; retained under strict cap for defer/exclude modeling,extreme_hard_proxy__coat_unknown__pose_test,extreme_hard_proxy,batch_002,high,right,high,76_100,no,no,no,mild,partial,underexposed,no,good,none,no,complete,Color side view with clear spots; dark background and foreground branch but strong evidence.,range_050_099,no
czlx_phase6_v2_0055,images/czlx_phase6_v2_0055.jpg,czlx_phase6_v2_0055,extreme visual condition proxy; retained under strict cap for defer/exclude modeling,extreme_hard_proxy__coat_unknown__pose_unmarked,extreme_hard_proxy,batch_002,none,unknown,none,76_100,no,unknown,yes,severe,major,overexposed,yes,low,pattern_not_visible,no,complete,Washed-out/low-contrast eye-shine frame; visible body and factor labels are unstable.,range_050_099,yes
czlx_phase6_v2_0056,data/review_images/czechlynx/phase6_unique_500_v2_balanced/czlx_phase6_v2_0056.jpg,czlx_phase6_v2_0056,clearer image-quality proxy for normal evidence behavior,high_evidence_proxy__spotted__pose_unmarked,high_evidence_proxy,batch_002,high,right,high,76_100,no,no,no,mild,none,normal,no,good,none,no,complete,Clear color side view with strong coat pattern.,range_050_099,no
czlx_phase6_v2_0057,data/review_images/czechlynx/phase6_unique_500_v2_balanced/czlx_phase6_v2_0057.jpg,czlx_phase6_v2_0057,clearer image-quality proxy for normal evidence behavior,high_evidence_proxy__spotted__pose_unmarked,high_evidence_proxy,batch_002,medium,right,medium,51_75,yes,no,no,moderate,partial,normal,no,low,blur,no,complete,"Partial side body with visible spots, but motion blur/crop reduce evidence.",range_050_099,no
czlx_phase6_v2_0058,data/review_images/czechlynx/phase6_unique_500_v2_balanced/czlx_phase6_v2_0058.jpg,czlx_phase6_v2_0058,clearer image-quality proxy for normal evidence behavior,high_evidence_proxy__spotted__pose_train,high_evidence_proxy,batch_002,high,right,high,76_100,no,no,no,mild,partial,normal,no,good,none,no,complete,"Color side view on rocks; strong flank pattern, partial leg/terrain obstruction.",range_050_099,no
czlx_phase6_v2_0059,data/review_images/czechlynx/phase6_unique_500_v2_balanced/czlx_phase6_v2_0059.jpg,czlx_phase6_v2_0059,clearer image-quality proxy for normal evidence behavior,high_evidence_proxy__coat_unknown__pose_unmarked,high_evidence_proxy,batch_002,low,right,low,51_75,yes,no,no,moderate,none,normal,no,low,blur,no,complete,"Tiny low-resolution side crop; side and body labels are stable, but pattern evidence is weak.",range_050_099,no
czlx_phase6_v2_0060,data/review_images/czechlynx/phase6_unique_500_v2_balanced/czlx_phase6_v2_0060.jpg,czlx_phase6_v2_0060,clearer image-quality proxy for normal evidence behavior,high_evidence_proxy__coat_unknown__pose_unmarked,high_evidence_proxy,batch_002,high,left,high,76_100,no,no,no,none,partial,normal,no,good,none,no,complete,Clear seated/side color view with strong pattern; tree partly obstructs posture.,range_050_099,no
czlx_phase6_v2_0061,data/review_images/czechlynx/phase6_unique_500_v2_balanced/czlx_phase6_v2_0061.jpg,czlx_phase6_v2_0061,clearer image-quality proxy for normal evidence behavior,high_evidence_proxy__spotted__pose_unmarked,high_evidence_proxy,batch_002,high,right,high,76_100,no,no,no,mild,none,normal,yes,good,none,no,complete,Clear IR side view with strong flank pattern.,range_050_099,no
czlx_phase6_v2_0062,data/review_images/czechlynx/phase6_unique_500_v2_balanced/czlx_phase6_v2_0062.jpg,czlx_phase6_v2_0062,clearer image-quality proxy for normal evidence behavior,high_evidence_proxy__spotted__pose_unmarked,high_evidence_proxy,batch_002,high,right,high,76_100,no,no,no,mild,partial,overexposed,yes,good,none,no,complete,Bright IR side view; spots visible clearly despite mild overexposure.,range_050_099,no
czlx_phase6_v2_0063,data/review_images/czechlynx/phase6_unique_500_v2_balanced/czlx_phase6_v2_0063.jpg,czlx_phase6_v2_0063,clearer image-quality proxy for normal evidence behavior,high_evidence_proxy__coat_unknown__pose_unmarked,high_evidence_proxy,batch_002,high,right,high,76_100,no,no,no,mild,partial,normal,no,good,none,no,complete,Color side view in vegetation with strong pattern; minor partial occlusion.,range_050_099,no
czlx_phase6_v2_0064,data/review_images/czechlynx/phase6_unique_500_v2_balanced/czlx_phase6_v2_0064.jpg,czlx_phase6_v2_0064,clearer image-quality proxy for normal evidence behavior,high_evidence_proxy__coat_unknown__pose_unmarked,high_evidence_proxy,batch_002,high,left,high,76_100,no,no,no,none,none,normal,no,good,none,no,complete,Clear color side view with strong pattern.,range_050_099,no
czlx_phase6_v2_0065,data/review_images/czechlynx/phase6_unique_500_v2_balanced/czlx_phase6_v2_0065.jpg,czlx_phase6_v2_0065,clearer image-quality proxy for normal evidence behavior,high_evidence_proxy__spotted__pose_unmarked,high_evidence_proxy,batch_002,high,unknown,medium,51_75,yes,yes,no,mild,partial,normal,yes,good,frontal_or_rear_view,no,complete,Rear view with clear spotted rump; side comparability limited.,range_050_099,no
czlx_phase6_v2_0066,data/review_images/czechlynx/phase6_unique_500_v2_balanced/czlx_phase6_v2_0066.jpg,czlx_phase6_v2_0066,clearer image-quality proxy for normal evidence behavior,high_evidence_proxy__spotted__pose_unmarked,high_evidence_proxy,batch_002,medium,right,medium,76_100,no,no,no,moderate,partial,normal,no,low,blur,no,complete,Color side view with visible spots; motion blur and partial occlusion reduce quality.,range_050_099,no
czlx_phase6_v2_0067,data/review_images/czechlynx/phase6_unique_500_v2_balanced/czlx_phase6_v2_0067.jpg,czlx_phase6_v2_0067,clearer image-quality proxy for normal evidence behavior,high_evidence_proxy__marbled__pose_unmarked,high_evidence_proxy,batch_002,medium,right,medium,76_100,no,no,no,mild,partial,normal,yes,good,occlusion,no,complete,IR side view; pattern visible but foreground/pose causes partial occlusion.,range_050_099,no
czlx_phase6_v2_0068,data/review_images/czechlynx/phase6_unique_500_v2_balanced/czlx_phase6_v2_0068.jpg,czlx_phase6_v2_0068,clearer image-quality proxy for normal evidence behavior,high_evidence_proxy__coat_unknown__pose_unmarked,high_evidence_proxy,batch_002,medium,unknown,low,51_75,yes,yes,no,mild,partial,normal,no,good,frontal_or_rear_view,no,complete,Close frontal view; facial/body evidence visible but flank comparability poor.,range_050_099,no
czlx_phase6_v2_0069,data/review_images/czechlynx/phase6_unique_500_v2_balanced/czlx_phase6_v2_0069.jpg,czlx_phase6_v2_0069,clearer image-quality proxy for normal evidence behavior,high_evidence_proxy__spotted__pose_train,high_evidence_proxy,batch_002,medium,right,medium,76_100,no,no,no,moderate,partial,normal,no,low,blur,no,complete,Side color view with visible spots; blur/crop reduce pattern sharpness.,range_050_099,no
czlx_phase6_v2_0070,data/review_images/czechlynx/phase6_unique_500_v2_balanced/czlx_phase6_v2_0070.jpg,czlx_phase6_v2_0070,clearer image-quality proxy for normal evidence behavior,high_evidence_proxy__coat_unknown__pose_unmarked,high_evidence_proxy,batch_002,high,right,high,76_100,no,no,no,mild,none,overexposed,no,good,none,no,complete,Color side view with strong spots; upper left background overexposed but animal evidence clear.,range_050_099,no
czlx_phase6_v2_0071,data/review_images/czechlynx/phase6_unique_500_v2_balanced/czlx_phase6_v2_0071.jpg,czlx_phase6_v2_0071,low-quality but likely annotatable evidence proxy for degradation modeling,low_but_annotatable_proxy__marbled__pose_unmarked,low_but_annotatable_proxy,batch_002,none,unknown,none,51_75,yes,yes,yes,moderate,none,overexposed,yes,low,frontal_or_rear_view,no,complete,Rear IR view with overexposed body; no useful pattern but labels are stable.,range_050_099,no
czlx_phase6_v2_0072,data/review_images/czechlynx/phase6_unique_500_v2_balanced/czlx_phase6_v2_0072.jpg,czlx_phase6_v2_0072,low-quality but likely annotatable evidence proxy for degradation modeling,low_but_annotatable_proxy__coat_unknown__pose_unmarked,low_but_annotatable_proxy,batch_002,low,unknown,low,76_100,no,no,no,moderate,partial,underexposed,yes,low,low_contrast,no,complete,Dark IR side/oblique view with eye shine; some spots visible but low contrast.,range_050_099,no
czlx_phase6_v2_0073,images/czlx_phase6_v2_0073.jpg,czlx_phase6_v2_0073,low-quality but likely annotatable evidence proxy for degradation modeling,low_but_annotatable_proxy__coat_unknown__pose_unmarked,low_but_annotatable_proxy,batch_002,none,unknown,none,0_25,yes,unknown,yes,severe,major,overexposed,yes,low,overexposed,no,complete,Extremely overexposed close body; body region and stable factor assignment need review.,range_050_099,yes
czlx_phase6_v2_0074,data/review_images/czechlynx/phase6_unique_500_v2_balanced/czlx_phase6_v2_0074.jpg,czlx_phase6_v2_0074,low-quality but likely annotatable evidence proxy for degradation modeling,low_but_annotatable_proxy__coat_unknown__pose_train,low_but_annotatable_proxy,batch_002,high,right,high,76_100,no,no,no,none,none,underexposed,no,good,none,no,complete,Dark but clear color side view with strong spotted pattern.,range_050_099,no
czlx_phase6_v2_0075,data/review_images/czechlynx/phase6_unique_500_v2_balanced/czlx_phase6_v2_0075.jpg,czlx_phase6_v2_0075,low-quality but likely annotatable evidence proxy for degradation modeling,low_but_annotatable_proxy__spotted__pose_unmarked,low_but_annotatable_proxy,batch_002,low,right,low,76_100,no,no,no,moderate,none,overexposed,yes,low,low_contrast,no,complete,IR side view with washed/low-contrast pattern; body and side labels stable.,range_050_099,no
czlx_phase6_v2_0076,images/czlx_phase6_v2_0076.jpg,czlx_phase6_v2_0076,low-quality but likely annotatable evidence proxy for degradation modeling,low_but_annotatable_proxy__spotted__pose_unmarked,low_but_annotatable_proxy,batch_002,none,unknown,none,0_25,yes,unknown,no,moderate,major,normal,no,low,partial_body,no,complete,Only head/ear top and very small body region visible; body fraction/side labels need review.,range_050_099,yes
czlx_phase6_v2_0077,data/review_images/czechlynx/phase6_unique_500_v2_balanced/czlx_phase6_v2_0077.jpg,czlx_phase6_v2_0077,low-quality but likely annotatable evidence proxy for degradation modeling,low_but_annotatable_proxy__coat_unknown__pose_unmarked,low_but_annotatable_proxy,batch_002,low,right,low,76_100,no,no,no,moderate,partial,underexposed,yes,low,low_contrast,no,complete,"Very low-contrast IR side view; body visible and labels stable, but pattern weak.",range_050_099,no
czlx_phase6_v2_0078,data/review_images/czechlynx/phase6_unique_500_v2_balanced/czlx_phase6_v2_0078.jpg,czlx_phase6_v2_0078,low-quality but likely annotatable evidence proxy for degradation modeling,low_but_annotatable_proxy__coat_unknown__pose_unmarked,low_but_annotatable_proxy,batch_002,high,right,high,76_100,no,no,no,none,partial,normal,no,good,none,no,complete,Clear color side view with strong pattern; minor occlusion by rocks.,range_050_099,no
czlx_phase6_v2_0079,data/review_images/czechlynx/phase6_unique_500_v2_balanced/czlx_phase6_v2_0079.jpg,czlx_phase6_v2_0079,low-quality but likely annotatable evidence proxy for degradation modeling,low_but_annotatable_proxy__spotted__pose_unmarked,low_but_annotatable_proxy,batch_002,high,unknown,medium,26_50,yes,unknown,no,mild,none,normal,no,good,partial_body,no,complete,Close crop of spotted flank; high pattern evidence but only partial body/side region.,range_050_099,no
czlx_phase6_v2_0080,data/review_images/czechlynx/phase6_unique_500_v2_balanced/czlx_phase6_v2_0080.jpg,czlx_phase6_v2_0080,low-quality but likely annotatable evidence proxy for degradation modeling,low_but_annotatable_proxy__spotted__pose_unmarked,low_but_annotatable_proxy,batch_002,medium,right,medium,76_100,no,no,no,moderate,partial,overexposed,yes,low,overexposed,no,complete,"IR side body, overexposed and hazy but spots/body are still labelable.",range_050_099,no
czlx_phase6_v2_0081,data/review_images/czechlynx/phase6_unique_500_v2_balanced/czlx_phase6_v2_0081.jpg,czlx_phase6_v2_0081,low-quality but likely annotatable evidence proxy for degradation modeling,low_but_annotatable_proxy__coat_unknown__pose_unmarked,low_but_annotatable_proxy,batch_002,medium,right,medium,76_100,no,no,no,mild,none,underexposed,no,low,low_contrast,no,complete,Dark color side view; pattern visible but low contrast.,range_050_099,no
czlx_phase6_v2_0082,data/review_images/czechlynx/phase6_unique_500_v2_balanced/czlx_phase6_v2_0082.jpg,czlx_phase6_v2_0082,medium-quality evidence proxy with moderate degradation or ordinary variation,medium_evidence_proxy__coat_unknown__pose_unmarked,medium_evidence_proxy,batch_002,high,right,high,76_100,no,no,no,mild,partial,overexposed,yes,good,none,no,complete,Bright IR side view with clear spots; mild partial occlusion.,range_050_099,no
czlx_phase6_v2_0083,data/review_images/czechlynx/phase6_unique_500_v2_balanced/czlx_phase6_v2_0083.jpg,czlx_phase6_v2_0083,medium-quality evidence proxy with moderate degradation or ordinary variation,medium_evidence_proxy__coat_unknown__pose_train,medium_evidence_proxy,batch_002,medium,right,medium,76_100,no,no,no,mild,none,underexposed,no,low,low_contrast,no,complete,Dark forest side view; pattern visible but reduced by shadows.,range_050_099,no
czlx_phase6_v2_0084,data/review_images/czechlynx/phase6_unique_500_v2_balanced/czlx_phase6_v2_0084.jpg,czlx_phase6_v2_0084,medium-quality evidence proxy with moderate degradation or ordinary variation,medium_evidence_proxy__coat_unknown__pose_unmarked,medium_evidence_proxy,batch_002,high,unknown,medium,76_100,no,yes,no,mild,partial,overexposed,no,good,frontal_or_rear_view,no,complete,Rear/oblique color view; clear pattern on rump but side comparability limited.,range_050_099,no
czlx_phase6_v2_0085,data/review_images/czechlynx/phase6_unique_500_v2_balanced/czlx_phase6_v2_0085.jpg,czlx_phase6_v2_0085,medium-quality evidence proxy with moderate degradation or ordinary variation,medium_evidence_proxy__marbled__pose_train,medium_evidence_proxy,batch_002,high,right,high,76_100,no,no,no,mild,none,overexposed,no,good,none,no,complete,"Bright color side view; strong spots, minor exposure issue.",range_050_099,no
czlx_phase6_v2_0086,data/review_images/czechlynx/phase6_unique_500_v2_balanced/czlx_phase6_v2_0086.jpg,czlx_phase6_v2_0086,medium-quality evidence proxy with moderate degradation or ordinary variation,medium_evidence_proxy__coat_unknown__pose_unmarked,medium_evidence_proxy,batch_002,high,left,high,76_100,no,no,no,none,none,normal,no,good,none,no,complete,Clear color side view in forest/rocks; strong pattern.,range_050_099,no
czlx_phase6_v2_0087,data/review_images/czechlynx/phase6_unique_500_v2_balanced/czlx_phase6_v2_0087.jpg,czlx_phase6_v2_0087,medium-quality evidence proxy with moderate degradation or ordinary variation,medium_evidence_proxy__coat_unknown__pose_test,medium_evidence_proxy,batch_002,high,right,high,76_100,no,no,no,mild,none,overexposed,no,good,none,no,complete,Bright color side view with high pattern visibility.,range_050_099,no
czlx_phase6_v2_0088,data/review_images/czechlynx/phase6_unique_500_v2_balanced/czlx_phase6_v2_0088.jpg,czlx_phase6_v2_0088,medium-quality evidence proxy with moderate degradation or ordinary variation,medium_evidence_proxy__coat_unknown__pose_unmarked,medium_evidence_proxy,batch_002,high,unknown,medium,51_75,yes,yes,no,mild,none,normal,yes,good,frontal_or_rear_view,no,complete,Rear IR view with clear spotted rump; not side-comparable.,range_050_099,no
czlx_phase6_v2_0089,data/review_images/czechlynx/phase6_unique_500_v2_balanced/czlx_phase6_v2_0089.jpg,czlx_phase6_v2_0089,medium-quality evidence proxy with moderate degradation or ordinary variation,medium_evidence_proxy__coat_unknown__pose_unmarked,medium_evidence_proxy,batch_002,high,unknown,medium,76_100,no,yes,no,mild,partial,normal,no,good,frontal_or_rear_view,no,complete,Rear/oblique color view; strong pattern but limited side evidence.,range_050_099,no
czlx_phase6_v2_0090,data/review_images/czechlynx/phase6_unique_500_v2_balanced/czlx_phase6_v2_0090.jpg,czlx_phase6_v2_0090,medium-quality evidence proxy with moderate degradation or ordinary variation,medium_evidence_proxy__spotted__pose_unmarked,medium_evidence_proxy,batch_002,low,unknown,low,51_75,yes,unknown,no,severe,none,overexposed,no,low,blur,no,complete,Extremely blurred close body crop; low pattern evidence but quality fields are stable.,range_050_099,no
czlx_phase6_v2_0091,data/review_images/czechlynx/phase6_unique_500_v2_balanced/czlx_phase6_v2_0091.jpg,czlx_phase6_v2_0091,medium-quality evidence proxy with moderate degradation or ordinary variation,medium_evidence_proxy__coat_unknown__pose_test,medium_evidence_proxy,batch_002,medium,right,medium,76_100,no,no,no,mild,partial,underexposed,no,low,low_contrast,no,complete,Dark color side view with visible pattern; low contrast and terrain reduce clarity.,range_050_099,no
czlx_phase6_v2_0092,data/review_images/czechlynx/phase6_unique_500_v2_balanced/czlx_phase6_v2_0092.jpg,czlx_phase6_v2_0092,medium-quality evidence proxy with moderate degradation or ordinary variation,medium_evidence_proxy__spotted__pose_unmarked,medium_evidence_proxy,batch_002,medium,unknown,medium,51_75,yes,yes,no,mild,partial,normal,yes,good,partial_body,no,complete,Partial IR frame with spotted body and head; limited side comparability.,range_050_099,no
czlx_phase6_v2_0093,data/review_images/czechlynx/phase6_unique_500_v2_balanced/czlx_phase6_v2_0093.jpg,czlx_phase6_v2_0093,medium-quality evidence proxy with moderate degradation or ordinary variation,medium_evidence_proxy__spotted__pose_unmarked,medium_evidence_proxy,batch_002,medium,right,medium,76_100,no,no,no,moderate,none,normal,yes,low,blur,no,complete,IR side view; moderate blur/low contrast but body and spots visible.,range_050_099,no
czlx_phase6_v2_0094,data/review_images/czechlynx/phase6_unique_500_v2_balanced/czlx_phase6_v2_0094.jpg,czlx_phase6_v2_0094,medium-quality evidence proxy with moderate degradation or ordinary variation,medium_evidence_proxy__coat_unknown__pose_unmarked,medium_evidence_proxy,batch_002,high,right,high,76_100,no,no,no,mild,none,normal,yes,good,none,no,complete,Clear IR side view with strong pattern.,range_050_099,no
czlx_phase6_v2_0095,data/review_images/czechlynx/phase6_unique_500_v2_balanced/czlx_phase6_v2_0095.jpg,czlx_phase6_v2_0095,medium-quality evidence proxy with moderate degradation or ordinary variation,medium_evidence_proxy__spotted__pose_unmarked,medium_evidence_proxy,batch_002,high,unknown,medium,76_100,no,yes,no,mild,none,normal,yes,good,frontal_or_rear_view,no,complete,Oblique/rear IR body with strong pattern but limited side comparability.,range_050_099,no
czlx_phase6_v2_0096,data/review_images/czechlynx/phase6_unique_500_v2_balanced/czlx_phase6_v2_0096.jpg,czlx_phase6_v2_0096,medium-quality evidence proxy with moderate degradation or ordinary variation,medium_evidence_proxy__spotted__pose_unmarked,medium_evidence_proxy,batch_002,medium,right,medium,51_75,yes,no,no,moderate,partial,normal,yes,low,blur,no,complete,Partial IR side/rear crop; pattern visible but blurred/cropped.,range_050_099,no
czlx_phase6_v2_0097,data/review_images/czechlynx/phase6_unique_500_v2_balanced/czlx_phase6_v2_0097.jpg,czlx_phase6_v2_0097,medium-quality evidence proxy with moderate degradation or ordinary variation,medium_evidence_proxy__coat_unknown__pose_unmarked,medium_evidence_proxy,batch_002,high,left,high,76_100,no,no,no,none,none,normal,no,good,none,no,complete,Clear color side view in snow with strong pattern.,range_050_099,no
czlx_phase6_v2_0098,data/review_images/czechlynx/phase6_unique_500_v2_balanced/czlx_phase6_v2_0098.jpg,czlx_phase6_v2_0098,medium-quality evidence proxy with moderate degradation or ordinary variation,medium_evidence_proxy__coat_unknown__pose_unmarked,medium_evidence_proxy,batch_002,high,right,high,76_100,no,no,no,mild,partial,normal,no,good,none,no,complete,Color side view with strong spots; some vegetation/pose occlusion.,range_050_099,no
czlx_phase6_v2_0099,data/review_images/czechlynx/phase6_unique_500_v2_balanced/czlx_phase6_v2_0099.jpg,czlx_phase6_v2_0099,medium-quality evidence proxy with moderate degradation or ordinary variation,medium_evidence_proxy__coat_unknown__pose_unmarked,medium_evidence_proxy,batch_002,high,right,high,76_100,no,no,no,mild,partial,normal,no,good,none,no,complete,Color side view with strong pattern; minor partial occlusion.,range_050_099,no
czlx_phase6_v2_0100,data/review_images/czechlynx/phase6_unique_500_v2_balanced/czlx_phase6_v2_0100.jpg,czlx_phase6_v2_0100,extreme visual condition proxy; retained under strict cap for defer/exclude modeling,extreme_hard_proxy__coat_unknown__pose_unmarked,extreme_hard_proxy,batch_003,medium,right,medium,51_75,yes,no,no,moderate,partial,underexposed,no,low,blur,no,complete,"Dark color side crop; spots visible but blur, crop, and low contrast reduce evidence.",range_100_149,no
czlx_phase6_v2_0101,images/czlx_phase6_v2_0101.jpg,czlx_phase6_v2_0101,extreme visual condition proxy; retained under strict cap for defer/exclude modeling,extreme_hard_proxy__coat_unknown__pose_unmarked,extreme_hard_proxy,batch_003,none,unknown,none,0_25,yes,yes,yes,severe,major,underexposed,yes,low,pattern_not_visible,no,complete,Very dark eye-shine/small body evidence only; body fraction and side labels are unstable.,range_100_149,yes
czlx_phase6_v2_0102,data/review_images/czechlynx/phase6_unique_500_v2_balanced/czlx_phase6_v2_0102.jpg,czlx_phase6_v2_0102,extreme visual condition proxy; retained under strict cap for defer/exclude modeling,extreme_hard_proxy__spotted__pose_unmarked,extreme_hard_proxy,batch_003,high,right,high,76_100,no,no,no,mild,none,underexposed,no,good,none,no,complete,Clear dark color side/seated view with strong spotted pattern.,range_100_149,no
czlx_phase6_v2_0103,images/czlx_phase6_v2_0103.jpg,czlx_phase6_v2_0103,extreme visual condition proxy; retained under strict cap for defer/exclude modeling,extreme_hard_proxy__spotted__pose_unmarked,extreme_hard_proxy,batch_003,none,unknown,none,0_25,yes,yes,yes,severe,major,underexposed,yes,low,pattern_not_visible,no,complete,Almost no visible body detail beyond a faint vertical form; stable visual-factor annotation needs review.,range_100_149,yes
czlx_phase6_v2_0104,data/review_images/czechlynx/phase6_unique_500_v2_balanced/czlx_phase6_v2_0104.jpg,czlx_phase6_v2_0104,extreme visual condition proxy; retained under strict cap for defer/exclude modeling,extreme_hard_proxy__marbled__pose_unmarked,extreme_hard_proxy,batch_003,medium,right,medium,51_75,yes,no,no,mild,partial,overexposed,no,low,overexposed,no,complete,Overexposed close body crop; spots visible but washed out and body is partial.,range_100_149,no
czlx_phase6_v2_0105,data/review_images/czechlynx/phase6_unique_500_v2_balanced/czlx_phase6_v2_0105.jpg,czlx_phase6_v2_0105,extreme visual condition proxy; retained under strict cap for defer/exclude modeling,extreme_hard_proxy__coat_unknown__pose_test,extreme_hard_proxy,batch_003,low,unknown,low,76_100,no,no,no,moderate,partial,underexposed,no,low,low_contrast,no,complete,"Dark side/oblique view; body visible, but low contrast weakens pattern.",range_100_149,no
czlx_phase6_v2_0106,data/review_images/czechlynx/phase6_unique_500_v2_balanced/czlx_phase6_v2_0106.jpg,czlx_phase6_v2_0106,clearer image-quality proxy for normal evidence behavior,high_evidence_proxy__coat_unknown__pose_train,high_evidence_proxy,batch_003,high,right,high,76_100,no,no,no,none,none,normal,no,good,none,no,complete,Clear color side view with high pattern visibility.,range_100_149,no
czlx_phase6_v2_0107,data/review_images/czechlynx/phase6_unique_500_v2_balanced/czlx_phase6_v2_0107.jpg,czlx_phase6_v2_0107,clearer image-quality proxy for normal evidence behavior,high_evidence_proxy__spotted__pose_unmarked,high_evidence_proxy,batch_003,medium,right,medium,76_100,no,no,no,moderate,partial,overexposed,no,low,blur,no,complete,Color side view with visible spots but motion blur and overexposure reduce sharpness.,range_100_149,no
czlx_phase6_v2_0108,data/review_images/czechlynx/phase6_unique_500_v2_balanced/czlx_phase6_v2_0108.jpg,czlx_phase6_v2_0108,clearer image-quality proxy for normal evidence behavior,high_evidence_proxy__spotted__pose_unmarked,high_evidence_proxy,batch_003,high,unknown,medium,51_75,yes,unknown,no,mild,partial,normal,yes,good,partial_body,no,complete,Close IR crop of spotted lower body; pattern strong but body region/side comparability limited.,range_100_149,no
czlx_phase6_v2_0109,data/review_images/czechlynx/phase6_unique_500_v2_balanced/czlx_phase6_v2_0109.jpg,czlx_phase6_v2_0109,clearer image-quality proxy for normal evidence behavior,high_evidence_proxy__coat_unknown__pose_test,high_evidence_proxy,batch_003,medium,unknown,medium,76_100,no,yes,no,mild,partial,normal,no,good,frontal_or_rear_view,no,complete,Rear/oblique standing view with visible pattern; not a clean side comparison.,range_100_149,no
czlx_phase6_v2_0110,data/review_images/czechlynx/phase6_unique_500_v2_balanced/czlx_phase6_v2_0110.jpg,czlx_phase6_v2_0110,clearer image-quality proxy for normal evidence behavior,high_evidence_proxy__marbled__pose_unmarked,high_evidence_proxy,batch_003,medium,left,medium,76_100,no,no,no,mild,partial,normal,no,good,occlusion,no,complete,Resting side/oblique view; pattern visible but posture and vegetation reduce flank comparability.,range_100_149,no
czlx_phase6_v2_0111,data/review_images/czechlynx/phase6_unique_500_v2_balanced/czlx_phase6_v2_0111.jpg,czlx_phase6_v2_0111,clearer image-quality proxy for normal evidence behavior,high_evidence_proxy__spotted__pose_unmarked,high_evidence_proxy,batch_003,medium,right,medium,76_100,no,no,no,moderate,partial,overexposed,no,low,overexposed,no,complete,Overexposed color side view; spots visible but washed and partly occluded by tree.,range_100_149,no
czlx_phase6_v2_0112,data/review_images/czechlynx/phase6_unique_500_v2_balanced/czlx_phase6_v2_0112.jpg,czlx_phase6_v2_0112,clearer image-quality proxy for normal evidence behavior,high_evidence_proxy__coat_unknown__pose_unmarked,high_evidence_proxy,batch_003,medium,right,medium,76_100,no,no,no,mild,partial,normal,no,low,low_contrast,no,complete,Side view with body visible; shadows/vegetation lower contrast but labels are stable.,range_100_149,no
czlx_phase6_v2_0113,data/review_images/czechlynx/phase6_unique_500_v2_balanced/czlx_phase6_v2_0113.jpg,czlx_phase6_v2_0113,clearer image-quality proxy for normal evidence behavior,high_evidence_proxy__coat_unknown__pose_unmarked,high_evidence_proxy,batch_003,high,right,high,76_100,no,no,no,none,none,overexposed,no,good,none,no,complete,Bright side view with clear flank pattern.,range_100_149,no
czlx_phase6_v2_0114,data/review_images/czechlynx/phase6_unique_500_v2_balanced/czlx_phase6_v2_0114.jpg,czlx_phase6_v2_0114,clearer image-quality proxy for normal evidence behavior,high_evidence_proxy__marbled__pose_unmarked,high_evidence_proxy,batch_003,medium,unknown,low,51_75,yes,yes,no,moderate,none,normal,yes,low,frontal_or_rear_view,no,complete,Rear IR view with body visible; flank evidence limited.,range_100_149,no
czlx_phase6_v2_0115,data/review_images/czechlynx/phase6_unique_500_v2_balanced/czlx_phase6_v2_0115.jpg,czlx_phase6_v2_0115,clearer image-quality proxy for normal evidence behavior,high_evidence_proxy__coat_unknown__pose_unmarked,high_evidence_proxy,batch_003,high,right,high,76_100,no,no,no,mild,none,overexposed,no,good,none,no,complete,Bright color side view with strong spots.,range_100_149,no
czlx_phase6_v2_0116,data/review_images/czechlynx/phase6_unique_500_v2_balanced/czlx_phase6_v2_0116.jpg,czlx_phase6_v2_0116,clearer image-quality proxy for normal evidence behavior,high_evidence_proxy__spotted__pose_train,high_evidence_proxy,batch_003,medium,left,medium,76_100,no,no,no,mild,none,normal,no,low,low_contrast,no,complete,Side silhouette/backlit view; spots visible but reduced by shadow and low contrast.,range_100_149,no
czlx_phase6_v2_0117,data/review_images/czechlynx/phase6_unique_500_v2_balanced/czlx_phase6_v2_0117.jpg,czlx_phase6_v2_0117,clearer image-quality proxy for normal evidence behavior,high_evidence_proxy__spotted__pose_unmarked,high_evidence_proxy,batch_003,high,unknown,medium,76_100,no,no,no,mild,none,normal,yes,good,none,no,complete,IR oblique side/frontal view with strong spots; side label less exact but evidence clear.,range_100_149,no
czlx_phase6_v2_0118,data/review_images/czechlynx/phase6_unique_500_v2_balanced/czlx_phase6_v2_0118.jpg,czlx_phase6_v2_0118,clearer image-quality proxy for normal evidence behavior,high_evidence_proxy__spotted__pose_unmarked,high_evidence_proxy,batch_003,high,right,high,76_100,no,no,no,mild,partial,normal,no,good,none,no,complete,Color side view with strong spotted pattern; minor terrain/pose limitation.,range_100_149,no
czlx_phase6_v2_0119,data/review_images/czechlynx/phase6_unique_500_v2_balanced/czlx_phase6_v2_0119.jpg,czlx_phase6_v2_0119,clearer image-quality proxy for normal evidence behavior,high_evidence_proxy__spotted__pose_unmarked,high_evidence_proxy,batch_003,high,right,high,76_100,no,no,no,mild,partial,normal,yes,good,none,no,complete,IR side/oblique view with clear flank spots.,range_100_149,no
czlx_phase6_v2_0120,data/review_images/czechlynx/phase6_unique_500_v2_balanced/czlx_phase6_v2_0120.jpg,czlx_phase6_v2_0120,clearer image-quality proxy for normal evidence behavior,high_evidence_proxy__coat_unknown__pose_unmarked,high_evidence_proxy,batch_003,medium,left,medium,76_100,no,no,no,moderate,partial,normal,no,low,blur,no,complete,Close color side view; spots visible but motion blur and crop reduce evidence.,range_100_149,no
czlx_phase6_v2_0121,data/review_images/czechlynx/phase6_unique_500_v2_balanced/czlx_phase6_v2_0121.jpg,czlx_phase6_v2_0121,low-quality but likely annotatable evidence proxy for degradation modeling,low_but_annotatable_proxy__coat_unknown__pose_unmarked,low_but_annotatable_proxy,batch_003,none,unknown,none,26_50,yes,yes,yes,severe,partial,underexposed,no,low,frontal_or_rear_view,no,complete,"Dark rear/partial-body view; no useful pattern, but rear/partial state is stable.",range_100_149,no
czlx_phase6_v2_0122,data/review_images/czechlynx/phase6_unique_500_v2_balanced/czlx_phase6_v2_0122.jpg,czlx_phase6_v2_0122,low-quality but likely annotatable evidence proxy for degradation modeling,low_but_annotatable_proxy__spotted__pose_train,low_but_annotatable_proxy,batch_003,high,right,high,76_100,no,no,no,mild,none,normal,no,good,none,no,complete,Color side view with clear pattern.,range_100_149,no
czlx_phase6_v2_0123,images/czlx_phase6_v2_0123.jpg,czlx_phase6_v2_0123,low-quality but likely annotatable evidence proxy for degradation modeling,low_but_annotatable_proxy__spotted__pose_unmarked,low_but_annotatable_proxy,batch_003,none,right,none,0_25,yes,yes,yes,moderate,major,normal,yes,low,partial_body,no,complete,Tiny distant/partial animal silhouette; body fraction and side visibility need review.,range_100_149,yes
czlx_phase6_v2_0124,images/czlx_phase6_v2_0124.jpg,czlx_phase6_v2_0124,low-quality but likely annotatable evidence proxy for degradation modeling,low_but_annotatable_proxy__coat_unknown__pose_unmarked,low_but_annotatable_proxy,batch_003,none,right,none,26_50,yes,yes,yes,severe,major,normal,yes,low,blur,no,complete,Close blurred IR body stripes/fragment; side and body-region labels are not stable.,range_100_149,yes
czlx_phase6_v2_0125,data/review_images/czechlynx/phase6_unique_500_v2_balanced/czlx_phase6_v2_0125.jpg,czlx_phase6_v2_0125,low-quality but likely annotatable evidence proxy for degradation modeling,low_but_annotatable_proxy__coat_unknown__pose_unmarked,low_but_annotatable_proxy,batch_003,medium,right,medium,76_100,no,no,no,moderate,partial,normal,no,low,blur,no,complete,Snow side view with visible spots but blur/low contrast reduce pattern sharpness.,range_100_149,no
czlx_phase6_v2_0126,data/review_images/czechlynx/phase6_unique_500_v2_balanced/czlx_phase6_v2_0126.jpg,czlx_phase6_v2_0126,low-quality but likely annotatable evidence proxy for degradation modeling,low_but_annotatable_proxy__coat_unknown__pose_unmarked,low_but_annotatable_proxy,batch_003,low,unknown,low,51_75,yes,no,no,moderate,partial,normal,yes,low,occlusion,no,complete,"IR partial side/body in grass; body visible, pattern weak due to occlusion and low contrast.",range_100_149,no
czlx_phase6_v2_0127,data/review_images/czechlynx/phase6_unique_500_v2_balanced/czlx_phase6_v2_0127.jpg,czlx_phase6_v2_0127,low-quality but likely annotatable evidence proxy for degradation modeling,low_but_annotatable_proxy__spotted__pose_train,low_but_annotatable_proxy,batch_003,medium,right,medium,76_100,no,no,no,mild,none,normal,no,low,low_contrast,no,complete,Snow side view with visible body pattern but distance/low contrast reduce detail.,range_100_149,no
czlx_phase6_v2_0128,data/review_images/czechlynx/phase6_unique_500_v2_balanced/czlx_phase6_v2_0128.jpg,czlx_phase6_v2_0128,low-quality but likely annotatable evidence proxy for degradation modeling,low_but_annotatable_proxy__coat_unknown__pose_test,low_but_annotatable_proxy,batch_003,low,right,low,51_75,yes,no,no,severe,partial,underexposed,yes,low,blur,no,complete,Dark blurred IR side crop; low pattern evidence but factor labels are stable enough.,range_100_149,no
czlx_phase6_v2_0129,images/czlx_phase6_v2_0129.jpg,czlx_phase6_v2_0129,low-quality but likely annotatable evidence proxy for degradation modeling,low_but_annotatable_proxy__marbled__pose_unmarked,low_but_annotatable_proxy,batch_003,low,right,low,26_50,yes,yes,no,severe,partial,normal,yes,low,blur,no,complete,Close blurred partial IR body; side/body-region labels are uncertain.,range_100_149,yes
czlx_phase6_v2_0130,images/czlx_phase6_v2_0130.jpg,czlx_phase6_v2_0130,low-quality but likely annotatable evidence proxy for degradation modeling,low_but_annotatable_proxy__spotted__pose_unmarked,low_but_annotatable_proxy,batch_003,medium,left,medium,26_50,yes,yes,no,mild,partial,normal,no,good,partial_body,no,complete,Vertical close partial body/tail crop; side and body-fraction labeling need review.,range_100_149,yes
czlx_phase6_v2_0131,data/review_images/czechlynx/phase6_unique_500_v2_balanced/czlx_phase6_v2_0131.jpg,czlx_phase6_v2_0131,low-quality but likely annotatable evidence proxy for degradation modeling,low_but_annotatable_proxy__coat_unknown__pose_unmarked,low_but_annotatable_proxy,batch_003,medium,right,medium,51_75,yes,no,no,moderate,partial,underexposed,no,low,blur,no,complete,"Dark cropped side/rear body; spots visible, but blur and crop limit quality.",range_100_149,no
czlx_phase6_v2_0132,data/review_images/czechlynx/phase6_unique_500_v2_balanced/czlx_phase6_v2_0132.jpg,czlx_phase6_v2_0132,medium-quality evidence proxy with moderate degradation or ordinary variation,medium_evidence_proxy__spotted__pose_unmarked,medium_evidence_proxy,batch_003,low,unknown,low,51_75,yes,no,no,moderate,partial,normal,yes,low,occlusion,no,complete,IR body partly hidden behind vegetation; low pattern evidence but label stable.,range_100_149,no
czlx_phase6_v2_0133,data/review_images/czechlynx/phase6_unique_500_v2_balanced/czlx_phase6_v2_0133.jpg,czlx_phase6_v2_0133,medium-quality evidence proxy with moderate degradation or ordinary variation,medium_evidence_proxy__spotted__pose_unmarked,medium_evidence_proxy,batch_003,low,left,low,51_75,yes,no,no,moderate,partial,overexposed,no,low,overexposed,no,complete,Overexposed close side/front crop; body visible but pattern washed.,range_100_149,no
czlx_phase6_v2_0134,data/review_images/czechlynx/phase6_unique_500_v2_balanced/czlx_phase6_v2_0134.jpg,czlx_phase6_v2_0134,medium-quality evidence proxy with moderate degradation or ordinary variation,medium_evidence_proxy__spotted__pose_unmarked,medium_evidence_proxy,batch_003,high,right,high,76_100,no,no,no,mild,partial,normal,yes,good,none,no,complete,IR side view with clear spots; minor foreground/terrain occlusion.,range_100_149,no
czlx_phase6_v2_0135,data/review_images/czechlynx/phase6_unique_500_v2_balanced/czlx_phase6_v2_0135.jpg,czlx_phase6_v2_0135,medium-quality evidence proxy with moderate degradation or ordinary variation,medium_evidence_proxy__spotted__pose_train,medium_evidence_proxy,batch_003,medium,right,medium,76_100,no,no,no,mild,none,underexposed,yes,low,low_contrast,no,complete,Dark IR side view; spots visible but contrast is reduced.,range_100_149,no
czlx_phase6_v2_0136,data/review_images/czechlynx/phase6_unique_500_v2_balanced/czlx_phase6_v2_0136.jpg,czlx_phase6_v2_0136,medium-quality evidence proxy with moderate degradation or ordinary variation,medium_evidence_proxy__coat_unknown__pose_train,medium_evidence_proxy,batch_003,medium,right,medium,76_100,no,no,no,mild,none,overexposed,no,low,overexposed,no,complete,Yellow/overexposed side view; pattern visible but contrast altered.,range_100_149,no
czlx_phase6_v2_0137,data/review_images/czechlynx/phase6_unique_500_v2_balanced/czlx_phase6_v2_0137.jpg,czlx_phase6_v2_0137,medium-quality evidence proxy with moderate degradation or ordinary variation,medium_evidence_proxy__spotted__pose_unmarked,medium_evidence_proxy,batch_003,high,right,high,76_100,no,no,no,mild,partial,normal,yes,good,none,no,complete,IR side/rump view with strong spot visibility.,range_100_149,no
czlx_phase6_v2_0138,images/czlx_phase6_v2_0138.jpg,czlx_phase6_v2_0138,medium-quality evidence proxy with moderate degradation or ordinary variation,medium_evidence_proxy__spotted__pose_unmarked,medium_evidence_proxy,batch_003,high,left,medium,26_50,yes,yes,no,mild,partial,normal,no,good,partial_body,no,complete,Close partial spotted flank with tree/edge; side/body fraction uncertain.,range_100_149,yes
czlx_phase6_v2_0139,data/review_images/czechlynx/phase6_unique_500_v2_balanced/czlx_phase6_v2_0139.jpg,czlx_phase6_v2_0139,medium-quality evidence proxy with moderate degradation or ordinary variation,medium_evidence_proxy__spotted__pose_unmarked,medium_evidence_proxy,batch_003,high,right,high,76_100,no,no,no,mild,partial,normal,no,good,none,no,complete,Color side view in snow with strong pattern.,range_100_149,no
czlx_phase6_v2_0140,data/review_images/czechlynx/phase6_unique_500_v2_balanced/czlx_phase6_v2_0140.jpg,czlx_phase6_v2_0140,medium-quality evidence proxy with moderate degradation or ordinary variation,medium_evidence_proxy__spotted__pose_unmarked,medium_evidence_proxy,batch_003,high,right,high,76_100,no,no,no,none,none,normal,no,good,none,no,complete,Clear color side view with high pattern visibility.,range_100_149,no
czlx_phase6_v2_0141,data/review_images/czechlynx/phase6_unique_500_v2_balanced/czlx_phase6_v2_0141.jpg,czlx_phase6_v2_0141,medium-quality evidence proxy with moderate degradation or ordinary variation,medium_evidence_proxy__coat_unknown__pose_unmarked,medium_evidence_proxy,batch_003,high,right,high,76_100,no,no,no,none,none,normal,yes,good,none,no,complete,Clear IR side view with high pattern visibility.,range_100_149,no
czlx_phase6_v2_0142,images/czlx_phase6_v2_0142.jpg,czlx_phase6_v2_0142,medium-quality evidence proxy with moderate degradation or ordinary variation,medium_evidence_proxy__spotted__pose_unmarked,medium_evidence_proxy,batch_003,medium,left,medium,51_75,yes,yes,no,mild,partial,normal,no,good,partial_body,no,complete,Close head/shoulder crop; pattern visible but side/body coverage and comparability are uncertain.,range_100_149,yes
czlx_phase6_v2_0143,data/review_images/czechlynx/phase6_unique_500_v2_balanced/czlx_phase6_v2_0143.jpg,czlx_phase6_v2_0143,medium-quality evidence proxy with moderate degradation or ordinary variation,medium_evidence_proxy__coat_unknown__pose_unmarked,medium_evidence_proxy,batch_003,low,unknown,low,51_75,yes,yes,no,moderate,partial,normal,yes,low,blur,no,complete,Blurred IR rear/side crop; low pattern evidence but general visual factors are stable.,range_100_149,no
czlx_phase6_v2_0144,data/review_images/czechlynx/phase6_unique_500_v2_balanced/czlx_phase6_v2_0144.jpg,czlx_phase6_v2_0144,medium-quality evidence proxy with moderate degradation or ordinary variation,medium_evidence_proxy__coat_unknown__pose_train,medium_evidence_proxy,batch_003,high,right,high,76_100,no,no,no,none,none,normal,no,good,none,no,complete,Clear color side view with strong spots.,range_100_149,no
czlx_phase6_v2_0145,images/czlx_phase6_v2_0145.jpg,czlx_phase6_v2_0145,medium-quality evidence proxy with moderate degradation or ordinary variation,medium_evidence_proxy__coat_unknown__pose_unmarked,medium_evidence_proxy,batch_003,none,left,none,51_75,yes,yes,yes,severe,major,overexposed,yes,low,overexposed,no,complete,Severely overexposed IR animal; body region and visibility labels need review.,range_100_149,yes
czlx_phase6_v2_0146,data/review_images/czechlynx/phase6_unique_500_v2_balanced/czlx_phase6_v2_0146.jpg,czlx_phase6_v2_0146,medium-quality evidence proxy with moderate degradation or ordinary variation,medium_evidence_proxy__coat_unknown__pose_unmarked,medium_evidence_proxy,batch_003,high,right,high,76_100,no,no,no,mild,partial,normal,yes,good,none,no,complete,IR side/rump view with strong spots; minor occlusion.,range_100_149,no
czlx_phase6_v2_0147,data/review_images/czechlynx/phase6_unique_500_v2_balanced/czlx_phase6_v2_0147.jpg,czlx_phase6_v2_0147,medium-quality evidence proxy with moderate degradation or ordinary variation,medium_evidence_proxy__spotted__pose_unmarked,medium_evidence_proxy,batch_003,medium,unknown,medium,51_75,yes,yes,no,mild,partial,normal,no,good,partial_body,no,complete,Partial rear/side body behind trees; pattern visible but not a full side view.,range_100_149,no
czlx_phase6_v2_0148,data/review_images/czechlynx/phase6_unique_500_v2_balanced/czlx_phase6_v2_0148.jpg,czlx_phase6_v2_0148,medium-quality evidence proxy with moderate degradation or ordinary variation,medium_evidence_proxy__coat_unknown__pose_unmarked,medium_evidence_proxy,batch_003,high,right,high,76_100,no,no,no,mild,partial,normal,yes,good,none,no,complete,IR side view with clear pattern; terrain/branch partial occlusion.,range_100_149,no
czlx_phase6_v2_0149,data/review_images/czechlynx/phase6_unique_500_v2_balanced/czlx_phase6_v2_0149.jpg,czlx_phase6_v2_0149,medium-quality evidence proxy with moderate degradation or ordinary variation,medium_evidence_proxy__marbled__pose_unmarked,medium_evidence_proxy,batch_003,medium,right,medium,51_75,yes,no,no,moderate,partial,normal,yes,low,blur,no,complete,Close IR side/body crop; spots visible but blur and crop limit evidence.,range_100_149,no
czlx_phase6_v2_0150,images/czlx_phase6_v2_0150.jpg,czlx_phase6_v2_0150,extreme visual condition proxy; retained under strict cap for defer/exclude modeling,extreme_hard_proxy__coat_unknown__pose_unmarked,extreme_hard_proxy,batch_004,none,unknown,none,0_25,yes,unknown,yes,severe,major,underexposed,yes,low,pattern_not_visible,no,complete,"Very dark/near-empty IR frame; only a faint body silhouette is visible, so side/body fields are unstable.",range_150_199,yes
czlx_phase6_v2_0151,data/review_images/czechlynx/phase6_unique_500_v2_balanced/czlx_phase6_v2_0151.jpg,czlx_phase6_v2_0151,extreme visual condition proxy; retained under strict cap for defer/exclude modeling,extreme_hard_proxy__coat_unknown__pose_unmarked,extreme_hard_proxy,batch_004,medium,unknown,medium,76_100,no,yes,no,mild,none,underexposed,no,low,frontal_or_rear_view,no,complete,"Rear/oblique color view; spots visible on rump/flank, but not a clean side-comparable view.",range_150_199,no
czlx_phase6_v2_0152,data/review_images/czechlynx/phase6_unique_500_v2_balanced/czlx_phase6_v2_0152.jpg,czlx_phase6_v2_0152,extreme visual condition proxy; retained under strict cap for defer/exclude modeling,extreme_hard_proxy__coat_unknown__pose_unmarked,extreme_hard_proxy,batch_004,medium,unknown,medium,76_100,no,yes,no,mild,partial,normal,yes,low,frontal_or_rear_view,no,complete,IR rear/frontal-biased view with visible markings; side evidence is limited but labels are stable.,range_150_199,no
czlx_phase6_v2_0153,images/czlx_phase6_v2_0153.jpg,czlx_phase6_v2_0153,extreme visual condition proxy; retained under strict cap for defer/exclude modeling,extreme_hard_proxy__coat_unknown__pose_unmarked,extreme_hard_proxy,batch_004,low,unknown,low,0_25,yes,yes,no,moderate,partial,underexposed,no,low,low_contrast,no,complete,Close dark body crop at image edge; side/body coverage and pattern visibility are uncertain.,range_150_199,yes
czlx_phase6_v2_0154,data/review_images/czechlynx/phase6_unique_500_v2_balanced/czlx_phase6_v2_0154.jpg,czlx_phase6_v2_0154,extreme visual condition proxy; retained under strict cap for defer/exclude modeling,extreme_hard_proxy__coat_unknown__pose_unmarked,extreme_hard_proxy,batch_004,high,right,high,76_100,no,no,no,mild,none,underexposed,no,good,none,no,complete,Dark color side view with clear spotted pattern.,range_150_199,no
czlx_phase6_v2_0155,data/review_images/czechlynx/phase6_unique_500_v2_balanced/czlx_phase6_v2_0155.jpg,czlx_phase6_v2_0155,extreme visual condition proxy; retained under strict cap for defer/exclude modeling,extreme_hard_proxy__coat_unknown__pose_unmarked,extreme_hard_proxy,batch_004,medium,left,medium,76_100,no,no,no,mild,partial,normal,yes,low,low_contrast,no,complete,IR side view; full body and spots visible but low contrast and mild occlusion reduce quality.,range_150_199,no
czlx_phase6_v2_0156,data/review_images/czechlynx/phase6_unique_500_v2_balanced/czlx_phase6_v2_0156.jpg,czlx_phase6_v2_0156,clearer image-quality proxy for normal evidence behavior,high_evidence_proxy__coat_unknown__pose_test,high_evidence_proxy,batch_004,high,left,high,76_100,no,no,no,none,partial,normal,no,good,none,no,complete,Clear color side view with strong pattern; slight terrain/pose obstruction only.,range_150_199,no
czlx_phase6_v2_0157,data/review_images/czechlynx/phase6_unique_500_v2_balanced/czlx_phase6_v2_0157.jpg,czlx_phase6_v2_0157,clearer image-quality proxy for normal evidence behavior,high_evidence_proxy__spotted__pose_unmarked,high_evidence_proxy,batch_004,high,left,high,76_100,no,no,no,mild,none,overexposed,no,good,none,no,complete,Bright color side view with high pattern visibility.,range_150_199,no
czlx_phase6_v2_0158,images/czlx_phase6_v2_0158.jpg,czlx_phase6_v2_0158,clearer image-quality proxy for normal evidence behavior,high_evidence_proxy__coat_unknown__pose_unmarked,high_evidence_proxy,batch_004,none,unknown,none,0_25,yes,yes,no,moderate,major,normal,no,low,occlusion,no,complete,Mostly occluding foreground/camera object; animal body is not clearly visible enough for stable fields.,range_150_199,yes
czlx_phase6_v2_0159,data/review_images/czechlynx/phase6_unique_500_v2_balanced/czlx_phase6_v2_0159.jpg,czlx_phase6_v2_0159,clearer image-quality proxy for normal evidence behavior,high_evidence_proxy__coat_unknown__pose_test,high_evidence_proxy,batch_004,high,unknown,medium,76_100,no,yes,no,mild,partial,normal,no,good,frontal_or_rear_view,no,complete,Close rear/oblique color view with clear pattern; side comparability limited.,range_150_199,no
czlx_phase6_v2_0160,data/review_images/czechlynx/phase6_unique_500_v2_balanced/czlx_phase6_v2_0160.jpg,czlx_phase6_v2_0160,clearer image-quality proxy for normal evidence behavior,high_evidence_proxy__coat_unknown__pose_test,high_evidence_proxy,batch_004,medium,unknown,medium,76_100,no,yes,no,mild,partial,normal,no,good,frontal_or_rear_view,no,complete,Rear/oblique feeding posture; spots visible but side evidence is not clean.,range_150_199,no
czlx_phase6_v2_0161,data/review_images/czechlynx/phase6_unique_500_v2_balanced/czlx_phase6_v2_0161.jpg,czlx_phase6_v2_0161,clearer image-quality proxy for normal evidence behavior,high_evidence_proxy__coat_unknown__pose_unmarked,high_evidence_proxy,batch_004,high,right,high,76_100,no,no,no,mild,partial,normal,no,good,none,no,complete,Color side view with strong pattern; vegetation partly occludes lower body.,range_150_199,no
czlx_phase6_v2_0162,data/review_images/czechlynx/phase6_unique_500_v2_balanced/czlx_phase6_v2_0162.jpg,czlx_phase6_v2_0162,clearer image-quality proxy for normal evidence behavior,high_evidence_proxy__coat_unknown__pose_unmarked,high_evidence_proxy,batch_004,high,right,high,76_100,no,no,no,mild,partial,normal,yes,good,none,no,complete,IR side view with clear spots; minor vertical obstruction.,range_150_199,no
czlx_phase6_v2_0163,data/review_images/czechlynx/phase6_unique_500_v2_balanced/czlx_phase6_v2_0163.jpg,czlx_phase6_v2_0163,clearer image-quality proxy for normal evidence behavior,high_evidence_proxy__spotted__pose_unmarked,high_evidence_proxy,batch_004,high,right,high,51_75,yes,no,no,moderate,partial,overexposed,no,good,partial_body,no,complete,"Close partial side crop with clear pattern, but body is cropped and somewhat blurred.",range_150_199,no
czlx_phase6_v2_0164,data/review_images/czechlynx/phase6_unique_500_v2_balanced/czlx_phase6_v2_0164.jpg,czlx_phase6_v2_0164,clearer image-quality proxy for normal evidence behavior,high_evidence_proxy__spotted__pose_unmarked,high_evidence_proxy,batch_004,high,right,high,76_100,no,no,no,mild,none,normal,yes,good,none,no,complete,IR side view with strong pattern visibility.,range_150_199,no
czlx_phase6_v2_0165,data/review_images/czechlynx/phase6_unique_500_v2_balanced/czlx_phase6_v2_0165.jpg,czlx_phase6_v2_0165,clearer image-quality proxy for normal evidence behavior,high_evidence_proxy__marbled__pose_unmarked,high_evidence_proxy,batch_004,low,left,low,51_75,yes,no,no,moderate,partial,normal,no,low,partial_body,no,complete,Partial side/body crop with visible but weak pattern; crop and blur limit evidence.,range_150_199,no
czlx_phase6_v2_0166,data/review_images/czechlynx/phase6_unique_500_v2_balanced/czlx_phase6_v2_0166.jpg,czlx_phase6_v2_0166,clearer image-quality proxy for normal evidence behavior,high_evidence_proxy__coat_unknown__pose_train,high_evidence_proxy,batch_004,medium,right,medium,76_100,no,no,no,mild,partial,normal,no,good,occlusion,no,complete,Color side view with visible spots; partial body edge/crop but labels are stable.,range_150_199,no
czlx_phase6_v2_0167,data/review_images/czechlynx/phase6_unique_500_v2_balanced/czlx_phase6_v2_0167.jpg,czlx_phase6_v2_0167,clearer image-quality proxy for normal evidence behavior,high_evidence_proxy__coat_unknown__pose_unmarked,high_evidence_proxy,batch_004,low,right,low,76_100,no,no,no,moderate,none,normal,yes,low,low_contrast,no,complete,IR side view with eye-shine; body visible but low contrast and blur reduce pattern.,range_150_199,no
czlx_phase6_v2_0168,data/review_images/czechlynx/phase6_unique_500_v2_balanced/czlx_phase6_v2_0168.jpg,czlx_phase6_v2_0168,clearer image-quality proxy for normal evidence behavior,high_evidence_proxy__coat_unknown__pose_unmarked,high_evidence_proxy,batch_004,high,right,high,76_100,no,no,no,mild,none,normal,yes,good,none,no,complete,IR side view with high pattern visibility.,range_150_199,no
czlx_phase6_v2_0169,data/review_images/czechlynx/phase6_unique_500_v2_balanced/czlx_phase6_v2_0169.jpg,czlx_phase6_v2_0169,clearer image-quality proxy for normal evidence behavior,high_evidence_proxy__spotted__pose_unmarked,high_evidence_proxy,batch_004,high,right,high,76_100,no,no,no,mild,partial,normal,no,good,none,no,complete,Color side/rump view with strong spots; partial crop at image edge.,range_150_199,no
czlx_phase6_v2_0170,data/review_images/czechlynx/phase6_unique_500_v2_balanced/czlx_phase6_v2_0170.jpg,czlx_phase6_v2_0170,clearer image-quality proxy for normal evidence behavior,high_evidence_proxy__coat_unknown__pose_unmarked,high_evidence_proxy,batch_004,none,unknown,none,76_100,no,yes,no,mild,none,normal,no,low,frontal_or_rear_view,no,complete,Back/rear view in snow; animal visible but flank pattern not usable.,range_150_199,no
czlx_phase6_v2_0171,images/czlx_phase6_v2_0171.jpg,czlx_phase6_v2_0171,low-quality but likely annotatable evidence proxy for degradation modeling,low_but_annotatable_proxy__coat_unknown__pose_unmarked,low_but_annotatable_proxy,batch_004,none,unknown,none,51_75,yes,yes,yes,severe,major,normal,yes,low,blur,no,complete,Severely blurred IR close body; side/body fields are unstable.,range_150_199,yes
czlx_phase6_v2_0172,data/review_images/czechlynx/phase6_unique_500_v2_balanced/czlx_phase6_v2_0172.jpg,czlx_phase6_v2_0172,low-quality but likely annotatable evidence proxy for degradation modeling,low_but_annotatable_proxy__spotted__pose_unmarked,low_but_annotatable_proxy,batch_004,high,right,high,76_100,no,no,no,mild,partial,normal,yes,good,none,no,complete,IR side resting view with clear spots; foreground branches minor.,range_150_199,no
czlx_phase6_v2_0173,data/review_images/czechlynx/phase6_unique_500_v2_balanced/czlx_phase6_v2_0173.jpg,czlx_phase6_v2_0173,low-quality but likely annotatable evidence proxy for degradation modeling,low_but_annotatable_proxy__coat_unknown__pose_unmarked,low_but_annotatable_proxy,batch_004,low,right,low,76_100,no,no,no,moderate,none,normal,yes,low,low_contrast,no,complete,Hazy IR side view; body visible but low contrast weakens pattern.,range_150_199,no
czlx_phase6_v2_0174,images/czlx_phase6_v2_0174.jpg,czlx_phase6_v2_0174,low-quality but likely annotatable evidence proxy for degradation modeling,low_but_annotatable_proxy__spotted__pose_unmarked,low_but_annotatable_proxy,batch_004,none,unknown,none,0_25,yes,yes,yes,moderate,major,normal,yes,low,partial_body,no,complete,Only a narrow vertical body/leg fragment is visible; body fraction and side labels require review.,range_150_199,yes
czlx_phase6_v2_0175,images/czlx_phase6_v2_0175.jpg,czlx_phase6_v2_0175,low-quality but likely annotatable evidence proxy for degradation modeling,low_but_annotatable_proxy__coat_unknown__pose_unmarked,low_but_annotatable_proxy,batch_004,none,unknown,none,0_25,yes,yes,yes,moderate,major,normal,yes,low,partial_body,no,complete,Small partial lying body/limb region; identity of body region and side visibility are uncertain.,range_150_199,yes
czlx_phase6_v2_0176,data/review_images/czechlynx/phase6_unique_500_v2_balanced/czlx_phase6_v2_0176.jpg,czlx_phase6_v2_0176,low-quality but likely annotatable evidence proxy for degradation modeling,low_but_annotatable_proxy__coat_unknown__pose_unmarked,low_but_annotatable_proxy,batch_004,high,right,high,76_100,no,no,no,mild,partial,normal,yes,good,none,no,complete,IR side/resting view with clear spots; some vegetation/terrain occlusion.,range_150_199,no
czlx_phase6_v2_0177,images/czlx_phase6_v2_0177.jpg,czlx_phase6_v2_0177,low-quality but likely annotatable evidence proxy for degradation modeling,low_but_annotatable_proxy__coat_unknown__pose_test,low_but_annotatable_proxy,batch_004,low,unknown,low,51_75,yes,no,yes,severe,major,underexposed,yes,low,pattern_not_visible,no,complete,Dark noisy IR frame with faint animal region only; stable factor labels need review.,range_150_199,yes
czlx_phase6_v2_0178,data/review_images/czechlynx/phase6_unique_500_v2_balanced/czlx_phase6_v2_0178.jpg,czlx_phase6_v2_0178,low-quality but likely annotatable evidence proxy for degradation modeling,low_but_annotatable_proxy__coat_unknown__pose_unmarked,low_but_annotatable_proxy,batch_004,high,right,high,76_100,no,no,no,mild,partial,underexposed,no,good,none,no,complete,Dark color side view with clear spotted pattern.,range_150_199,no
czlx_phase6_v2_0179,data/review_images/czechlynx/phase6_unique_500_v2_balanced/czlx_phase6_v2_0179.jpg,czlx_phase6_v2_0179,low-quality but likely annotatable evidence proxy for degradation modeling,low_but_annotatable_proxy__spotted__pose_unmarked,low_but_annotatable_proxy,batch_004,none,unknown,none,51_75,yes,yes,yes,severe,partial,overexposed,yes,low,frontal_or_rear_view,no,complete,"Overexposed rear IR view; no useful pattern, but rear/partial-body labels are stable.",range_150_199,no
czlx_phase6_v2_0180,data/review_images/czechlynx/phase6_unique_500_v2_balanced/czlx_phase6_v2_0180.jpg,czlx_phase6_v2_0180,low-quality but likely annotatable evidence proxy for degradation modeling,low_but_annotatable_proxy__spotted__pose_unmarked,low_but_annotatable_proxy,batch_004,high,unknown,medium,76_100,no,yes,no,mild,none,underexposed,no,good,frontal_or_rear_view,no,complete,Rear/side oblique color view with strong pattern but limited side comparability.,range_150_199,no
czlx_phase6_v2_0181,data/review_images/czechlynx/phase6_unique_500_v2_balanced/czlx_phase6_v2_0181.jpg,czlx_phase6_v2_0181,low-quality but likely annotatable evidence proxy for degradation modeling,low_but_annotatable_proxy__coat_unknown__pose_unmarked,low_but_annotatable_proxy,batch_004,low,unknown,low,51_75,yes,yes,no,moderate,partial,normal,yes,low,frontal_or_rear_view,no,complete,"Rear IR view in snow; body visible, flank pattern weak.",range_150_199,no
czlx_phase6_v2_0182,data/review_images/czechlynx/phase6_unique_500_v2_balanced/czlx_phase6_v2_0182.jpg,czlx_phase6_v2_0182,medium-quality evidence proxy with moderate degradation or ordinary variation,medium_evidence_proxy__coat_unknown__pose_train,medium_evidence_proxy,batch_004,medium,unknown,medium,76_100,no,yes,no,mild,none,overexposed,no,low,frontal_or_rear_view,no,complete,Rear/oblique overexposed color view; some flank/rump spots visible.,range_150_199,no
czlx_phase6_v2_0183,data/review_images/czechlynx/phase6_unique_500_v2_balanced/czlx_phase6_v2_0183.jpg,czlx_phase6_v2_0183,medium-quality evidence proxy with moderate degradation or ordinary variation,medium_evidence_proxy__marbled__pose_train,medium_evidence_proxy,batch_004,medium,right,medium,76_100,no,no,no,mild,none,overexposed,no,low,overexposed,no,complete,Overexposed color side view; pattern visible but washed.,range_150_199,no
czlx_phase6_v2_0184,data/review_images/czechlynx/phase6_unique_500_v2_balanced/czlx_phase6_v2_0184.jpg,czlx_phase6_v2_0184,medium-quality evidence proxy with moderate degradation or ordinary variation,medium_evidence_proxy__coat_unknown__pose_unmarked,medium_evidence_proxy,batch_004,medium,right,medium,51_75,yes,no,no,moderate,partial,normal,no,low,blur,no,complete,Motion-blurred partial side view; spots visible but degraded.,range_150_199,no
czlx_phase6_v2_0185,data/review_images/czechlynx/phase6_unique_500_v2_balanced/czlx_phase6_v2_0185.jpg,czlx_phase6_v2_0185,medium-quality evidence proxy with moderate degradation or ordinary variation,medium_evidence_proxy__coat_unknown__pose_unmarked,medium_evidence_proxy,batch_004,low,unknown,low,51_75,yes,yes,no,moderate,partial,normal,no,low,blur,no,complete,Blurred frontal/oblique body; pattern weak but field labels are stable.,range_150_199,no
czlx_phase6_v2_0186,data/review_images/czechlynx/phase6_unique_500_v2_balanced/czlx_phase6_v2_0186.jpg,czlx_phase6_v2_0186,medium-quality evidence proxy with moderate degradation or ordinary variation,medium_evidence_proxy__spotted__pose_unmarked,medium_evidence_proxy,batch_004,high,right,high,76_100,no,no,no,mild,partial,normal,no,good,none,no,complete,Color side/standing view with strong spots; partial crop/occlusion only.,range_150_199,no
czlx_phase6_v2_0187,data/review_images/czechlynx/phase6_unique_500_v2_balanced/czlx_phase6_v2_0187.jpg,czlx_phase6_v2_0187,medium-quality evidence proxy with moderate degradation or ordinary variation,medium_evidence_proxy__coat_unknown__pose_unmarked,medium_evidence_proxy,batch_004,low,right,low,51_75,yes,no,no,severe,none,normal,yes,low,blur,no,complete,Very blurred IR rear/side crop; body labels stable but pattern weak.,range_150_199,no
czlx_phase6_v2_0188,data/review_images/czechlynx/phase6_unique_500_v2_balanced/czlx_phase6_v2_0188.jpg,czlx_phase6_v2_0188,medium-quality evidence proxy with moderate degradation or ordinary variation,medium_evidence_proxy__marbled__pose_train,medium_evidence_proxy,batch_004,medium,right,medium,76_100,no,no,no,mild,none,overexposed,yes,low,overexposed,no,complete,Overexposed IR/color side lying view; spots visible but low contrast.,range_150_199,no
czlx_phase6_v2_0189,data/review_images/czechlynx/phase6_unique_500_v2_balanced/czlx_phase6_v2_0189.jpg,czlx_phase6_v2_0189,medium-quality evidence proxy with moderate degradation or ordinary variation,medium_evidence_proxy__coat_unknown__pose_test,medium_evidence_proxy,batch_004,high,right,high,76_100,no,no,no,mild,none,normal,yes,good,none,no,complete,IR side/lying view with clear spotted flank.,range_150_199,no
czlx_phase6_v2_0190,data/review_images/czechlynx/phase6_unique_500_v2_balanced/czlx_phase6_v2_0190.jpg,czlx_phase6_v2_0190,medium-quality evidence proxy with moderate degradation or ordinary variation,medium_evidence_proxy__coat_unknown__pose_unmarked,medium_evidence_proxy,batch_004,medium,right,medium,76_100,no,no,no,moderate,none,normal,yes,low,blur,no,complete,IR side view with visible spots; motion blur reduces detail.,range_150_199,no
czlx_phase6_v2_0191,data/review_images/czechlynx/phase6_unique_500_v2_balanced/czlx_phase6_v2_0191.jpg,czlx_phase6_v2_0191,medium-quality evidence proxy with moderate degradation or ordinary variation,medium_evidence_proxy__coat_unknown__pose_unmarked,medium_evidence_proxy,batch_004,high,unknown,medium,51_75,yes,yes,no,mild,none,normal,yes,good,frontal_or_rear_view,no,complete,Frontal/oblique IR close view with clear spots but limited side comparability.,range_150_199,no
czlx_phase6_v2_0192,data/review_images/czechlynx/phase6_unique_500_v2_balanced/czlx_phase6_v2_0192.jpg,czlx_phase6_v2_0192,medium-quality evidence proxy with moderate degradation or ordinary variation,medium_evidence_proxy__coat_unknown__pose_unmarked,medium_evidence_proxy,batch_004,medium,right,medium,76_100,no,no,no,mild,partial,normal,yes,low,low_contrast,no,complete,IR side view with visible spots; low contrast and partial foreground reduce evidence.,range_150_199,no
czlx_phase6_v2_0193,data/review_images/czechlynx/phase6_unique_500_v2_balanced/czlx_phase6_v2_0193.jpg,czlx_phase6_v2_0193,medium-quality evidence proxy with moderate degradation or ordinary variation,medium_evidence_proxy__spotted__pose_unmarked,medium_evidence_proxy,batch_004,high,right,high,76_100,no,no,no,mild,none,overexposed,yes,good,none,no,complete,Bright IR side view on snow with strong pattern.,range_150_199,no
czlx_phase6_v2_0194,data/review_images/czechlynx/phase6_unique_500_v2_balanced/czlx_phase6_v2_0194.jpg,czlx_phase6_v2_0194,medium-quality evidence proxy with moderate degradation or ordinary variation,medium_evidence_proxy__spotted__pose_unmarked,medium_evidence_proxy,batch_004,high,unknown,medium,51_75,yes,yes,no,moderate,none,normal,no,good,frontal_or_rear_view,no,complete,Close rear/side crop with strong spots; not clean side comparable.,range_150_199,no
czlx_phase6_v2_0195,data/review_images/czechlynx/phase6_unique_500_v2_balanced/czlx_phase6_v2_0195.jpg,czlx_phase6_v2_0195,medium-quality evidence proxy with moderate degradation or ordinary variation,medium_evidence_proxy__coat_unknown__pose_unmarked,medium_evidence_proxy,batch_004,high,right,high,76_100,no,no,no,mild,none,normal,no,good,none,no,complete,Color side view with strong pattern.,range_150_199,no
czlx_phase6_v2_0196,data/review_images/czechlynx/phase6_unique_500_v2_balanced/czlx_phase6_v2_0196.jpg,czlx_phase6_v2_0196,medium-quality evidence proxy with moderate degradation or ordinary variation,medium_evidence_proxy__coat_unknown__pose_train,medium_evidence_proxy,batch_004,high,right,high,76_100,no,no,no,mild,none,overexposed,no,good,none,no,complete,Bright color side view; strong spot pattern.,range_150_199,no
czlx_phase6_v2_0197,data/review_images/czechlynx/phase6_unique_500_v2_balanced/czlx_phase6_v2_0197.jpg,czlx_phase6_v2_0197,medium-quality evidence proxy with moderate degradation or ordinary variation,medium_evidence_proxy__coat_unknown__pose_test,medium_evidence_proxy,batch_004,medium,unknown,medium,76_100,no,yes,no,mild,partial,normal,no,good,frontal_or_rear_view,no,complete,Front/rear-oblique color view with visible spots but limited side evidence.,range_150_199,no
czlx_phase6_v2_0198,data/review_images/czechlynx/phase6_unique_500_v2_balanced/czlx_phase6_v2_0198.jpg,czlx_phase6_v2_0198,medium-quality evidence proxy with moderate degradation or ordinary variation,medium_evidence_proxy__spotted__pose_unmarked,medium_evidence_proxy,batch_004,medium,unknown,medium,76_100,no,yes,no,mild,partial,normal,no,good,frontal_or_rear_view,no,complete,Reclining oblique/rear view; spots visible but not ideal side comparability.,range_150_199,no
czlx_phase6_v2_0199,data/review_images/czechlynx/phase6_unique_500_v2_balanced/czlx_phase6_v2_0199.jpg,czlx_phase6_v2_0199,medium-quality evidence proxy with moderate degradation or ordinary variation,medium_evidence_proxy__coat_unknown__pose_unmarked,medium_evidence_proxy,batch_004,medium,unknown,medium,76_100,no,yes,no,mild,none,normal,no,good,frontal_or_rear_view,no,complete,Reclining/front-oblique color view; pattern clear but side comparability limited.,range_150_199,no
czlx_phase6_v2_0200,data/review_images/czechlynx/phase6_unique_500_v2_balanced/czlx_phase6_v2_0200.jpg,czlx_phase6_v2_0200,extreme visual condition proxy; retained under strict cap for defer/exclude modeling,extreme_hard_proxy__spotted__pose_unmarked,extreme_hard_proxy,batch_005,low,left,low,76_100,no,no,no,mild,none,underexposed,yes,low,night_ir_artifact,no,complete,IR night image; animal visible but pattern contrast is weak.,range_200_249,no
czlx_phase6_v2_0201,data/review_images/czechlynx/phase6_unique_500_v2_balanced/czlx_phase6_v2_0201.jpg,czlx_phase6_v2_0201,extreme visual condition proxy; retained under strict cap for defer/exclude modeling,extreme_hard_proxy__spotted__pose_train,extreme_hard_proxy,batch_005,high,left,high,76_100,no,no,no,none,none,overexposed,no,low,overexposed,no,complete,Full profile; strong pattern visibility but exposure is high on snow.,range_200_249,no
czlx_phase6_v2_0202,data/review_images/czechlynx/phase6_unique_500_v2_balanced/czlx_phase6_v2_0202.jpg,czlx_phase6_v2_0202,extreme visual condition proxy; retained under strict cap for defer/exclude modeling,extreme_hard_proxy__coat_unknown__pose_unmarked,extreme_hard_proxy,batch_005,none,unknown,none,26_50,yes,yes,no,severe,major,underexposed,yes,low,pattern_not_visible,yes,needs_review,Very dark rear/partial view; body fraction and view interpretation remain unstable.,range_200_249,yes
czlx_phase6_v2_0203,data/review_images/czechlynx/phase6_unique_500_v2_balanced/czlx_phase6_v2_0203.jpg,czlx_phase6_v2_0203,extreme visual condition proxy; retained under strict cap for defer/exclude modeling,extreme_hard_proxy__spotted__pose_unmarked,extreme_hard_proxy,batch_005,medium,right,low,26_50,yes,unknown,no,mild,major,underexposed,yes,low,partial_body,no,complete,Close IR crop of flank/legs; partial-body evidence only.,range_200_249,no
czlx_phase6_v2_0204,data/review_images/czechlynx/phase6_unique_500_v2_balanced/czlx_phase6_v2_0204.jpg,czlx_phase6_v2_0204,extreme visual condition proxy; retained under strict cap for defer/exclude modeling,extreme_hard_proxy__coat_unknown__pose_unmarked,extreme_hard_proxy,batch_005,medium,left,low,26_50,yes,no,no,mild,partial,overexposed,no,low,overexposed,no,complete,Close cropped side image with heavy overexposure.,range_200_249,no
czlx_phase6_v2_0205,data/review_images/czechlynx/phase6_unique_500_v2_balanced/czlx_phase6_v2_0205.jpg,czlx_phase6_v2_0205,extreme visual condition proxy; retained under strict cap for defer/exclude modeling,extreme_hard_proxy__coat_unknown__pose_unmarked,extreme_hard_proxy,batch_005,medium,left,medium,76_100,no,no,no,none,none,underexposed,no,low,low_contrast,no,complete,Color night image; full body visible with reduced contrast.,range_200_249,no
czlx_phase6_v2_0206,data/review_images/czechlynx/phase6_unique_500_v2_balanced/czlx_phase6_v2_0206.jpg,czlx_phase6_v2_0206,clearer image-quality proxy for normal evidence behavior,high_evidence_proxy__spotted__pose_unmarked,high_evidence_proxy,batch_005,high,right,medium,76_100,no,no,no,none,partial,normal,yes,good,none,no,complete,IR resting pose with visible spots and usable side evidence.,range_200_249,no
czlx_phase6_v2_0207,data/review_images/czechlynx/phase6_unique_500_v2_balanced/czlx_phase6_v2_0207.jpg,czlx_phase6_v2_0207,clearer image-quality proxy for normal evidence behavior,high_evidence_proxy__coat_unknown__pose_unmarked,high_evidence_proxy,batch_005,high,left,high,76_100,no,no,no,none,none,normal,no,good,none,no,complete,Good daylight side image.,range_200_249,no
czlx_phase6_v2_0208,data/review_images/czechlynx/phase6_unique_500_v2_balanced/czlx_phase6_v2_0208.jpg,czlx_phase6_v2_0208,clearer image-quality proxy for normal evidence behavior,high_evidence_proxy__coat_unknown__pose_test,high_evidence_proxy,batch_005,high,right,high,76_100,no,no,no,none,none,normal,no,good,none,no,complete,Clear color side image.,range_200_249,no
czlx_phase6_v2_0209,data/review_images/czechlynx/phase6_unique_500_v2_balanced/czlx_phase6_v2_0209.jpg,czlx_phase6_v2_0209,clearer image-quality proxy for normal evidence behavior,high_evidence_proxy__spotted__pose_unmarked,high_evidence_proxy,batch_005,high,left,medium,76_100,no,no,no,mild,partial,normal,yes,good,none,no,complete,IR side image on slope; some foreground obstruction.,range_200_249,no
czlx_phase6_v2_0210,data/review_images/czechlynx/phase6_unique_500_v2_balanced/czlx_phase6_v2_0210.jpg,czlx_phase6_v2_0210,clearer image-quality proxy for normal evidence behavior,high_evidence_proxy__spotted__pose_unmarked,high_evidence_proxy,batch_005,medium,left,medium,76_100,no,no,no,moderate,none,normal,no,low,blur,no,complete,Motion blur on snowy side view.,range_200_249,no
czlx_phase6_v2_0211,data/review_images/czechlynx/phase6_unique_500_v2_balanced/czlx_phase6_v2_0211.jpg,czlx_phase6_v2_0211,clearer image-quality proxy for normal evidence behavior,high_evidence_proxy__coat_unknown__pose_unmarked,high_evidence_proxy,batch_005,high,left,high,76_100,no,no,no,none,none,normal,no,good,none,no,complete,Clear daylight side image.,range_200_249,no
czlx_phase6_v2_0212,data/review_images/czechlynx/phase6_unique_500_v2_balanced/czlx_phase6_v2_0212.jpg,czlx_phase6_v2_0212,clearer image-quality proxy for normal evidence behavior,high_evidence_proxy__coat_unknown__pose_train,high_evidence_proxy,batch_005,high,right,high,76_100,no,no,no,none,none,normal,no,good,none,no,complete,"Collared lynx, full side view.",range_200_249,no
czlx_phase6_v2_0213,data/review_images/czechlynx/phase6_unique_500_v2_balanced/czlx_phase6_v2_0213.jpg,czlx_phase6_v2_0213,clearer image-quality proxy for normal evidence behavior,high_evidence_proxy__spotted__pose_unmarked,high_evidence_proxy,batch_005,high,left,high,76_100,no,no,no,mild,none,normal,no,good,none,no,complete,Good side profile with slight softness.,range_200_249,no
czlx_phase6_v2_0214,data/review_images/czechlynx/phase6_unique_500_v2_balanced/czlx_phase6_v2_0214.jpg,czlx_phase6_v2_0214,clearer image-quality proxy for normal evidence behavior,high_evidence_proxy__coat_unknown__pose_unmarked,high_evidence_proxy,batch_005,medium,left,medium,51_75,no,no,no,none,partial,normal,yes,low,low_contrast,no,complete,IR image partly masked by vegetation.,range_200_249,no
czlx_phase6_v2_0215,data/review_images/czechlynx/phase6_unique_500_v2_balanced/czlx_phase6_v2_0215.jpg,czlx_phase6_v2_0215,clearer image-quality proxy for normal evidence behavior,high_evidence_proxy__coat_unknown__pose_unmarked,high_evidence_proxy,batch_005,none,unknown,none,76_100,no,yes,no,none,none,normal,yes,good,frontal_or_rear_view,no,complete,Non-side rear view; patterned evidence not available.,range_200_249,no
czlx_phase6_v2_0216,data/review_images/czechlynx/phase6_unique_500_v2_balanced/czlx_phase6_v2_0216.jpg,czlx_phase6_v2_0216,clearer image-quality proxy for normal evidence behavior,high_evidence_proxy__spotted__pose_unmarked,high_evidence_proxy,batch_005,high,right,high,76_100,no,no,no,none,none,normal,no,good,none,no,complete,High-quality side image.,range_200_249,no
czlx_phase6_v2_0217,data/review_images/czechlynx/phase6_unique_500_v2_balanced/czlx_phase6_v2_0217.jpg,czlx_phase6_v2_0217,clearer image-quality proxy for normal evidence behavior,high_evidence_proxy__spotted__pose_unmarked,high_evidence_proxy,batch_005,medium,left,low,26_50,yes,unknown,no,moderate,partial,normal,no,low,partial_body,no,complete,Close crop of hindquarters only.,range_200_249,no
czlx_phase6_v2_0218,data/review_images/czechlynx/phase6_unique_500_v2_balanced/czlx_phase6_v2_0218.jpg,czlx_phase6_v2_0218,clearer image-quality proxy for normal evidence behavior,high_evidence_proxy__coat_unknown__pose_unmarked,high_evidence_proxy,batch_005,high,right,high,76_100,no,no,no,none,none,normal,no,good,none,no,complete,Seated side view with visible flank pattern.,range_200_249,no
czlx_phase6_v2_0219,data/review_images/czechlynx/phase6_unique_500_v2_balanced/czlx_phase6_v2_0219.jpg,czlx_phase6_v2_0219,clearer image-quality proxy for normal evidence behavior,high_evidence_proxy__spotted__pose_unmarked,high_evidence_proxy,batch_005,low,unknown,none,76_100,no,no,no,severe,partial,normal,yes,low,blur,no,complete,Full body present but heavily motion blurred.,range_200_249,no
czlx_phase6_v2_0220,data/review_images/czechlynx/phase6_unique_500_v2_balanced/czlx_phase6_v2_0220.jpg,czlx_phase6_v2_0220,clearer image-quality proxy for normal evidence behavior,high_evidence_proxy__spotted__pose_unmarked,high_evidence_proxy,batch_005,high,left,high,76_100,no,no,no,none,none,normal,no,good,none,no,complete,Clear daylight side image.,range_200_249,no
czlx_phase6_v2_0221,data/review_images/czechlynx/phase6_unique_500_v2_balanced/czlx_phase6_v2_0221.jpg,czlx_phase6_v2_0221,low-quality but likely annotatable evidence proxy for degradation modeling,low_but_annotatable_proxy__marbled__pose_unmarked,low_but_annotatable_proxy,batch_005,none,unknown,none,26_50,yes,no,no,severe,major,underexposed,yes,low,blur,no,complete,Dark blurred partial body; side/view/body-fraction labels remain unstable.,range_200_249,yes
czlx_phase6_v2_0222,data/review_images/czechlynx/phase6_unique_500_v2_balanced/czlx_phase6_v2_0222.jpg,czlx_phase6_v2_0222,low-quality but likely annotatable evidence proxy for degradation modeling,low_but_annotatable_proxy__marbled__pose_unmarked,low_but_annotatable_proxy,batch_005,low,left,low,76_100,no,no,no,mild,none,overexposed,yes,low,overexposed,no,complete,Full IR body but washed-out pattern contrast.,range_200_249,no
czlx_phase6_v2_0223,data/review_images/czechlynx/phase6_unique_500_v2_balanced/czlx_phase6_v2_0223.jpg,czlx_phase6_v2_0223,low-quality but likely annotatable evidence proxy for degradation modeling,low_but_annotatable_proxy__coat_unknown__pose_unmarked,low_but_annotatable_proxy,batch_005,high,right,high,76_100,no,no,no,none,none,normal,no,good,none,no,complete,Blue-tint snowy side image; pattern still clear.,range_200_249,no
czlx_phase6_v2_0224,data/review_images/czechlynx/phase6_unique_500_v2_balanced/czlx_phase6_v2_0224.jpg,czlx_phase6_v2_0224,low-quality but likely annotatable evidence proxy for degradation modeling,low_but_annotatable_proxy__coat_unknown__pose_unmarked,low_but_annotatable_proxy,batch_005,medium,right,medium,76_100,no,no,no,severe,none,normal,no,low,blur,no,complete,Large side view with strong blur at the head.,range_200_249,no
czlx_phase6_v2_0225,data/review_images/czechlynx/phase6_unique_500_v2_balanced/czlx_phase6_v2_0225.jpg,czlx_phase6_v2_0225,low-quality but likely annotatable evidence proxy for degradation modeling,low_but_annotatable_proxy__spotted__pose_unmarked,low_but_annotatable_proxy,batch_005,high,left,high,76_100,no,no,no,mild,none,normal,no,good,none,no,complete,Snowy side image with slight motion blur.,range_200_249,no
czlx_phase6_v2_0226,data/review_images/czechlynx/phase6_unique_500_v2_balanced/czlx_phase6_v2_0226.jpg,czlx_phase6_v2_0226,low-quality but likely annotatable evidence proxy for degradation modeling,low_but_annotatable_proxy__spotted__pose_unmarked,low_but_annotatable_proxy,batch_005,high,right,high,76_100,no,no,no,none,partial,normal,yes,good,none,no,complete,Usable IR side view despite foreground rock.,range_200_249,no
czlx_phase6_v2_0227,data/review_images/czechlynx/phase6_unique_500_v2_balanced/czlx_phase6_v2_0227.jpg,czlx_phase6_v2_0227,low-quality but likely annotatable evidence proxy for degradation modeling,low_but_annotatable_proxy__coat_unknown__pose_unmarked,low_but_annotatable_proxy,batch_005,medium,unknown,medium,76_100,no,unknown,no,none,partial,overexposed,no,low,side_unknown,no,complete,Two animals are present; target body assignment and side labeling are ambiguous.,range_200_249,yes
czlx_phase6_v2_0228,data/review_images/czechlynx/phase6_unique_500_v2_balanced/czlx_phase6_v2_0228.jpg,czlx_phase6_v2_0228,low-quality but likely annotatable evidence proxy for degradation modeling,low_but_annotatable_proxy__coat_unknown__pose_unmarked,low_but_annotatable_proxy,batch_005,medium,unknown,low,51_75,no,yes,no,none,partial,normal,no,low,frontal_or_rear_view,no,complete,Back/rear-biased snow image with limited flank comparability.,range_200_249,no
czlx_phase6_v2_0229,data/review_images/czechlynx/phase6_unique_500_v2_balanced/czlx_phase6_v2_0229.jpg,czlx_phase6_v2_0229,low-quality but likely annotatable evidence proxy for degradation modeling,low_but_annotatable_proxy__coat_unknown__pose_unmarked,low_but_annotatable_proxy,batch_005,none,unknown,none,76_100,no,no,no,severe,none,normal,yes,low,blur,no,complete,Full-body IR image but very motion blurred.,range_200_249,no
czlx_phase6_v2_0230,data/review_images/czechlynx/phase6_unique_500_v2_balanced/czlx_phase6_v2_0230.jpg,czlx_phase6_v2_0230,low-quality but likely annotatable evidence proxy for degradation modeling,low_but_annotatable_proxy__coat_unknown__pose_unmarked,low_but_annotatable_proxy,batch_005,medium,right,medium,76_100,no,no,no,none,none,underexposed,no,low,low_contrast,no,complete,Dark blue-toned side image; usable but low contrast.,range_200_249,no
czlx_phase6_v2_0231,data/review_images/czechlynx/phase6_unique_500_v2_balanced/czlx_phase6_v2_0231.jpg,czlx_phase6_v2_0231,low-quality but likely annotatable evidence proxy for degradation modeling,low_but_annotatable_proxy__spotted__pose_unmarked,low_but_annotatable_proxy,batch_005,high,left,high,76_100,no,no,no,none,none,normal,yes,good,none,no,complete,IR side/perched image with visible pattern.,range_200_249,no
czlx_phase6_v2_0232,data/review_images/czechlynx/phase6_unique_500_v2_balanced/czlx_phase6_v2_0232.jpg,czlx_phase6_v2_0232,medium-quality evidence proxy with moderate degradation or ordinary variation,medium_evidence_proxy__spotted__pose_unmarked,medium_evidence_proxy,batch_005,high,left,medium,76_100,no,no,no,none,partial,overexposed,no,low,overexposed,no,complete,Strong flank pattern but severe exposure clipping.,range_200_249,no
czlx_phase6_v2_0233,data/review_images/czechlynx/phase6_unique_500_v2_balanced/czlx_phase6_v2_0233.jpg,czlx_phase6_v2_0233,medium-quality evidence proxy with moderate degradation or ordinary variation,medium_evidence_proxy__coat_unknown__pose_unmarked,medium_evidence_proxy,batch_005,high,left,high,76_100,no,no,no,mild,none,normal,no,good,none,no,complete,Dynamic pounce image; full body and pattern still visible.,range_200_249,no
czlx_phase6_v2_0234,data/review_images/czechlynx/phase6_unique_500_v2_balanced/czlx_phase6_v2_0234.jpg,czlx_phase6_v2_0234,medium-quality evidence proxy with moderate degradation or ordinary variation,medium_evidence_proxy__coat_unknown__pose_unmarked,medium_evidence_proxy,batch_005,low,left,low,76_100,no,no,no,severe,none,normal,yes,low,blur,no,complete,IR side image with strong motion blur.,range_200_249,no
czlx_phase6_v2_0235,data/review_images/czechlynx/phase6_unique_500_v2_balanced/czlx_phase6_v2_0235.jpg,czlx_phase6_v2_0235,medium-quality evidence proxy with moderate degradation or ordinary variation,medium_evidence_proxy__spotted__pose_unmarked,medium_evidence_proxy,batch_005,high,right,high,76_100,no,no,no,none,none,normal,no,good,none,no,complete,Good side image in snow.,range_200_249,no
czlx_phase6_v2_0236,data/review_images/czechlynx/phase6_unique_500_v2_balanced/czlx_phase6_v2_0236.jpg,czlx_phase6_v2_0236,medium-quality evidence proxy with moderate degradation or ordinary variation,medium_evidence_proxy__coat_unknown__pose_unmarked,medium_evidence_proxy,batch_005,high,left,medium,26_50,yes,unknown,no,moderate,none,normal,no,low,partial_body,no,complete,Only hindquarters and flank are visible.,range_200_249,no
czlx_phase6_v2_0237,data/review_images/czechlynx/phase6_unique_500_v2_balanced/czlx_phase6_v2_0237.jpg,czlx_phase6_v2_0237,medium-quality evidence proxy with moderate degradation or ordinary variation,medium_evidence_proxy__coat_unknown__pose_unmarked,medium_evidence_proxy,batch_005,low,left,low,76_100,no,unknown,no,severe,partial,normal,no,low,blur,no,complete,Low-resolution blurred side image; exact body fraction and flank evidence are unstable.,range_200_249,yes
czlx_phase6_v2_0238,data/review_images/czechlynx/phase6_unique_500_v2_balanced/czlx_phase6_v2_0238.jpg,czlx_phase6_v2_0238,medium-quality evidence proxy with moderate degradation or ordinary variation,medium_evidence_proxy__coat_unknown__pose_test,medium_evidence_proxy,batch_005,high,left,high,76_100,no,no,no,none,partial,normal,no,good,none,no,complete,Night color image with clear flank pattern.,range_200_249,no
czlx_phase6_v2_0239,data/review_images/czechlynx/phase6_unique_500_v2_balanced/czlx_phase6_v2_0239.jpg,czlx_phase6_v2_0239,medium-quality evidence proxy with moderate degradation or ordinary variation,medium_evidence_proxy__coat_unknown__pose_unmarked,medium_evidence_proxy,batch_005,high,right,high,51_75,no,no,no,none,partial,overexposed,no,low,overexposed,no,complete,Collared side crop with bright exposure.,range_200_249,no
czlx_phase6_v2_0240,data/review_images/czechlynx/phase6_unique_500_v2_balanced/czlx_phase6_v2_0240.jpg,czlx_phase6_v2_0240,medium-quality evidence proxy with moderate degradation or ordinary variation,medium_evidence_proxy__coat_unknown__pose_unmarked,medium_evidence_proxy,batch_005,none,unknown,none,0_25,yes,unknown,yes,moderate,major,overexposed,no,low,silhouette,no,complete,Only a small silhouette-like fragment is visible behind branches.,range_200_249,yes
czlx_phase6_v2_0241,data/review_images/czechlynx/phase6_unique_500_v2_balanced/czlx_phase6_v2_0241.jpg,czlx_phase6_v2_0241,medium-quality evidence proxy with moderate degradation or ordinary variation,medium_evidence_proxy__coat_unknown__pose_unmarked,medium_evidence_proxy,batch_005,low,unknown,medium,76_100,no,unknown,no,mild,partial,normal,no,low,side_unknown,no,complete,Two animals are visible; which body should anchor the row is ambiguous.,range_200_249,yes
czlx_phase6_v2_0242,data/review_images/czechlynx/phase6_unique_500_v2_balanced/czlx_phase6_v2_0242.jpg,czlx_phase6_v2_0242,medium-quality evidence proxy with moderate degradation or ordinary variation,medium_evidence_proxy__coat_unknown__pose_test,medium_evidence_proxy,batch_005,medium,right,high,76_100,no,no,no,none,none,overexposed,no,low,overexposed,no,complete,Full side view on snow with bright exposure.,range_200_249,no
czlx_phase6_v2_0243,data/review_images/czechlynx/phase6_unique_500_v2_balanced/czlx_phase6_v2_0243.jpg,czlx_phase6_v2_0243,medium-quality evidence proxy with moderate degradation or ordinary variation,medium_evidence_proxy__spotted__pose_unmarked,medium_evidence_proxy,batch_005,medium,left,medium,51_75,no,yes,no,mild,partial,overexposed,no,low,frontal_or_rear_view,no,complete,Rear-biased snowy view with only partial flank comparability.,range_200_249,no
czlx_phase6_v2_0244,data/review_images/czechlynx/phase6_unique_500_v2_balanced/czlx_phase6_v2_0244.jpg,czlx_phase6_v2_0244,medium-quality evidence proxy with moderate degradation or ordinary variation,medium_evidence_proxy__spotted__pose_unmarked,medium_evidence_proxy,batch_005,high,unknown,medium,51_75,no,yes,no,none,partial,normal,yes,good,frontal_or_rear_view,no,complete,Rear-biased IR image on rocks.,range_200_249,no
czlx_phase6_v2_0245,data/review_images/czechlynx/phase6_unique_500_v2_balanced/czlx_phase6_v2_0245.jpg,czlx_phase6_v2_0245,medium-quality evidence proxy with moderate degradation or ordinary variation,medium_evidence_proxy__coat_unknown__pose_unmarked,medium_evidence_proxy,batch_005,none,unknown,none,0_25,yes,unknown,no,moderate,major,underexposed,no,low,low_contrast,no,complete,Animal is hidden in dark green vegetation; visible region is too weak for stable labels.,range_200_249,yes
czlx_phase6_v2_0246,data/review_images/czechlynx/phase6_unique_500_v2_balanced/czlx_phase6_v2_0246.jpg,czlx_phase6_v2_0246,medium-quality evidence proxy with moderate degradation or ordinary variation,medium_evidence_proxy__spotted__pose_unmarked,medium_evidence_proxy,batch_005,medium,left,medium,76_100,no,no,no,mild,partial,normal,yes,good,night_ir_artifact,no,complete,Head-down IR image with usable body outline but visible IR glare.,range_200_249,no
czlx_phase6_v2_0247,data/review_images/czechlynx/phase6_unique_500_v2_balanced/czlx_phase6_v2_0247.jpg,czlx_phase6_v2_0247,medium-quality evidence proxy with moderate degradation or ordinary variation,medium_evidence_proxy__spotted__pose_train,medium_evidence_proxy,batch_005,high,right,high,76_100,no,no,no,none,none,normal,no,good,none,no,complete,"Collared side image, good evidence.",range_200_249,no
czlx_phase6_v2_0248,data/review_images/czechlynx/phase6_unique_500_v2_balanced/czlx_phase6_v2_0248.jpg,czlx_phase6_v2_0248,medium-quality evidence proxy with moderate degradation or ordinary variation,medium_evidence_proxy__coat_unknown__pose_unmarked,medium_evidence_proxy,batch_005,medium,left,medium,76_100,no,yes,no,none,partial,overexposed,no,low,overexposed,no,complete,Back-biased overexposed daylight image.,range_200_249,no
czlx_phase6_v2_0249,data/review_images/czechlynx/phase6_unique_500_v2_balanced/czlx_phase6_v2_0249.jpg,czlx_phase6_v2_0249,medium-quality evidence proxy with moderate degradation or ordinary variation,medium_evidence_proxy__coat_unknown__pose_unmarked,medium_evidence_proxy,batch_005,high,left,high,76_100,no,no,no,none,none,normal,yes,good,none,no,complete,IR image with strong visible pattern and mostly side-on body.,range_200_249,no
czlx_phase6_v2_0250,data/review_images/czechlynx/phase6_unique_500_v2_balanced/czlx_phase6_v2_0250.jpg,czlx_phase6_v2_0250,extreme visual condition proxy; retained under strict cap for defer/exclude modeling,extreme_hard_proxy__coat_unknown__pose_unmarked,extreme_hard_proxy,batch_006,low,left,low,76_100,no,no,no,mild,none,underexposed,yes,low,low_contrast,no,complete,Large IR side/rear body; pattern weak under low contrast but field labels are stable.,range_250_299,no
czlx_phase6_v2_0251,data/review_images/czechlynx/phase6_unique_500_v2_balanced/czlx_phase6_v2_0251.jpg,czlx_phase6_v2_0251,extreme visual condition proxy; retained under strict cap for defer/exclude modeling,extreme_hard_proxy__coat_unknown__pose_unmarked,extreme_hard_proxy,batch_006,medium,unknown,medium,76_100,no,yes,no,mild,none,underexposed,no,low,frontal_or_rear_view,no,complete,Rear/back-biased color view; markings visible but not side-comparable.,range_250_299,no
czlx_phase6_v2_0252,data/review_images/czechlynx/phase6_unique_500_v2_balanced/czlx_phase6_v2_0252.jpg,czlx_phase6_v2_0252,extreme visual condition proxy; retained under strict cap for defer/exclude modeling,extreme_hard_proxy__coat_unknown__pose_unmarked,extreme_hard_proxy,batch_006,medium,unknown,low,76_100,no,yes,no,mild,none,overexposed,yes,low,overexposed,no,complete,Overexposed IR rear/side body; visible enough for stable factor labels but poor pattern quality.,range_250_299,no
czlx_phase6_v2_0253,data/review_images/czechlynx/phase6_unique_500_v2_balanced/czlx_phase6_v2_0253.jpg,czlx_phase6_v2_0253,extreme visual condition proxy; retained under strict cap for defer/exclude modeling,extreme_hard_proxy__coat_unknown__pose_test,extreme_hard_proxy,batch_006,medium,right,medium,76_100,no,no,no,mild,none,overexposed,yes,low,overexposed,no,complete,Red IR side view; body visible and spots moderately visible despite exposure artifact.,range_250_299,no
czlx_phase6_v2_0254,data/review_images/czechlynx/phase6_unique_500_v2_balanced/czlx_phase6_v2_0254.jpg,czlx_phase6_v2_0254,extreme visual condition proxy; retained under strict cap for defer/exclude modeling,extreme_hard_proxy__coat_unknown__pose_unmarked,extreme_hard_proxy,batch_006,medium,right,medium,76_100,no,no,no,mild,none,overexposed,no,low,overexposed,no,complete,Overexposed color side view; pattern partly visible but washed.,range_250_299,no
czlx_phase6_v2_0255,data/review_images/czechlynx/phase6_unique_500_v2_balanced/czlx_phase6_v2_0255.jpg,czlx_phase6_v2_0255,extreme visual condition proxy; retained under strict cap for defer/exclude modeling,extreme_hard_proxy__spotted__pose_unmarked,extreme_hard_proxy,batch_006,medium,right,medium,76_100,no,no,no,mild,none,underexposed,no,low,low_contrast,no,complete,Dark close side view with body visible and usable but reduced pattern contrast.,range_250_299,no
czlx_phase6_v2_0256,data/review_images/czechlynx/phase6_unique_500_v2_balanced/czlx_phase6_v2_0256.jpg,czlx_phase6_v2_0256,extreme visual condition proxy; retained under strict cap for defer/exclude modeling,extreme_hard_proxy__coat_unknown__pose_unmarked,extreme_hard_proxy,batch_006,low,unknown,low,76_100,no,no,no,mild,none,overexposed,no,low,overexposed,no,complete,Very bright overexposed side view; animal outline and broad field labels are stable.,range_250_299,no
czlx_phase6_v2_0257,data/review_images/czechlynx/phase6_unique_500_v2_balanced/czlx_phase6_v2_0257.jpg,czlx_phase6_v2_0257,clearer image-quality proxy for normal evidence behavior,high_evidence_proxy__spotted__pose_unmarked,high_evidence_proxy,batch_006,high,right,high,51_75,yes,no,no,mild,partial,normal,yes,good,partial_body,no,complete,Close IR partial body with clear spots; cropped but labelable.,range_250_299,no
czlx_phase6_v2_0258,data/review_images/czechlynx/phase6_unique_500_v2_balanced/czlx_phase6_v2_0258.jpg,czlx_phase6_v2_0258,clearer image-quality proxy for normal evidence behavior,high_evidence_proxy__coat_unknown__pose_unmarked,high_evidence_proxy,batch_006,high,right,high,76_100,no,no,no,mild,none,normal,no,good,none,no,complete,Clear color side view with strong pattern.,range_250_299,no
czlx_phase6_v2_0259,data/review_images/czechlynx/phase6_unique_500_v2_balanced/czlx_phase6_v2_0259.jpg,czlx_phase6_v2_0259,clearer image-quality proxy for normal evidence behavior,high_evidence_proxy__coat_unknown__pose_unmarked,high_evidence_proxy,batch_006,high,right,high,76_100,no,no,no,mild,none,normal,no,good,none,no,complete,Full color side view with clear spotted pattern.,range_250_299,no
czlx_phase6_v2_0260,data/review_images/czechlynx/phase6_unique_500_v2_balanced/czlx_phase6_v2_0260.jpg,czlx_phase6_v2_0260,clearer image-quality proxy for normal evidence behavior,high_evidence_proxy__coat_unknown__pose_test,high_evidence_proxy,batch_006,medium,left,medium,76_100,no,no,no,mild,partial,normal,yes,low,occlusion,no,complete,IR side view partly obscured by branches; pattern visible but reduced.,range_250_299,no
czlx_phase6_v2_0261,data/review_images/czechlynx/phase6_unique_500_v2_balanced/czlx_phase6_v2_0261.jpg,czlx_phase6_v2_0261,clearer image-quality proxy for normal evidence behavior,high_evidence_proxy__coat_unknown__pose_unmarked,high_evidence_proxy,batch_006,high,right,high,76_100,no,no,no,mild,none,overexposed,no,good,none,no,complete,Bright full side view with clear pattern; slight exposure issue.,range_250_299,no
czlx_phase6_v2_0262,data/review_images/czechlynx/phase6_unique_500_v2_balanced/czlx_phase6_v2_0262.jpg,czlx_phase6_v2_0262,clearer image-quality proxy for normal evidence behavior,high_evidence_proxy__spotted__pose_train,high_evidence_proxy,batch_006,high,right,high,76_100,no,no,no,none,none,normal,no,good,none,no,complete,Clear full side view with strong flank pattern.,range_250_299,no
czlx_phase6_v2_0263,data/review_images/czechlynx/phase6_unique_500_v2_balanced/czlx_phase6_v2_0263.jpg,czlx_phase6_v2_0263,clearer image-quality proxy for normal evidence behavior,high_evidence_proxy__coat_unknown__pose_train,high_evidence_proxy,batch_006,high,right,high,51_75,yes,no,no,mild,partial,normal,no,good,partial_body,no,complete,Close cropped side/flank view; strong pattern but partial body.,range_250_299,no
czlx_phase6_v2_0264,data/review_images/czechlynx/phase6_unique_500_v2_balanced/czlx_phase6_v2_0264.jpg,czlx_phase6_v2_0264,clearer image-quality proxy for normal evidence behavior,high_evidence_proxy__coat_unknown__pose_unmarked,high_evidence_proxy,batch_006,medium,unknown,medium,76_100,no,yes,no,mild,none,normal,no,good,frontal_or_rear_view,no,complete,Rear/oblique color view; markings visible but side comparability limited.,range_250_299,no
czlx_phase6_v2_0265,data/review_images/czechlynx/phase6_unique_500_v2_balanced/czlx_phase6_v2_0265.jpg,czlx_phase6_v2_0265,clearer image-quality proxy for normal evidence behavior,high_evidence_proxy__marbled__pose_unmarked,high_evidence_proxy,batch_006,high,left,high,76_100,no,no,no,none,none,normal,no,good,none,no,complete,Clear daylight side view with strong pattern.,range_250_299,no
czlx_phase6_v2_0266,data/review_images/czechlynx/phase6_unique_500_v2_balanced/czlx_phase6_v2_0266.jpg,czlx_phase6_v2_0266,clearer image-quality proxy for normal evidence behavior,high_evidence_proxy__coat_unknown__pose_unmarked,high_evidence_proxy,batch_006,high,right,high,76_100,no,no,no,mild,none,normal,yes,good,none,no,complete,IR side view with visible spots and full body.,range_250_299,no
czlx_phase6_v2_0267,data/review_images/czechlynx/phase6_unique_500_v2_balanced/czlx_phase6_v2_0267.jpg,czlx_phase6_v2_0267,clearer image-quality proxy for normal evidence behavior,high_evidence_proxy__coat_unknown__pose_unmarked,high_evidence_proxy,batch_006,high,left,high,26_50,yes,unknown,no,mild,partial,normal,no,good,partial_body,no,complete,Close hindquarter/flank crop with strong spots; partial-body evidence only.,range_250_299,no
czlx_phase6_v2_0268,data/review_images/czechlynx/phase6_unique_500_v2_balanced/czlx_phase6_v2_0268.jpg,czlx_phase6_v2_0268,clearer image-quality proxy for normal evidence behavior,high_evidence_proxy__spotted__pose_unmarked,high_evidence_proxy,batch_006,medium,left,medium,51_75,yes,no,no,moderate,partial,normal,no,low,blur,no,complete,Blurred partial side body; pattern visible but degraded.,range_250_299,no
czlx_phase6_v2_0269,data/review_images/czechlynx/phase6_unique_500_v2_balanced/czlx_phase6_v2_0269.jpg,czlx_phase6_v2_0269,clearer image-quality proxy for normal evidence behavior,high_evidence_proxy__spotted__pose_unmarked,high_evidence_proxy,batch_006,high,right,high,76_100,no,no,no,none,partial,normal,no,good,none,no,complete,Clear side view with strong pattern; minor terrain occlusion.,range_250_299,no
czlx_phase6_v2_0270,data/review_images/czechlynx/phase6_unique_500_v2_balanced/czlx_phase6_v2_0270.jpg,czlx_phase6_v2_0270,clearer image-quality proxy for normal evidence behavior,high_evidence_proxy__coat_unknown__pose_test,high_evidence_proxy,batch_006,high,left,high,76_100,no,no,no,none,none,normal,no,good,none,no,complete,Clear daylight side image with high pattern visibility.,range_250_299,no
czlx_phase6_v2_0271,data/review_images/czechlynx/phase6_unique_500_v2_balanced/czlx_phase6_v2_0271.jpg,czlx_phase6_v2_0271,clearer image-quality proxy for normal evidence behavior,high_evidence_proxy__coat_unknown__pose_test,high_evidence_proxy,batch_006,medium,right,medium,76_100,no,no,no,moderate,none,normal,no,low,blur,no,complete,Motion-blurred side view; spots visible but reduced.,range_250_299,no
czlx_phase6_v2_0272,data/review_images/czechlynx/phase6_unique_500_v2_balanced/czlx_phase6_v2_0272.jpg,czlx_phase6_v2_0272,low-quality but likely annotatable evidence proxy for degradation modeling,low_but_annotatable_proxy__coat_unknown__pose_unmarked,low_but_annotatable_proxy,batch_006,low,right,low,26_50,yes,unknown,no,severe,none,normal,yes,low,partial_body,no,complete,Close partial body crop with heavy blur; poor evidence but field labels are stable enough.,range_250_299,no
czlx_phase6_v2_0273,data/review_images/czechlynx/phase6_unique_500_v2_balanced/czlx_phase6_v2_0273.jpg,czlx_phase6_v2_0273,low-quality but likely annotatable evidence proxy for degradation modeling,low_but_annotatable_proxy__spotted__pose_unmarked,low_but_annotatable_proxy,batch_006,low,unknown,low,76_100,no,yes,no,mild,none,underexposed,yes,low,frontal_or_rear_view,no,complete,Rear/back IR view; low pattern comparability but stable label.,range_250_299,no
czlx_phase6_v2_0274,data/review_images/czechlynx/phase6_unique_500_v2_balanced/czlx_phase6_v2_0274.jpg,czlx_phase6_v2_0274,low-quality but likely annotatable evidence proxy for degradation modeling,low_but_annotatable_proxy__coat_unknown__pose_unmarked,low_but_annotatable_proxy,batch_006,none,unknown,none,76_100,no,yes,yes,moderate,major,underexposed,yes,low,frontal_or_rear_view,no,complete,Dark eye-shine/front view; body boundary and silhouette/frontal labels are not stable.,range_250_299,yes
czlx_phase6_v2_0275,data/review_images/czechlynx/phase6_unique_500_v2_balanced/czlx_phase6_v2_0275.jpg,czlx_phase6_v2_0275,low-quality but likely annotatable evidence proxy for degradation modeling,low_but_annotatable_proxy__coat_unknown__pose_unmarked,low_but_annotatable_proxy,batch_006,high,left,high,51_75,yes,no,no,mild,partial,normal,yes,good,partial_body,no,complete,Close side/flank crop with strong visible spots; partial body.,range_250_299,no
czlx_phase6_v2_0276,data/review_images/czechlynx/phase6_unique_500_v2_balanced/czlx_phase6_v2_0276.jpg,czlx_phase6_v2_0276,low-quality but likely annotatable evidence proxy for degradation modeling,low_but_annotatable_proxy__coat_unknown__pose_unmarked,low_but_annotatable_proxy,batch_006,high,right,high,76_100,no,no,no,mild,none,normal,yes,good,none,no,complete,IR side view with clear spotted pattern.,range_250_299,no
czlx_phase6_v2_0277,data/review_images/czechlynx/phase6_unique_500_v2_balanced/czlx_phase6_v2_0277.jpg,czlx_phase6_v2_0277,low-quality but likely annotatable evidence proxy for degradation modeling,low_but_annotatable_proxy__coat_unknown__pose_unmarked,low_but_annotatable_proxy,batch_006,none,left,none,76_100,no,unknown,yes,severe,major,normal,yes,low,blur,no,complete,Foggy/obscured IR frame; animal body and side labels are unstable.,range_250_299,yes
czlx_phase6_v2_0278,data/review_images/czechlynx/phase6_unique_500_v2_balanced/czlx_phase6_v2_0278.jpg,czlx_phase6_v2_0278,low-quality but likely annotatable evidence proxy for degradation modeling,low_but_annotatable_proxy__coat_unknown__pose_unmarked,low_but_annotatable_proxy,batch_006,medium,unknown,medium,76_100,no,yes,no,mild,none,underexposed,no,low,frontal_or_rear_view,no,complete,Frontal/oblique dark color view; spots visible but side evidence limited.,range_250_299,no
czlx_phase6_v2_0279,data/review_images/czechlynx/phase6_unique_500_v2_balanced/czlx_phase6_v2_0279.jpg,czlx_phase6_v2_0279,low-quality but likely annotatable evidence proxy for degradation modeling,low_but_annotatable_proxy__coat_unknown__pose_unmarked,low_but_annotatable_proxy,batch_006,none,left,none,76_100,no,no,yes,severe,major,normal,yes,low,blur,no,complete,"Very hazy IR body; view, side, and silhouette status are unstable.",range_250_299,yes
czlx_phase6_v2_0280,data/review_images/czechlynx/phase6_unique_500_v2_balanced/czlx_phase6_v2_0280.jpg,czlx_phase6_v2_0280,low-quality but likely annotatable evidence proxy for degradation modeling,low_but_annotatable_proxy__coat_unknown__pose_unmarked,low_but_annotatable_proxy,batch_006,high,left,high,51_75,yes,no,no,mild,partial,normal,no,good,partial_body,no,complete,Close side/flank crop with clear pattern.,range_250_299,no
czlx_phase6_v2_0281,data/review_images/czechlynx/phase6_unique_500_v2_balanced/czlx_phase6_v2_0281.jpg,czlx_phase6_v2_0281,low-quality but likely annotatable evidence proxy for degradation modeling,low_but_annotatable_proxy__spotted__pose_unmarked,low_but_annotatable_proxy,batch_006,none,unknown,none,0_25,no,no,yes,severe,major,underexposed,yes,low,pattern_not_visible,no,complete,Mostly dark partial/occluded frame; animal body region is unclear.,range_250_299,yes
czlx_phase6_v2_0282,data/review_images/czechlynx/phase6_unique_500_v2_balanced/czlx_phase6_v2_0282.jpg,czlx_phase6_v2_0282,low-quality but likely annotatable evidence proxy for degradation modeling,low_but_annotatable_proxy__spotted__pose_unmarked,low_but_annotatable_proxy,batch_006,medium,left,medium,51_75,yes,no,no,mild,partial,normal,no,good,partial_body,no,complete,Close flank/leg crop; pattern visible but partial body.,range_250_299,no
czlx_phase6_v2_0283,data/review_images/czechlynx/phase6_unique_500_v2_balanced/czlx_phase6_v2_0283.jpg,czlx_phase6_v2_0283,medium-quality evidence proxy with moderate degradation or ordinary variation,medium_evidence_proxy__coat_unknown__pose_unmarked,medium_evidence_proxy,batch_006,none,unknown,none,0_25,no,yes,yes,severe,major,normal,yes,low,blur,no,complete,Severely blurred vertical animal shape; body fraction and view labels need review.,range_250_299,yes
czlx_phase6_v2_0284,data/review_images/czechlynx/phase6_unique_500_v2_balanced/czlx_phase6_v2_0284.jpg,czlx_phase6_v2_0284,medium-quality evidence proxy with moderate degradation or ordinary variation,medium_evidence_proxy__coat_unknown__pose_unmarked,medium_evidence_proxy,batch_006,none,unknown,none,76_100,no,yes,no,mild,none,normal,no,low,frontal_or_rear_view,no,complete,Rear view; animal visible but flank pattern not useful.,range_250_299,no
czlx_phase6_v2_0285,data/review_images/czechlynx/phase6_unique_500_v2_balanced/czlx_phase6_v2_0285.jpg,czlx_phase6_v2_0285,medium-quality evidence proxy with moderate degradation or ordinary variation,medium_evidence_proxy__spotted__pose_unmarked,medium_evidence_proxy,batch_006,medium,unknown,medium,51_75,yes,yes,no,moderate,partial,normal,no,low,blur,no,complete,Close frontal/side partial head-body view; visible pattern but blurred.,range_250_299,no
czlx_phase6_v2_0286,data/review_images/czechlynx/phase6_unique_500_v2_balanced/czlx_phase6_v2_0286.jpg,czlx_phase6_v2_0286,medium-quality evidence proxy with moderate degradation or ordinary variation,medium_evidence_proxy__spotted__pose_unmarked,medium_evidence_proxy,batch_006,high,right,high,76_100,no,no,no,mild,none,normal,yes,good,none,no,complete,IR side view with strong spotted pattern.,range_250_299,no
czlx_phase6_v2_0287,data/review_images/czechlynx/phase6_unique_500_v2_balanced/czlx_phase6_v2_0287.jpg,czlx_phase6_v2_0287,medium-quality evidence proxy with moderate degradation or ordinary variation,medium_evidence_proxy__spotted__pose_unmarked,medium_evidence_proxy,batch_006,medium,left,medium,51_75,yes,no,no,mild,partial,normal,no,low,partial_body,no,complete,Close partial flank/body crop; pattern visible but incomplete.,range_250_299,no
czlx_phase6_v2_0288,data/review_images/czechlynx/phase6_unique_500_v2_balanced/czlx_phase6_v2_0288.jpg,czlx_phase6_v2_0288,medium-quality evidence proxy with moderate degradation or ordinary variation,medium_evidence_proxy__coat_unknown__pose_unmarked,medium_evidence_proxy,batch_006,high,right,high,76_100,no,no,no,none,partial,mixed,no,good,none,no,complete,Side view with color/processing artifact; pattern still visible and labelable.,range_250_299,no
czlx_phase6_v2_0289,data/review_images/czechlynx/phase6_unique_500_v2_balanced/czlx_phase6_v2_0289.jpg,czlx_phase6_v2_0289,medium-quality evidence proxy with moderate degradation or ordinary variation,medium_evidence_proxy__coat_unknown__pose_test,medium_evidence_proxy,batch_006,medium,left,medium,76_100,no,no,no,mild,none,normal,yes,low,low_contrast,no,complete,IR side view with visible but low-contrast pattern.,range_250_299,no
czlx_phase6_v2_0290,data/review_images/czechlynx/phase6_unique_500_v2_balanced/czlx_phase6_v2_0290.jpg,czlx_phase6_v2_0290,medium-quality evidence proxy with moderate degradation or ordinary variation,medium_evidence_proxy__spotted__pose_unmarked,medium_evidence_proxy,batch_006,high,right,high,76_100,no,no,no,mild,partial,normal,yes,good,none,no,complete,IR side/oblique body with clear spots; minor occlusion.,range_250_299,no
czlx_phase6_v2_0291,data/review_images/czechlynx/phase6_unique_500_v2_balanced/czlx_phase6_v2_0291.jpg,czlx_phase6_v2_0291,medium-quality evidence proxy with moderate degradation or ordinary variation,medium_evidence_proxy__spotted__pose_unmarked,medium_evidence_proxy,batch_006,medium,unknown,medium,76_100,no,yes,no,mild,partial,normal,yes,good,frontal_or_rear_view,no,complete,Rear view with visible spots; side comparability limited.,range_250_299,no
czlx_phase6_v2_0292,data/review_images/czechlynx/phase6_unique_500_v2_balanced/czlx_phase6_v2_0292.jpg,czlx_phase6_v2_0292,medium-quality evidence proxy with moderate degradation or ordinary variation,medium_evidence_proxy__marbled__pose_unmarked,medium_evidence_proxy,batch_006,low,unknown,low,76_100,no,no,no,severe,none,normal,yes,low,blur,no,complete,Full-body IR image with severe motion blur; broad labels stable.,range_250_299,no
czlx_phase6_v2_0293,data/review_images/czechlynx/phase6_unique_500_v2_balanced/czlx_phase6_v2_0293.jpg,czlx_phase6_v2_0293,medium-quality evidence proxy with moderate degradation or ordinary variation,medium_evidence_proxy__coat_unknown__pose_unmarked,medium_evidence_proxy,batch_006,medium,left,medium,76_100,no,no,no,mild,none,overexposed,no,low,overexposed,no,complete,Side view with bright snow and partial black border; pattern visible.,range_250_299,no
czlx_phase6_v2_0294,data/review_images/czechlynx/phase6_unique_500_v2_balanced/czlx_phase6_v2_0294.jpg,czlx_phase6_v2_0294,medium-quality evidence proxy with moderate degradation or ordinary variation,medium_evidence_proxy__coat_unknown__pose_unmarked,medium_evidence_proxy,batch_006,medium,right,medium,76_100,no,no,no,mild,none,overexposed,no,low,overexposed,no,complete,Bright/hazy side view with visible pattern.,range_250_299,no
czlx_phase6_v2_0295,data/review_images/czechlynx/phase6_unique_500_v2_balanced/czlx_phase6_v2_0295.jpg,czlx_phase6_v2_0295,medium-quality evidence proxy with moderate degradation or ordinary variation,medium_evidence_proxy__coat_unknown__pose_unmarked,medium_evidence_proxy,batch_006,medium,unknown,low,76_100,no,unknown,no,mild,partial,normal,yes,good,side_unknown,no,complete,Unusual lying/rotated pose; side and frontal/rear interpretation are unstable.,range_250_299,yes
czlx_phase6_v2_0296,data/review_images/czechlynx/phase6_unique_500_v2_balanced/czlx_phase6_v2_0296.jpg,czlx_phase6_v2_0296,medium-quality evidence proxy with moderate degradation or ordinary variation,medium_evidence_proxy__coat_unknown__pose_unmarked,medium_evidence_proxy,batch_006,high,left,high,76_100,no,no,no,none,none,normal,no,good,none,no,complete,Clear color side view with strong pattern.,range_250_299,no
czlx_phase6_v2_0297,data/review_images/czechlynx/phase6_unique_500_v2_balanced/czlx_phase6_v2_0297.jpg,czlx_phase6_v2_0297,medium-quality evidence proxy with moderate degradation or ordinary variation,medium_evidence_proxy__coat_unknown__pose_unmarked,medium_evidence_proxy,batch_006,high,unknown,medium,26_50,yes,unknown,no,mild,partial,normal,yes,good,partial_body,no,complete,Close flank crop with strong pattern; partial-body only.,range_250_299,no
czlx_phase6_v2_0298,data/review_images/czechlynx/phase6_unique_500_v2_balanced/czlx_phase6_v2_0298.jpg,czlx_phase6_v2_0298,medium-quality evidence proxy with moderate degradation or ordinary variation,medium_evidence_proxy__coat_unknown__pose_unmarked,medium_evidence_proxy,batch_006,low,right,low,51_75,yes,no,no,severe,partial,overexposed,yes,low,blur,no,complete,Overexposed blurred partial side body; low evidence but labelable.,range_250_299,no
czlx_phase6_v2_0299,data/review_images/czechlynx/phase6_unique_500_v2_balanced/czlx_phase6_v2_0299.jpg,czlx_phase6_v2_0299,medium-quality evidence proxy with moderate degradation or ordinary variation,medium_evidence_proxy__spotted__pose_unmarked,medium_evidence_proxy,batch_006,medium,unknown,medium,76_100,no,yes,no,mild,none,normal,no,low,frontal_or_rear_view,no,complete,Rear/side color view; pattern visible but not side-comparable.,range_250_299,no
czlx_phase6_v2_0300,data/review_images/czechlynx/phase6_unique_500_v2_balanced/czlx_phase6_v2_0300.jpg,czlx_phase6_v2_0300,extreme visual condition proxy; retained under strict cap for defer/exclude modeling,extreme_hard_proxy__coat_unknown__pose_unmarked,extreme_hard_proxy,batch_007,none,unknown,none,0_25,yes,unknown,yes,severe,major,underexposed,yes,low,pattern_not_visible,no,complete,Near-empty dark frame; animal/body region is too faint for stable side and body-fraction labeling.,range_300_349,yes
czlx_phase6_v2_0301,data/review_images/czechlynx/phase6_unique_500_v2_balanced/czlx_phase6_v2_0301.jpg,czlx_phase6_v2_0301,extreme visual condition proxy; retained under strict cap for defer/exclude modeling,extreme_hard_proxy__coat_unknown__pose_unmarked,extreme_hard_proxy,batch_007,none,unknown,none,0_25,yes,unknown,yes,severe,major,underexposed,yes,low,pattern_not_visible,no,complete,Very dark partial body/silhouette near frame edge; view and body coverage are unstable.,range_300_349,yes
czlx_phase6_v2_0302,data/review_images/czechlynx/phase6_unique_500_v2_balanced/czlx_phase6_v2_0302.jpg,czlx_phase6_v2_0302,extreme visual condition proxy; retained under strict cap for defer/exclude modeling,extreme_hard_proxy__coat_unknown__pose_unmarked,extreme_hard_proxy,batch_007,medium,unknown,low,51_75,yes,yes,no,moderate,partial,underexposed,no,low,frontal_or_rear_view,no,complete,Dark rear/close body view; markings visible but side evidence is limited.,range_300_349,no
czlx_phase6_v2_0303,data/review_images/czechlynx/phase6_unique_500_v2_balanced/czlx_phase6_v2_0303.jpg,czlx_phase6_v2_0303,extreme visual condition proxy; retained under strict cap for defer/exclude modeling,extreme_hard_proxy__coat_unknown__pose_test,extreme_hard_proxy,batch_007,medium,right,medium,76_100,no,no,no,mild,none,underexposed,no,low,low_contrast,no,complete,Dark color side view; body and pattern are visible but contrast is low.,range_300_349,no
czlx_phase6_v2_0304,data/review_images/czechlynx/phase6_unique_500_v2_balanced/czlx_phase6_v2_0304.jpg,czlx_phase6_v2_0304,extreme visual condition proxy; retained under strict cap for defer/exclude modeling,extreme_hard_proxy__marbled__pose_train,extreme_hard_proxy,batch_007,medium,right,medium,76_100,no,no,no,mild,none,overexposed,no,low,overexposed,no,complete,Overexposed side view; animal outline and spots still labelable.,range_300_349,no
czlx_phase6_v2_0305,data/review_images/czechlynx/phase6_unique_500_v2_balanced/czlx_phase6_v2_0305.jpg,czlx_phase6_v2_0305,extreme visual condition proxy; retained under strict cap for defer/exclude modeling,extreme_hard_proxy__coat_unknown__pose_test,extreme_hard_proxy,batch_007,high,right,high,76_100,no,no,no,none,none,underexposed,no,good,none,no,complete,Clear color side view with strong spotted pattern.,range_300_349,no
czlx_phase6_v2_0306,data/review_images/czechlynx/phase6_unique_500_v2_balanced/czlx_phase6_v2_0306.jpg,czlx_phase6_v2_0306,extreme visual condition proxy; retained under strict cap for defer/exclude modeling,extreme_hard_proxy__coat_unknown__pose_test,extreme_hard_proxy,batch_007,high,right,high,76_100,no,no,no,mild,none,underexposed,no,good,none,no,complete,Dark side view with strong pattern visibility.,range_300_349,no
czlx_phase6_v2_0307,data/review_images/czechlynx/phase6_unique_500_v2_balanced/czlx_phase6_v2_0307.jpg,czlx_phase6_v2_0307,clearer image-quality proxy for normal evidence behavior,high_evidence_proxy__spotted__pose_unmarked,high_evidence_proxy,batch_007,high,right,high,51_75,yes,no,no,mild,partial,normal,yes,good,partial_body,no,complete,IR close side/body crop with clear pattern but incomplete body coverage.,range_300_349,no
czlx_phase6_v2_0308,data/review_images/czechlynx/phase6_unique_500_v2_balanced/czlx_phase6_v2_0308.jpg,czlx_phase6_v2_0308,clearer image-quality proxy for normal evidence behavior,high_evidence_proxy__coat_unknown__pose_test,high_evidence_proxy,batch_007,medium,unknown,medium,76_100,no,yes,no,mild,none,normal,no,good,frontal_or_rear_view,no,complete,Seated rear/oblique view; markings visible but side comparability is limited.,range_300_349,no
czlx_phase6_v2_0309,data/review_images/czechlynx/phase6_unique_500_v2_balanced/czlx_phase6_v2_0309.jpg,czlx_phase6_v2_0309,clearer image-quality proxy for normal evidence behavior,high_evidence_proxy__coat_unknown__pose_unmarked,high_evidence_proxy,batch_007,high,left,high,76_100,no,no,no,none,none,normal,no,good,none,no,complete,Clear daylight side view with strong pattern.,range_300_349,no
czlx_phase6_v2_0310,data/review_images/czechlynx/phase6_unique_500_v2_balanced/czlx_phase6_v2_0310.jpg,czlx_phase6_v2_0310,clearer image-quality proxy for normal evidence behavior,high_evidence_proxy__spotted__pose_unmarked,high_evidence_proxy,batch_007,medium,right,medium,76_100,no,no,no,mild,partial,overexposed,yes,low,overexposed,no,complete,Bright IR side view; pattern visible but exposure and foreground reduce detail.,range_300_349,no
czlx_phase6_v2_0311,data/review_images/czechlynx/phase6_unique_500_v2_balanced/czlx_phase6_v2_0311.jpg,czlx_phase6_v2_0311,clearer image-quality proxy for normal evidence behavior,high_evidence_proxy__coat_unknown__pose_unmarked,high_evidence_proxy,batch_007,high,right,high,76_100,no,no,no,mild,partial,normal,yes,good,none,no,complete,IR side view with clear pattern; mild obstruction near flank.,range_300_349,no
czlx_phase6_v2_0312,data/review_images/czechlynx/phase6_unique_500_v2_balanced/czlx_phase6_v2_0312.jpg,czlx_phase6_v2_0312,clearer image-quality proxy for normal evidence behavior,high_evidence_proxy__coat_unknown__pose_train,high_evidence_proxy,batch_007,high,right,high,76_100,no,no,no,none,none,normal,no,good,none,no,complete,Clear color side profile with high pattern visibility.,range_300_349,no
czlx_phase6_v2_0313,data/review_images/czechlynx/phase6_unique_500_v2_balanced/czlx_phase6_v2_0313.jpg,czlx_phase6_v2_0313,clearer image-quality proxy for normal evidence behavior,high_evidence_proxy__coat_unknown__pose_train,high_evidence_proxy,batch_007,high,right,high,76_100,no,no,no,mild,none,normal,no,good,none,no,complete,"Collared lynx, clear side view with strong spots.",range_300_349,no
czlx_phase6_v2_0314,data/review_images/czechlynx/phase6_unique_500_v2_balanced/czlx_phase6_v2_0314.jpg,czlx_phase6_v2_0314,clearer image-quality proxy for normal evidence behavior,high_evidence_proxy__coat_unknown__pose_unmarked,high_evidence_proxy,batch_007,high,left,high,76_100,no,no,no,none,none,normal,no,good,none,no,complete,High-quality side image with visible flank pattern.,range_300_349,no
czlx_phase6_v2_0315,data/review_images/czechlynx/phase6_unique_500_v2_balanced/czlx_phase6_v2_0315.jpg,czlx_phase6_v2_0315,clearer image-quality proxy for normal evidence behavior,high_evidence_proxy__spotted__pose_unmarked,high_evidence_proxy,batch_007,high,left,high,76_100,no,no,no,none,none,normal,no,good,none,no,complete,Clear side view on rock; strong pattern and full body.,range_300_349,no
czlx_phase6_v2_0316,data/review_images/czechlynx/phase6_unique_500_v2_balanced/czlx_phase6_v2_0316.jpg,czlx_phase6_v2_0316,clearer image-quality proxy for normal evidence behavior,high_evidence_proxy__spotted__pose_unmarked,high_evidence_proxy,batch_007,high,unknown,medium,51_75,yes,yes,no,mild,partial,normal,no,good,frontal_or_rear_view,no,complete,Rear-facing close view; pattern clear on hindquarters but not side-comparable.,range_300_349,no
czlx_phase6_v2_0317,data/review_images/czechlynx/phase6_unique_500_v2_balanced/czlx_phase6_v2_0317.jpg,czlx_phase6_v2_0317,clearer image-quality proxy for normal evidence behavior,high_evidence_proxy__coat_unknown__pose_unmarked,high_evidence_proxy,batch_007,high,right,high,76_100,no,no,no,none,none,normal,no,good,none,no,complete,Clear color side profile.,range_300_349,no
czlx_phase6_v2_0318,data/review_images/czechlynx/phase6_unique_500_v2_balanced/czlx_phase6_v2_0318.jpg,czlx_phase6_v2_0318,clearer image-quality proxy for normal evidence behavior,high_evidence_proxy__coat_unknown__pose_unmarked,high_evidence_proxy,batch_007,high,unknown,medium,76_100,no,yes,no,mild,partial,normal,yes,good,frontal_or_rear_view,no,complete,Rear/oblique IR view with strong spots; side comparability limited.,range_300_349,no
czlx_phase6_v2_0319,data/review_images/czechlynx/phase6_unique_500_v2_balanced/czlx_phase6_v2_0319.jpg,czlx_phase6_v2_0319,clearer image-quality proxy for normal evidence behavior,high_evidence_proxy__spotted__pose_unmarked,high_evidence_proxy,batch_007,high,right,high,76_100,no,no,no,none,none,normal,yes,good,none,no,complete,Clear IR side/oblique view with strong pattern.,range_300_349,no
czlx_phase6_v2_0320,data/review_images/czechlynx/phase6_unique_500_v2_balanced/czlx_phase6_v2_0320.jpg,czlx_phase6_v2_0320,clearer image-quality proxy for normal evidence behavior,high_evidence_proxy__coat_unknown__pose_test,high_evidence_proxy,batch_007,medium,unknown,low,76_100,no,yes,no,mild,none,normal,no,low,frontal_or_rear_view,no,complete,Rear vertical posture; no clean side evidence but field labels are stable.,range_300_349,no
czlx_phase6_v2_0321,data/review_images/czechlynx/phase6_unique_500_v2_balanced/czlx_phase6_v2_0321.jpg,czlx_phase6_v2_0321,clearer image-quality proxy for normal evidence behavior,high_evidence_proxy__coat_unknown__pose_unmarked,high_evidence_proxy,batch_007,high,left,high,76_100,no,no,no,mild,none,normal,no,good,none,no,complete,Color side view with strong pattern and mild blur.,range_300_349,no
czlx_phase6_v2_0322,data/review_images/czechlynx/phase6_unique_500_v2_balanced/czlx_phase6_v2_0322.jpg,czlx_phase6_v2_0322,low-quality but likely annotatable evidence proxy for degradation modeling,low_but_annotatable_proxy__coat_unknown__pose_unmarked,low_but_annotatable_proxy,batch_007,low,unknown,medium,51_75,yes,no,no,moderate,partial,normal,yes,good,side_unknown,no,complete,Two animals or overlapping body regions may be present; target body and side label are ambiguous.,range_300_349,yes
czlx_phase6_v2_0323,data/review_images/czechlynx/phase6_unique_500_v2_balanced/czlx_phase6_v2_0323.jpg,czlx_phase6_v2_0323,low-quality but likely annotatable evidence proxy for degradation modeling,low_but_annotatable_proxy__coat_unknown__pose_unmarked,low_but_annotatable_proxy,batch_007,medium,right,medium,76_100,no,no,no,mild,partial,normal,yes,low,low_contrast,no,complete,IR side view with eye-shine; body visible but contrast and occlusion reduce evidence.,range_300_349,no
czlx_phase6_v2_0324,data/review_images/czechlynx/phase6_unique_500_v2_balanced/czlx_phase6_v2_0324.jpg,czlx_phase6_v2_0324,low-quality but likely annotatable evidence proxy for degradation modeling,low_but_annotatable_proxy__spotted__pose_unmarked,low_but_annotatable_proxy,batch_007,low,unknown,low,51_75,yes,yes,no,severe,partial,normal,yes,low,blur,no,complete,Blurred rear/partial IR body; low evidence but broad visual factors are stable.,range_300_349,no
czlx_phase6_v2_0325,data/review_images/czechlynx/phase6_unique_500_v2_balanced/czlx_phase6_v2_0325.jpg,czlx_phase6_v2_0325,low-quality but likely annotatable evidence proxy for degradation modeling,low_but_annotatable_proxy__coat_unknown__pose_train,low_but_annotatable_proxy,batch_007,high,right,high,76_100,no,no,no,none,none,underexposed,no,good,none,no,complete,Dark color side view with clear pattern.,range_300_349,no
czlx_phase6_v2_0326,data/review_images/czechlynx/phase6_unique_500_v2_balanced/czlx_phase6_v2_0326.jpg,czlx_phase6_v2_0326,low-quality but likely annotatable evidence proxy for degradation modeling,low_but_annotatable_proxy__coat_unknown__pose_unmarked,low_but_annotatable_proxy,batch_007,high,right,high,76_100,no,no,no,mild,partial,normal,no,good,none,no,complete,Color side/oblique view with strong pattern; foreground grass partly occludes.,range_300_349,no
czlx_phase6_v2_0327,data/review_images/czechlynx/phase6_unique_500_v2_balanced/czlx_phase6_v2_0327.jpg,czlx_phase6_v2_0327,low-quality but likely annotatable evidence proxy for degradation modeling,low_but_annotatable_proxy__spotted__pose_unmarked,low_but_annotatable_proxy,batch_007,high,right,high,76_100,no,no,no,none,none,normal,no,good,none,no,complete,Snowy blue-tint side profile with clear pattern.,range_300_349,no
czlx_phase6_v2_0328,data/review_images/czechlynx/phase6_unique_500_v2_balanced/czlx_phase6_v2_0328.jpg,czlx_phase6_v2_0328,low-quality but likely annotatable evidence proxy for degradation modeling,low_but_annotatable_proxy__spotted__pose_unmarked,low_but_annotatable_proxy,batch_007,medium,unknown,medium,76_100,no,yes,no,moderate,partial,underexposed,no,low,frontal_or_rear_view,no,complete,Rear/oblique dark view; body and some markings visible but not clean side evidence.,range_300_349,no
czlx_phase6_v2_0329,data/review_images/czechlynx/phase6_unique_500_v2_balanced/czlx_phase6_v2_0329.jpg,czlx_phase6_v2_0329,low-quality but likely annotatable evidence proxy for degradation modeling,low_but_annotatable_proxy__marbled__pose_unmarked,low_but_annotatable_proxy,batch_007,high,right,high,51_75,yes,no,no,mild,partial,normal,yes,good,partial_body,no,complete,IR partial side crop with clear spots.,range_300_349,no
czlx_phase6_v2_0330,data/review_images/czechlynx/phase6_unique_500_v2_balanced/czlx_phase6_v2_0330.jpg,czlx_phase6_v2_0330,low-quality but likely annotatable evidence proxy for degradation modeling,low_but_annotatable_proxy__coat_unknown__pose_unmarked,low_but_annotatable_proxy,batch_007,low,unknown,low,76_100,no,no,no,moderate,none,normal,yes,low,low_contrast,no,complete,Low-contrast IR side/oblique body; labelable despite weak pattern.,range_300_349,no
czlx_phase6_v2_0331,data/review_images/czechlynx/phase6_unique_500_v2_balanced/czlx_phase6_v2_0331.jpg,czlx_phase6_v2_0331,low-quality but likely annotatable evidence proxy for degradation modeling,low_but_annotatable_proxy__coat_unknown__pose_train,low_but_annotatable_proxy,batch_007,medium,right,medium,76_100,no,no,no,mild,none,overexposed,no,low,overexposed,no,complete,Overexposed side view; spots visible but washed.,range_300_349,no
czlx_phase6_v2_0332,data/review_images/czechlynx/phase6_unique_500_v2_balanced/czlx_phase6_v2_0332.jpg,czlx_phase6_v2_0332,low-quality but likely annotatable evidence proxy for degradation modeling,low_but_annotatable_proxy__coat_unknown__pose_train,low_but_annotatable_proxy,batch_007,medium,right,medium,76_100,no,no,no,mild,none,overexposed,no,low,overexposed,no,complete,Bright side view; pattern visible but exposure lowers quality.,range_300_349,no
czlx_phase6_v2_0333,data/review_images/czechlynx/phase6_unique_500_v2_balanced/czlx_phase6_v2_0333.jpg,czlx_phase6_v2_0333,medium-quality evidence proxy with moderate degradation or ordinary variation,medium_evidence_proxy__coat_unknown__pose_unmarked,medium_evidence_proxy,batch_007,medium,left,medium,76_100,no,no,no,moderate,none,normal,no,low,blur,no,complete,Leaping side view with motion blur; pattern visible.,range_300_349,no
czlx_phase6_v2_0334,data/review_images/czechlynx/phase6_unique_500_v2_balanced/czlx_phase6_v2_0334.jpg,czlx_phase6_v2_0334,medium-quality evidence proxy with moderate degradation or ordinary variation,medium_evidence_proxy__spotted__pose_unmarked,medium_evidence_proxy,batch_007,medium,unknown,medium,51_75,yes,yes,no,mild,none,normal,yes,good,frontal_or_rear_view,no,complete,Close frontal/oblique IR body; pattern visible but not side-comparable.,range_300_349,no
czlx_phase6_v2_0335,data/review_images/czechlynx/phase6_unique_500_v2_balanced/czlx_phase6_v2_0335.jpg,czlx_phase6_v2_0335,medium-quality evidence proxy with moderate degradation or ordinary variation,medium_evidence_proxy__coat_unknown__pose_unmarked,medium_evidence_proxy,batch_007,none,unknown,none,26_50,yes,no,yes,severe,major,normal,yes,low,pattern_not_visible,no,complete,Very washed-out IR partial body; body boundary and side/view labeling are unstable.,range_300_349,yes
czlx_phase6_v2_0336,data/review_images/czechlynx/phase6_unique_500_v2_balanced/czlx_phase6_v2_0336.jpg,czlx_phase6_v2_0336,medium-quality evidence proxy with moderate degradation or ordinary variation,medium_evidence_proxy__coat_unknown__pose_test,medium_evidence_proxy,batch_007,low,right,low,76_100,no,no,no,moderate,partial,underexposed,yes,low,low_contrast,no,complete,Dark IR side view partly covered by branches; weak but labelable pattern.,range_300_349,no
czlx_phase6_v2_0337,data/review_images/czechlynx/phase6_unique_500_v2_balanced/czlx_phase6_v2_0337.jpg,czlx_phase6_v2_0337,medium-quality evidence proxy with moderate degradation or ordinary variation,medium_evidence_proxy__spotted__pose_unmarked,medium_evidence_proxy,batch_007,high,left,high,76_100,no,no,no,mild,none,normal,no,good,none,no,complete,Clear color side image with strong pattern.,range_300_349,no
czlx_phase6_v2_0338,data/review_images/czechlynx/phase6_unique_500_v2_balanced/czlx_phase6_v2_0338.jpg,czlx_phase6_v2_0338,medium-quality evidence proxy with moderate degradation or ordinary variation,medium_evidence_proxy__marbled__pose_unmarked,medium_evidence_proxy,batch_007,high,unknown,medium,76_100,no,yes,no,mild,none,normal,no,good,frontal_or_rear_view,no,complete,Rear/oblique standing color view; spots clear but side evidence limited.,range_300_349,no
czlx_phase6_v2_0339,data/review_images/czechlynx/phase6_unique_500_v2_balanced/czlx_phase6_v2_0339.jpg,czlx_phase6_v2_0339,medium-quality evidence proxy with moderate degradation or ordinary variation,medium_evidence_proxy__coat_unknown__pose_unmarked,medium_evidence_proxy,batch_007,none,unknown,none,0_25,yes,no,yes,severe,major,normal,yes,low,pattern_not_visible,no,complete,Mostly artifact/empty frame; animal evidence is too limited for stable annotation.,range_300_349,yes
czlx_phase6_v2_0340,data/review_images/czechlynx/phase6_unique_500_v2_balanced/czlx_phase6_v2_0340.jpg,czlx_phase6_v2_0340,medium-quality evidence proxy with moderate degradation or ordinary variation,medium_evidence_proxy__marbled__pose_unmarked,medium_evidence_proxy,batch_007,high,right,high,76_100,no,no,no,none,partial,normal,no,good,none,no,complete,Color side image with strong pattern; mild branch/terrain obstruction.,range_300_349,no
czlx_phase6_v2_0341,data/review_images/czechlynx/phase6_unique_500_v2_balanced/czlx_phase6_v2_0341.jpg,czlx_phase6_v2_0341,medium-quality evidence proxy with moderate degradation or ordinary variation,medium_evidence_proxy__marbled__pose_unmarked,medium_evidence_proxy,batch_007,none,unknown,none,76_100,no,no,yes,severe,partial,normal,no,low,other,no,complete,Distant blurry non-standard animal/body appearance; target/body interpretation is uncertain.,range_300_349,yes
czlx_phase6_v2_0342,data/review_images/czechlynx/phase6_unique_500_v2_balanced/czlx_phase6_v2_0342.jpg,czlx_phase6_v2_0342,medium-quality evidence proxy with moderate degradation or ordinary variation,medium_evidence_proxy__coat_unknown__pose_unmarked,medium_evidence_proxy,batch_007,high,right,high,76_100,no,no,no,mild,partial,normal,no,good,none,no,complete,"Color side view with clear pattern, slightly cropped.",range_300_349,no
czlx_phase6_v2_0343,data/review_images/czechlynx/phase6_unique_500_v2_balanced/czlx_phase6_v2_0343.jpg,czlx_phase6_v2_0343,medium-quality evidence proxy with moderate degradation or ordinary variation,medium_evidence_proxy__coat_unknown__pose_unmarked,medium_evidence_proxy,batch_007,low,unknown,low,76_100,no,no,no,moderate,none,normal,no,low,low_contrast,no,complete,Backlit snowy side/oblique view; pattern weak but labelable.,range_300_349,no
czlx_phase6_v2_0344,data/review_images/czechlynx/phase6_unique_500_v2_balanced/czlx_phase6_v2_0344.jpg,czlx_phase6_v2_0344,medium-quality evidence proxy with moderate degradation or ordinary variation,medium_evidence_proxy__coat_unknown__pose_unmarked,medium_evidence_proxy,batch_007,high,right,high,76_100,no,no,no,mild,partial,normal,yes,good,none,no,complete,IR side/oblique body with clear spots; minor foreground occlusion.,range_300_349,no
czlx_phase6_v2_0345,data/review_images/czechlynx/phase6_unique_500_v2_balanced/czlx_phase6_v2_0345.jpg,czlx_phase6_v2_0345,medium-quality evidence proxy with moderate degradation or ordinary variation,medium_evidence_proxy__coat_unknown__pose_unmarked,medium_evidence_proxy,batch_007,medium,unknown,medium,51_75,yes,yes,no,mild,partial,normal,yes,good,frontal_or_rear_view,no,complete,Rear-biased IR image; body and spots visible but not side-comparable.,range_300_349,no
czlx_phase6_v2_0346,data/review_images/czechlynx/phase6_unique_500_v2_balanced/czlx_phase6_v2_0346.jpg,czlx_phase6_v2_0346,medium-quality evidence proxy with moderate degradation or ordinary variation,medium_evidence_proxy__coat_unknown__pose_test,medium_evidence_proxy,batch_007,high,left,high,76_100,no,no,no,mild,partial,normal,yes,good,none,no,complete,IR side view with strong pattern; partial branch obstruction.,range_300_349,no
czlx_phase6_v2_0347,data/review_images/czechlynx/phase6_unique_500_v2_balanced/czlx_phase6_v2_0347.jpg,czlx_phase6_v2_0347,medium-quality evidence proxy with moderate degradation or ordinary variation,medium_evidence_proxy__coat_unknown__pose_train,medium_evidence_proxy,batch_007,high,right,high,76_100,no,no,no,none,none,normal,no,good,none,no,complete,Clear snowy side profile with strong pattern.,range_300_349,no
czlx_phase6_v2_0348,data/review_images/czechlynx/phase6_unique_500_v2_balanced/czlx_phase6_v2_0348.jpg,czlx_phase6_v2_0348,medium-quality evidence proxy with moderate degradation or ordinary variation,medium_evidence_proxy__coat_unknown__pose_unmarked,medium_evidence_proxy,batch_007,none,unknown,none,51_75,yes,yes,no,mild,none,overexposed,yes,low,frontal_or_rear_view,no,complete,Rear/front-biased IR view; no useful side pattern but label is stable.,range_300_349,no
czlx_phase6_v2_0349,data/review_images/czechlynx/phase6_unique_500_v2_balanced/czlx_phase6_v2_0349.jpg,czlx_phase6_v2_0349,medium-quality evidence proxy with moderate degradation or ordinary variation,medium_evidence_proxy__coat_unknown__pose_train,medium_evidence_proxy,batch_007,high,right,high,76_100,no,no,no,none,none,normal,no,good,none,no,complete,Clear night color side image with strong pattern.,range_300_349,no
czlx_phase6_v2_0350,data/review_images/czechlynx/phase6_unique_500_v2_balanced/czlx_phase6_v2_0350.jpg,czlx_phase6_v2_0350,extreme visual condition proxy; retained under strict cap for defer/exclude modeling,extreme_hard_proxy__spotted__pose_unmarked,extreme_hard_proxy,batch_008,medium,unknown,low,51_75,yes,unknown,no,mild,partial,overexposed,no,low,overexposed,no,complete,Severely overexposed partial body; side/body fraction and true pattern visibility are unstable.,range_350_399,yes
czlx_phase6_v2_0351,data/review_images/czechlynx/phase6_unique_500_v2_balanced/czlx_phase6_v2_0351.jpg,czlx_phase6_v2_0351,extreme visual condition proxy; retained under strict cap for defer/exclude modeling,extreme_hard_proxy__coat_unknown__pose_unmarked,extreme_hard_proxy,batch_008,low,right,low,76_100,no,no,no,mild,none,underexposed,no,low,low_contrast,no,complete,Very dark color side view; body visible but pattern evidence is weak.,range_350_399,no
czlx_phase6_v2_0352,data/review_images/czechlynx/phase6_unique_500_v2_balanced/czlx_phase6_v2_0352.jpg,czlx_phase6_v2_0352,extreme visual condition proxy; retained under strict cap for defer/exclude modeling,extreme_hard_proxy__spotted__pose_unmarked,extreme_hard_proxy,batch_008,high,right,high,76_100,no,no,no,mild,none,underexposed,no,good,none,no,complete,Dark side view with clear visible spots.,range_350_399,no
czlx_phase6_v2_0353,data/review_images/czechlynx/phase6_unique_500_v2_balanced/czlx_phase6_v2_0353.jpg,czlx_phase6_v2_0353,extreme visual condition proxy; retained under strict cap for defer/exclude modeling,extreme_hard_proxy__coat_unknown__pose_unmarked,extreme_hard_proxy,batch_008,medium,left,medium,51_75,yes,no,no,mild,partial,underexposed,no,low,partial_body,no,complete,Close partial side body; pattern visible but body coverage is incomplete.,range_350_399,no
czlx_phase6_v2_0354,data/review_images/czechlynx/phase6_unique_500_v2_balanced/czlx_phase6_v2_0354.jpg,czlx_phase6_v2_0354,extreme visual condition proxy; retained under strict cap for defer/exclude modeling,extreme_hard_proxy__spotted__pose_unmarked,extreme_hard_proxy,batch_008,low,left,low,51_75,yes,no,no,mild,partial,overexposed,no,low,overexposed,no,complete,Overexposed partial side body; low but stable evidence.,range_350_399,no
czlx_phase6_v2_0355,data/review_images/czechlynx/phase6_unique_500_v2_balanced/czlx_phase6_v2_0355.jpg,czlx_phase6_v2_0355,extreme visual condition proxy; retained under strict cap for defer/exclude modeling,extreme_hard_proxy__coat_unknown__pose_unmarked,extreme_hard_proxy,batch_008,none,unknown,none,0_25,yes,unknown,yes,severe,major,underexposed,yes,low,pattern_not_visible,no,complete,Tiny dark animal region; body and side labels are too unstable.,range_350_399,yes
czlx_phase6_v2_0356,data/review_images/czechlynx/phase6_unique_500_v2_balanced/czlx_phase6_v2_0356.jpg,czlx_phase6_v2_0356,extreme visual condition proxy; retained under strict cap for defer/exclude modeling,extreme_hard_proxy__coat_unknown__pose_test,extreme_hard_proxy,batch_008,medium,right,medium,76_100,no,no,no,mild,none,underexposed,no,low,low_contrast,no,complete,Dark color side view; pattern visible but low contrast.,range_350_399,no
czlx_phase6_v2_0357,data/review_images/czechlynx/phase6_unique_500_v2_balanced/czlx_phase6_v2_0357.jpg,czlx_phase6_v2_0357,clearer image-quality proxy for normal evidence behavior,high_evidence_proxy__marbled__pose_train,high_evidence_proxy,batch_008,high,right,high,76_100,no,no,no,mild,none,overexposed,no,good,none,no,complete,Full side view with clear pattern despite bright exposure.,range_350_399,no
czlx_phase6_v2_0358,data/review_images/czechlynx/phase6_unique_500_v2_balanced/czlx_phase6_v2_0358.jpg,czlx_phase6_v2_0358,clearer image-quality proxy for normal evidence behavior,high_evidence_proxy__coat_unknown__pose_train,high_evidence_proxy,batch_008,high,right,high,76_100,no,no,no,mild,none,overexposed,no,good,none,no,complete,Bright color side view with strong pattern.,range_350_399,no
czlx_phase6_v2_0359,data/review_images/czechlynx/phase6_unique_500_v2_balanced/czlx_phase6_v2_0359.jpg,czlx_phase6_v2_0359,clearer image-quality proxy for normal evidence behavior,high_evidence_proxy__coat_unknown__pose_unmarked,high_evidence_proxy,batch_008,high,right,high,76_100,no,no,no,mild,partial,normal,no,good,none,no,complete,Clear side view with strong pattern and minor foreground/edge crop.,range_350_399,no
czlx_phase6_v2_0360,data/review_images/czechlynx/phase6_unique_500_v2_balanced/czlx_phase6_v2_0360.jpg,czlx_phase6_v2_0360,clearer image-quality proxy for normal evidence behavior,high_evidence_proxy__marbled__pose_unmarked,high_evidence_proxy,batch_008,medium,unknown,medium,76_100,no,yes,no,mild,none,normal,no,good,frontal_or_rear_view,no,complete,Resting/rear-oblique view with visible spots but limited side comparability.,range_350_399,no
czlx_phase6_v2_0361,data/review_images/czechlynx/phase6_unique_500_v2_balanced/czlx_phase6_v2_0361.jpg,czlx_phase6_v2_0361,clearer image-quality proxy for normal evidence behavior,high_evidence_proxy__coat_unknown__pose_test,high_evidence_proxy,batch_008,high,unknown,medium,76_100,no,yes,no,mild,none,normal,no,good,frontal_or_rear_view,no,complete,Rear/oblique color view; pattern clear but side evidence limited.,range_350_399,no
czlx_phase6_v2_0362,data/review_images/czechlynx/phase6_unique_500_v2_balanced/czlx_phase6_v2_0362.jpg,czlx_phase6_v2_0362,clearer image-quality proxy for normal evidence behavior,high_evidence_proxy__marbled__pose_unmarked,high_evidence_proxy,batch_008,medium,unknown,medium,76_100,no,yes,no,mild,partial,overexposed,no,low,frontal_or_rear_view,no,complete,Rear/frontal-biased sitting view; markings visible but not side-comparable.,range_350_399,no
czlx_phase6_v2_0363,data/review_images/czechlynx/phase6_unique_500_v2_balanced/czlx_phase6_v2_0363.jpg,czlx_phase6_v2_0363,clearer image-quality proxy for normal evidence behavior,high_evidence_proxy__coat_unknown__pose_unmarked,high_evidence_proxy,batch_008,high,right,high,76_100,no,no,no,mild,none,normal,no,good,none,no,complete,Clear color side view with strong pattern.,range_350_399,no
czlx_phase6_v2_0364,data/review_images/czechlynx/phase6_unique_500_v2_balanced/czlx_phase6_v2_0364.jpg,czlx_phase6_v2_0364,clearer image-quality proxy for normal evidence behavior,high_evidence_proxy__spotted__pose_unmarked,high_evidence_proxy,batch_008,medium,right,medium,76_100,no,no,no,severe,none,normal,no,low,blur,no,complete,Full side view but heavy motion blur reduces pattern reliability.,range_350_399,no
czlx_phase6_v2_0365,data/review_images/czechlynx/phase6_unique_500_v2_balanced/czlx_phase6_v2_0365.jpg,czlx_phase6_v2_0365,clearer image-quality proxy for normal evidence behavior,high_evidence_proxy__coat_unknown__pose_unmarked,high_evidence_proxy,batch_008,medium,right,medium,51_75,yes,no,no,mild,partial,normal,yes,good,partial_body,no,complete,IR partial side image with visible spots and some foreground occlusion.,range_350_399,no
czlx_phase6_v2_0366,data/review_images/czechlynx/phase6_unique_500_v2_balanced/czlx_phase6_v2_0366.jpg,czlx_phase6_v2_0366,clearer image-quality proxy for normal evidence behavior,high_evidence_proxy__marbled__pose_unmarked,high_evidence_proxy,batch_008,low,unknown,low,76_100,no,yes,no,mild,none,overexposed,no,low,overexposed,no,complete,Severely overexposed standing/front-biased view; labelable but low pattern quality.,range_350_399,no
czlx_phase6_v2_0367,data/review_images/czechlynx/phase6_unique_500_v2_balanced/czlx_phase6_v2_0367.jpg,czlx_phase6_v2_0367,clearer image-quality proxy for normal evidence behavior,high_evidence_proxy__coat_unknown__pose_unmarked,high_evidence_proxy,batch_008,high,right,high,76_100,no,no,no,none,none,normal,no,good,none,no,complete,Color side view with strong pattern.,range_350_399,no
czlx_phase6_v2_0368,data/review_images/czechlynx/phase6_unique_500_v2_balanced/czlx_phase6_v2_0368.jpg,czlx_phase6_v2_0368,clearer image-quality proxy for normal evidence behavior,high_evidence_proxy__coat_unknown__pose_unmarked,high_evidence_proxy,batch_008,low,unknown,low,51_75,yes,unknown,no,moderate,partial,normal,no,low,partial_body,no,complete,Partial/occluded body with uncertain side and body fraction.,range_350_399,yes
czlx_phase6_v2_0369,data/review_images/czechlynx/phase6_unique_500_v2_balanced/czlx_phase6_v2_0369.jpg,czlx_phase6_v2_0369,clearer image-quality proxy for normal evidence behavior,high_evidence_proxy__coat_unknown__pose_unmarked,high_evidence_proxy,batch_008,high,left,high,76_100,no,no,no,none,none,normal,no,good,none,no,complete,Clear daylight side image with strong pattern.,range_350_399,no
czlx_phase6_v2_0370,data/review_images/czechlynx/phase6_unique_500_v2_balanced/czlx_phase6_v2_0370.jpg,czlx_phase6_v2_0370,clearer image-quality proxy for normal evidence behavior,high_evidence_proxy__coat_unknown__pose_train,high_evidence_proxy,batch_008,high,right,high,76_100,no,no,no,none,none,normal,no,good,none,no,complete,Clear snowy side profile with strong pattern.,range_350_399,no
czlx_phase6_v2_0371,data/review_images/czechlynx/phase6_unique_500_v2_balanced/czlx_phase6_v2_0371.jpg,czlx_phase6_v2_0371,clearer image-quality proxy for normal evidence behavior,high_evidence_proxy__spotted__pose_unmarked,high_evidence_proxy,batch_008,high,right,high,76_100,no,no,no,mild,partial,normal,yes,good,none,no,complete,IR side/lying view with strong visible pattern; partial crop/foreground only.,range_350_399,no
czlx_phase6_v2_0372,data/review_images/czechlynx/phase6_unique_500_v2_balanced/czlx_phase6_v2_0372.jpg,czlx_phase6_v2_0372,low-quality but likely annotatable evidence proxy for degradation modeling,low_but_annotatable_proxy__coat_unknown__pose_unmarked,low_but_annotatable_proxy,batch_008,medium,right,medium,76_100,no,no,no,mild,none,normal,no,low,low_contrast,no,complete,Blue-tint side view; pattern visible but contrast reduced.,range_350_399,no
czlx_phase6_v2_0373,data/review_images/czechlynx/phase6_unique_500_v2_balanced/czlx_phase6_v2_0373.jpg,czlx_phase6_v2_0373,low-quality but likely annotatable evidence proxy for degradation modeling,low_but_annotatable_proxy__coat_unknown__pose_unmarked,low_but_annotatable_proxy,batch_008,medium,right,medium,76_100,no,no,no,mild,none,normal,yes,low,low_contrast,no,complete,IR side view with visible pattern but reduced contrast.,range_350_399,no
czlx_phase6_v2_0374,data/review_images/czechlynx/phase6_unique_500_v2_balanced/czlx_phase6_v2_0374.jpg,czlx_phase6_v2_0374,low-quality but likely annotatable evidence proxy for degradation modeling,low_but_annotatable_proxy__coat_unknown__pose_unmarked,low_but_annotatable_proxy,batch_008,none,unknown,none,51_75,yes,unknown,yes,severe,major,normal,yes,low,blur,no,complete,Severely blurred IR body; side/body fraction and silhouette state are unstable.,range_350_399,yes
czlx_phase6_v2_0375,data/review_images/czechlynx/phase6_unique_500_v2_balanced/czlx_phase6_v2_0375.jpg,czlx_phase6_v2_0375,low-quality but likely annotatable evidence proxy for degradation modeling,low_but_annotatable_proxy__coat_unknown__pose_unmarked,low_but_annotatable_proxy,batch_008,low,right,low,76_100,no,no,no,moderate,none,normal,yes,low,low_contrast,no,complete,Over-bright IR side view; weak pattern but stable labels.,range_350_399,no
czlx_phase6_v2_0376,data/review_images/czechlynx/phase6_unique_500_v2_balanced/czlx_phase6_v2_0376.jpg,czlx_phase6_v2_0376,low-quality but likely annotatable evidence proxy for degradation modeling,low_but_annotatable_proxy__coat_unknown__pose_unmarked,low_but_annotatable_proxy,batch_008,low,right,low,76_100,no,no,no,moderate,none,normal,yes,low,low_contrast,no,complete,"Low-contrast IR side view; body visible, pattern weak.",range_350_399,no
czlx_phase6_v2_0377,data/review_images/czechlynx/phase6_unique_500_v2_balanced/czlx_phase6_v2_0377.jpg,czlx_phase6_v2_0377,low-quality but likely annotatable evidence proxy for degradation modeling,low_but_annotatable_proxy__coat_unknown__pose_unmarked,low_but_annotatable_proxy,batch_008,low,unknown,low,51_75,yes,yes,no,severe,partial,normal,yes,low,blur,no,complete,Small blurry eye-shine/body crop; view and body coverage unstable.,range_350_399,yes
czlx_phase6_v2_0378,data/review_images/czechlynx/phase6_unique_500_v2_balanced/czlx_phase6_v2_0378.jpg,czlx_phase6_v2_0378,low-quality but likely annotatable evidence proxy for degradation modeling,low_but_annotatable_proxy__coat_unknown__pose_unmarked,low_but_annotatable_proxy,batch_008,none,unknown,none,0_25,yes,unknown,yes,severe,major,normal,yes,low,pattern_not_visible,no,complete,Very low-information IR frame; animal presence/body region are not stable enough.,range_350_399,yes
czlx_phase6_v2_0379,data/review_images/czechlynx/phase6_unique_500_v2_balanced/czlx_phase6_v2_0379.jpg,czlx_phase6_v2_0379,low-quality but likely annotatable evidence proxy for degradation modeling,low_but_annotatable_proxy__coat_unknown__pose_unmarked,low_but_annotatable_proxy,batch_008,medium,right,medium,76_100,no,no,no,mild,none,normal,no,low,low_contrast,no,complete,Blue snow side view; full body visible but contrast reduced.,range_350_399,no
czlx_phase6_v2_0380,data/review_images/czechlynx/phase6_unique_500_v2_balanced/czlx_phase6_v2_0380.jpg,czlx_phase6_v2_0380,low-quality but likely annotatable evidence proxy for degradation modeling,low_but_annotatable_proxy__coat_unknown__pose_unmarked,low_but_annotatable_proxy,batch_008,medium,left,medium,76_100,no,no,no,mild,none,normal,yes,low,low_contrast,no,complete,"IR side/standing view; spots visible through haze, low contrast.",range_350_399,no
czlx_phase6_v2_0381,data/review_images/czechlynx/phase6_unique_500_v2_balanced/czlx_phase6_v2_0381.jpg,czlx_phase6_v2_0381,low-quality but likely annotatable evidence proxy for degradation modeling,low_but_annotatable_proxy__coat_unknown__pose_unmarked,low_but_annotatable_proxy,batch_008,medium,left,medium,51_75,yes,no,no,moderate,partial,normal,yes,low,blur,no,complete,IR partial side/rear view with blur and rocks; labelable.,range_350_399,no
czlx_phase6_v2_0382,data/review_images/czechlynx/phase6_unique_500_v2_balanced/czlx_phase6_v2_0382.jpg,czlx_phase6_v2_0382,low-quality but likely annotatable evidence proxy for degradation modeling,low_but_annotatable_proxy__coat_unknown__pose_unmarked,low_but_annotatable_proxy,batch_008,high,right,high,76_100,no,no,no,none,none,normal,no,good,none,no,complete,Close side/rump view with strong spots.,range_350_399,no
czlx_phase6_v2_0383,data/review_images/czechlynx/phase6_unique_500_v2_balanced/czlx_phase6_v2_0383.jpg,czlx_phase6_v2_0383,medium-quality evidence proxy with moderate degradation or ordinary variation,medium_evidence_proxy__coat_unknown__pose_unmarked,medium_evidence_proxy,batch_008,medium,unknown,medium,76_100,no,yes,no,mild,none,normal,yes,good,frontal_or_rear_view,no,complete,Rear IR view with clear spots but poor side comparability.,range_350_399,no
czlx_phase6_v2_0384,data/review_images/czechlynx/phase6_unique_500_v2_balanced/czlx_phase6_v2_0384.jpg,czlx_phase6_v2_0384,medium-quality evidence proxy with moderate degradation or ordinary variation,medium_evidence_proxy__coat_unknown__pose_unmarked,medium_evidence_proxy,batch_008,high,left,high,76_100,no,no,no,mild,none,normal,no,good,none,no,complete,Clear color side/rear-oblique view with strong pattern.,range_350_399,no
czlx_phase6_v2_0385,data/review_images/czechlynx/phase6_unique_500_v2_balanced/czlx_phase6_v2_0385.jpg,czlx_phase6_v2_0385,medium-quality evidence proxy with moderate degradation or ordinary variation,medium_evidence_proxy__spotted__pose_unmarked,medium_evidence_proxy,batch_008,low,unknown,low,26_50,yes,unknown,no,moderate,partial,normal,yes,low,partial_body,no,complete,Close IR partial crop with branches and timestamp; side/body fraction uncertain.,range_350_399,yes
czlx_phase6_v2_0386,data/review_images/czechlynx/phase6_unique_500_v2_balanced/czlx_phase6_v2_0386.jpg,czlx_phase6_v2_0386,medium-quality evidence proxy with moderate degradation or ordinary variation,medium_evidence_proxy__marbled__pose_train,medium_evidence_proxy,batch_008,high,right,high,76_100,no,no,no,mild,none,normal,no,good,none,no,complete,Clear side view with strong pattern.,range_350_399,no
czlx_phase6_v2_0387,data/review_images/czechlynx/phase6_unique_500_v2_balanced/czlx_phase6_v2_0387.jpg,czlx_phase6_v2_0387,medium-quality evidence proxy with moderate degradation or ordinary variation,medium_evidence_proxy__marbled__pose_unmarked,medium_evidence_proxy,batch_008,medium,unknown,medium,76_100,no,yes,no,mild,none,normal,no,good,frontal_or_rear_view,no,complete,Rear/oblique body with clear spots; side comparability limited.,range_350_399,no
czlx_phase6_v2_0388,data/review_images/czechlynx/phase6_unique_500_v2_balanced/czlx_phase6_v2_0388.jpg,czlx_phase6_v2_0388,medium-quality evidence proxy with moderate degradation or ordinary variation,medium_evidence_proxy__spotted__pose_unmarked,medium_evidence_proxy,batch_008,medium,unknown,medium,51_75,yes,yes,no,mild,none,normal,yes,good,frontal_or_rear_view,no,complete,Close rear/head-biased IR view; pattern visible but side evidence limited.,range_350_399,no
czlx_phase6_v2_0389,data/review_images/czechlynx/phase6_unique_500_v2_balanced/czlx_phase6_v2_0389.jpg,czlx_phase6_v2_0389,medium-quality evidence proxy with moderate degradation or ordinary variation,medium_evidence_proxy__coat_unknown__pose_test,medium_evidence_proxy,batch_008,high,right,high,76_100,no,no,no,mild,partial,normal,no,good,none,no,complete,Color side view with strong pattern; mild occlusion/pose limitation.,range_350_399,no
czlx_phase6_v2_0390,data/review_images/czechlynx/phase6_unique_500_v2_balanced/czlx_phase6_v2_0390.jpg,czlx_phase6_v2_0390,medium-quality evidence proxy with moderate degradation or ordinary variation,medium_evidence_proxy__coat_unknown__pose_unmarked,medium_evidence_proxy,batch_008,high,right,high,76_100,no,no,no,none,none,underexposed,no,good,none,no,complete,Night color side view with clear pattern.,range_350_399,no
czlx_phase6_v2_0391,data/review_images/czechlynx/phase6_unique_500_v2_balanced/czlx_phase6_v2_0391.jpg,czlx_phase6_v2_0391,medium-quality evidence proxy with moderate degradation or ordinary variation,medium_evidence_proxy__coat_unknown__pose_train,medium_evidence_proxy,batch_008,high,right,high,76_100,no,no,no,mild,none,normal,no,good,none,no,complete,Color side view with strong pattern.,range_350_399,no
czlx_phase6_v2_0392,data/review_images/czechlynx/phase6_unique_500_v2_balanced/czlx_phase6_v2_0392.jpg,czlx_phase6_v2_0392,medium-quality evidence proxy with moderate degradation or ordinary variation,medium_evidence_proxy__spotted__pose_unmarked,medium_evidence_proxy,batch_008,medium,right,medium,76_100,no,no,no,moderate,none,normal,no,low,blur,no,complete,Running side view; motion blur reduces pattern clarity.,range_350_399,no
czlx_phase6_v2_0393,data/review_images/czechlynx/phase6_unique_500_v2_balanced/czlx_phase6_v2_0393.jpg,czlx_phase6_v2_0393,medium-quality evidence proxy with moderate degradation or ordinary variation,medium_evidence_proxy__spotted__pose_unmarked,medium_evidence_proxy,batch_008,high,left,high,76_100,no,no,no,none,none,normal,no,good,none,no,complete,Night color side view with strong pattern.,range_350_399,no
czlx_phase6_v2_0394,data/review_images/czechlynx/phase6_unique_500_v2_balanced/czlx_phase6_v2_0394.jpg,czlx_phase6_v2_0394,medium-quality evidence proxy with moderate degradation or ordinary variation,medium_evidence_proxy__coat_unknown__pose_unmarked,medium_evidence_proxy,batch_008,medium,unknown,medium,76_100,no,yes,no,mild,none,normal,no,good,frontal_or_rear_view,no,complete,Rear/oblique snow view; pattern visible but not side-comparable.,range_350_399,no
czlx_phase6_v2_0395,data/review_images/czechlynx/phase6_unique_500_v2_balanced/czlx_phase6_v2_0395.jpg,czlx_phase6_v2_0395,medium-quality evidence proxy with moderate degradation or ordinary variation,medium_evidence_proxy__coat_unknown__pose_unmarked,medium_evidence_proxy,batch_008,high,unknown,medium,76_100,no,yes,no,mild,none,normal,yes,good,frontal_or_rear_view,no,complete,Lying/rear-biased IR view; pattern strong but side comparability limited.,range_350_399,no
czlx_phase6_v2_0396,data/review_images/czechlynx/phase6_unique_500_v2_balanced/czlx_phase6_v2_0396.jpg,czlx_phase6_v2_0396,medium-quality evidence proxy with moderate degradation or ordinary variation,medium_evidence_proxy__coat_unknown__pose_unmarked,medium_evidence_proxy,batch_008,medium,right,medium,76_100,no,no,no,mild,none,normal,no,low,low_contrast,no,complete,Blue-tint side view; body and spots visible but low contrast.,range_350_399,no
czlx_phase6_v2_0397,data/review_images/czechlynx/phase6_unique_500_v2_balanced/czlx_phase6_v2_0397.jpg,czlx_phase6_v2_0397,medium-quality evidence proxy with moderate degradation or ordinary variation,medium_evidence_proxy__coat_unknown__pose_train,medium_evidence_proxy,batch_008,high,right,high,76_100,no,no,no,mild,none,normal,no,good,none,no,complete,Clear night color side view with strong pattern.,range_350_399,no
czlx_phase6_v2_0398,data/review_images/czechlynx/phase6_unique_500_v2_balanced/czlx_phase6_v2_0398.jpg,czlx_phase6_v2_0398,medium-quality evidence proxy with moderate degradation or ordinary variation,medium_evidence_proxy__spotted__pose_unmarked,medium_evidence_proxy,batch_008,high,right,high,76_100,no,no,no,mild,none,overexposed,no,good,none,no,complete,Bright side view with strong pattern.,range_350_399,no
czlx_phase6_v2_0399,data/review_images/czechlynx/phase6_unique_500_v2_balanced/czlx_phase6_v2_0399.jpg,czlx_phase6_v2_0399,medium-quality evidence proxy with moderate degradation or ordinary variation,medium_evidence_proxy__spotted__pose_unmarked,medium_evidence_proxy,batch_008,high,unknown,medium,76_100,no,yes,no,mild,partial,normal,yes,good,frontal_or_rear_view,no,complete,IR frontal/rear-biased body with clear spots but limited side evidence.,range_350_399,no
czlx_phase6_v2_0400,data/review_images/czechlynx/phase6_unique_500_v2_balanced/czlx_phase6_v2_0400.jpg,czlx_phase6_v2_0400,extreme visual condition proxy; retained under strict cap for defer/exclude modeling,extreme_hard_proxy__spotted__pose_unmarked,extreme_hard_proxy,batch_009,medium,left,medium,76_100,no,no,no,mild,partial,overexposed,no,low,overexposed,no,complete,Severely bright side/back view; body and spots are visible enough for stable labels.,range_400_449,no
czlx_phase6_v2_0401,data/review_images/czechlynx/phase6_unique_500_v2_balanced/czlx_phase6_v2_0401.jpg,czlx_phase6_v2_0401,extreme visual condition proxy; retained under strict cap for defer/exclude modeling,extreme_hard_proxy__coat_unknown__pose_test,extreme_hard_proxy,batch_009,medium,right,medium,76_100,no,no,no,mild,none,underexposed,no,low,low_contrast,no,complete,Dark color side view; body and spots visible but low contrast.,range_400_449,no
czlx_phase6_v2_0402,data/review_images/czechlynx/phase6_unique_500_v2_balanced/czlx_phase6_v2_0402.jpg,czlx_phase6_v2_0402,extreme visual condition proxy; retained under strict cap for defer/exclude modeling,extreme_hard_proxy__coat_unknown__pose_unmarked,extreme_hard_proxy,batch_009,high,right,medium,76_100,no,no,no,mild,none,overexposed,yes,low,overexposed,no,complete,Overexposed IR side view; pattern visible but washed.,range_400_449,no
czlx_phase6_v2_0403,data/review_images/czechlynx/phase6_unique_500_v2_balanced/czlx_phase6_v2_0403.jpg,czlx_phase6_v2_0403,extreme visual condition proxy; retained under strict cap for defer/exclude modeling,extreme_hard_proxy__coat_unknown__pose_unmarked,extreme_hard_proxy,batch_009,medium,left,medium,76_100,no,no,no,mild,none,overexposed,no,low,overexposed,no,complete,Overexposed side/back view; pattern partly visible and fields are stable.,range_400_449,no
czlx_phase6_v2_0404,data/review_images/czechlynx/phase6_unique_500_v2_balanced/czlx_phase6_v2_0404.jpg,czlx_phase6_v2_0404,extreme visual condition proxy; retained under strict cap for defer/exclude modeling,extreme_hard_proxy__spotted__pose_unmarked,extreme_hard_proxy,batch_009,medium,right,medium,51_75,yes,no,no,mild,partial,underexposed,no,low,partial_body,no,complete,Dark close partial side/flank crop; pattern visible but body is incomplete.,range_400_449,no
czlx_phase6_v2_0405,data/review_images/czechlynx/phase6_unique_500_v2_balanced/czlx_phase6_v2_0405.jpg,czlx_phase6_v2_0405,extreme visual condition proxy; retained under strict cap for defer/exclude modeling,extreme_hard_proxy__coat_unknown__pose_unmarked,extreme_hard_proxy,batch_009,medium,right,medium,76_100,no,no,no,mild,partial,overexposed,no,low,overexposed,no,complete,Bright side view with tree/edge crop; pattern washed but labelable.,range_400_449,no
czlx_phase6_v2_0406,data/review_images/czechlynx/phase6_unique_500_v2_balanced/czlx_phase6_v2_0406.jpg,czlx_phase6_v2_0406,extreme visual condition proxy; retained under strict cap for defer/exclude modeling,extreme_hard_proxy__coat_unknown__pose_test,extreme_hard_proxy,batch_009,medium,right,medium,76_100,no,no,no,mild,none,underexposed,no,low,low_contrast,no,complete,Dark red-tint side view; animal and spots visible.,range_400_449,no
czlx_phase6_v2_0407,data/review_images/czechlynx/phase6_unique_500_v2_balanced/czlx_phase6_v2_0407.jpg,czlx_phase6_v2_0407,clearer image-quality proxy for normal evidence behavior,high_evidence_proxy__coat_unknown__pose_unmarked,high_evidence_proxy,batch_009,high,unknown,medium,76_100,no,yes,no,mild,partial,normal,no,good,frontal_or_rear_view,no,complete,Rear/oblique pair/body overlap; spotted evidence clear but side comparability limited.,range_400_449,no
czlx_phase6_v2_0408,data/review_images/czechlynx/phase6_unique_500_v2_balanced/czlx_phase6_v2_0408.jpg,czlx_phase6_v2_0408,clearer image-quality proxy for normal evidence behavior,high_evidence_proxy__coat_unknown__pose_unmarked,high_evidence_proxy,batch_009,high,unknown,medium,76_100,no,yes,no,mild,none,normal,no,good,frontal_or_rear_view,no,complete,Rear/side standing view; strong pattern but not clean side-comparable.,range_400_449,no
czlx_phase6_v2_0409,data/review_images/czechlynx/phase6_unique_500_v2_balanced/czlx_phase6_v2_0409.jpg,czlx_phase6_v2_0409,clearer image-quality proxy for normal evidence behavior,high_evidence_proxy__spotted__pose_unmarked,high_evidence_proxy,batch_009,high,right,high,76_100,no,no,no,none,none,normal,no,good,none,no,complete,Clear color side profile with strong pattern.,range_400_449,no
czlx_phase6_v2_0410,data/review_images/czechlynx/phase6_unique_500_v2_balanced/czlx_phase6_v2_0410.jpg,czlx_phase6_v2_0410,clearer image-quality proxy for normal evidence behavior,high_evidence_proxy__coat_unknown__pose_unmarked,high_evidence_proxy,batch_009,none,unknown,none,76_100,no,no,no,mild,none,normal,no,low,other,no,complete,Non-target deer-like animal; stable non-lynx visual exclusion.,range_400_449,no
czlx_phase6_v2_0411,data/review_images/czechlynx/phase6_unique_500_v2_balanced/czlx_phase6_v2_0411.jpg,czlx_phase6_v2_0411,clearer image-quality proxy for normal evidence behavior,high_evidence_proxy__coat_unknown__pose_unmarked,high_evidence_proxy,batch_009,medium,right,medium,76_100,no,no,no,mild,none,overexposed,no,low,overexposed,no,complete,Overexposed night side view; spots visible but washed.,range_400_449,no
czlx_phase6_v2_0412,data/review_images/czechlynx/phase6_unique_500_v2_balanced/czlx_phase6_v2_0412.jpg,czlx_phase6_v2_0412,clearer image-quality proxy for normal evidence behavior,high_evidence_proxy__coat_unknown__pose_test,high_evidence_proxy,batch_009,high,right,high,76_100,no,no,no,none,none,normal,no,good,none,no,complete,Clear snowy side view with strong pattern.,range_400_449,no
czlx_phase6_v2_0413,data/review_images/czechlynx/phase6_unique_500_v2_balanced/czlx_phase6_v2_0413.jpg,czlx_phase6_v2_0413,clearer image-quality proxy for normal evidence behavior,high_evidence_proxy__coat_unknown__pose_test,high_evidence_proxy,batch_009,high,right,high,76_100,no,no,no,mild,none,normal,no,good,none,no,complete,Clear side/oblique view with visible pattern.,range_400_449,no
czlx_phase6_v2_0414,data/review_images/czechlynx/phase6_unique_500_v2_balanced/czlx_phase6_v2_0414.jpg,czlx_phase6_v2_0414,clearer image-quality proxy for normal evidence behavior,high_evidence_proxy__coat_unknown__pose_unmarked,high_evidence_proxy,batch_009,low,right,low,76_100,no,no,no,severe,partial,normal,no,low,blur,no,complete,Full side view but severe motion blur reduces pattern evidence.,range_400_449,no
czlx_phase6_v2_0415,data/review_images/czechlynx/phase6_unique_500_v2_balanced/czlx_phase6_v2_0415.jpg,czlx_phase6_v2_0415,clearer image-quality proxy for normal evidence behavior,high_evidence_proxy__coat_unknown__pose_unmarked,high_evidence_proxy,batch_009,high,left,high,76_100,no,no,no,mild,none,normal,no,good,none,no,complete,Snowy side view with strong pattern.,range_400_449,no
czlx_phase6_v2_0416,data/review_images/czechlynx/phase6_unique_500_v2_balanced/czlx_phase6_v2_0416.jpg,czlx_phase6_v2_0416,clearer image-quality proxy for normal evidence behavior,high_evidence_proxy__coat_unknown__pose_unmarked,high_evidence_proxy,batch_009,medium,unknown,medium,51_75,yes,yes,no,mild,partial,normal,no,good,frontal_or_rear_view,no,complete,Frontal/oblique partial body; pattern visible but side evidence limited.,range_400_449,no
czlx_phase6_v2_0417,data/review_images/czechlynx/phase6_unique_500_v2_balanced/czlx_phase6_v2_0417.jpg,czlx_phase6_v2_0417,clearer image-quality proxy for normal evidence behavior,high_evidence_proxy__coat_unknown__pose_unmarked,high_evidence_proxy,batch_009,low,unknown,low,26_50,yes,unknown,no,severe,none,normal,no,low,blur,no,complete,Small blurry leaping animal; poor evidence but broad labels are stable.,range_400_449,no
czlx_phase6_v2_0418,data/review_images/czechlynx/phase6_unique_500_v2_balanced/czlx_phase6_v2_0418.jpg,czlx_phase6_v2_0418,clearer image-quality proxy for normal evidence behavior,high_evidence_proxy__coat_unknown__pose_train,high_evidence_proxy,batch_009,high,right,high,76_100,no,no,no,none,none,normal,no,good,none,no,complete,Clear night side profile with high pattern visibility.,range_400_449,no
czlx_phase6_v2_0419,data/review_images/czechlynx/phase6_unique_500_v2_balanced/czlx_phase6_v2_0419.jpg,czlx_phase6_v2_0419,clearer image-quality proxy for normal evidence behavior,high_evidence_proxy__coat_unknown__pose_unmarked,high_evidence_proxy,batch_009,medium,right,medium,76_100,no,no,no,mild,none,mixed,no,low,low_contrast,no,complete,Purple-tint side image; pattern visible but color/contrast artifact reduces quality.,range_400_449,no
czlx_phase6_v2_0420,data/review_images/czechlynx/phase6_unique_500_v2_balanced/czlx_phase6_v2_0420.jpg,czlx_phase6_v2_0420,clearer image-quality proxy for normal evidence behavior,high_evidence_proxy__coat_unknown__pose_unmarked,high_evidence_proxy,batch_009,high,unknown,medium,76_100,no,yes,no,mild,none,normal,yes,good,frontal_or_rear_view,no,complete,Rear/oblique IR view with clear spots; side comparability limited.,range_400_449,no
czlx_phase6_v2_0421,data/review_images/czechlynx/phase6_unique_500_v2_balanced/czlx_phase6_v2_0421.jpg,czlx_phase6_v2_0421,clearer image-quality proxy for normal evidence behavior,high_evidence_proxy__coat_unknown__pose_test,high_evidence_proxy,batch_009,medium,unknown,medium,76_100,no,yes,no,mild,partial,normal,no,good,frontal_or_rear_view,no,complete,Rear/oblique sitting color view; pattern visible but not side-comparable.,range_400_449,no
czlx_phase6_v2_0422,data/review_images/czechlynx/phase6_unique_500_v2_balanced/czlx_phase6_v2_0422.jpg,czlx_phase6_v2_0422,low-quality but likely annotatable evidence proxy for degradation modeling,low_but_annotatable_proxy__coat_unknown__pose_unmarked,low_but_annotatable_proxy,batch_009,medium,right,low,76_100,no,no,no,mild,none,underexposed,yes,low,low_contrast,no,complete,Dark IR side with eye-shine; body visible but pattern weak.,range_400_449,no
czlx_phase6_v2_0423,data/review_images/czechlynx/phase6_unique_500_v2_balanced/czlx_phase6_v2_0423.jpg,czlx_phase6_v2_0423,low-quality but likely annotatable evidence proxy for degradation modeling,low_but_annotatable_proxy__marbled__pose_unmarked,low_but_annotatable_proxy,batch_009,medium,right,medium,76_100,no,no,no,mild,partial,normal,yes,low,occlusion,no,complete,IR side/lying view; visible pattern but rocks/position partially obscure.,range_400_449,no
czlx_phase6_v2_0424,data/review_images/czechlynx/phase6_unique_500_v2_balanced/czlx_phase6_v2_0424.jpg,czlx_phase6_v2_0424,low-quality but likely annotatable evidence proxy for degradation modeling,low_but_annotatable_proxy__coat_unknown__pose_unmarked,low_but_annotatable_proxy,batch_009,low,unknown,low,76_100,no,no,no,severe,none,normal,yes,low,blur,no,complete,Full body but severe motion blur; broad view labels stable.,range_400_449,no
czlx_phase6_v2_0425,data/review_images/czechlynx/phase6_unique_500_v2_balanced/czlx_phase6_v2_0425.jpg,czlx_phase6_v2_0425,low-quality but likely annotatable evidence proxy for degradation modeling,low_but_annotatable_proxy__coat_unknown__pose_train,low_but_annotatable_proxy,batch_009,high,right,high,76_100,no,no,no,none,none,normal,no,good,none,no,complete,Clear side profile with strong spots.,range_400_449,no
czlx_phase6_v2_0426,data/review_images/czechlynx/phase6_unique_500_v2_balanced/czlx_phase6_v2_0426.jpg,czlx_phase6_v2_0426,low-quality but likely annotatable evidence proxy for degradation modeling,low_but_annotatable_proxy__marbled__pose_unmarked,low_but_annotatable_proxy,batch_009,none,unknown,none,0_25,yes,unknown,yes,severe,major,normal,yes,low,pattern_not_visible,no,complete,Blurred cloud/partial body only; animal boundary and side/body fraction unstable.,range_400_449,yes
czlx_phase6_v2_0427,data/review_images/czechlynx/phase6_unique_500_v2_balanced/czlx_phase6_v2_0427.jpg,czlx_phase6_v2_0427,low-quality but likely annotatable evidence proxy for degradation modeling,low_but_annotatable_proxy__coat_unknown__pose_train,low_but_annotatable_proxy,batch_009,medium,right,medium,76_100,no,no,no,mild,partial,underexposed,no,low,low_contrast,no,complete,Dark side view with visible spots; low contrast and brush reduce evidence.,range_400_449,no
czlx_phase6_v2_0428,data/review_images/czechlynx/phase6_unique_500_v2_balanced/czlx_phase6_v2_0428.jpg,czlx_phase6_v2_0428,low-quality but likely annotatable evidence proxy for degradation modeling,low_but_annotatable_proxy__spotted__pose_unmarked,low_but_annotatable_proxy,batch_009,medium,unknown,medium,26_50,yes,unknown,no,moderate,partial,normal,no,low,partial_body,no,complete,Close partial flank/rump crop; pattern visible but body is incomplete.,range_400_449,no
czlx_phase6_v2_0429,data/review_images/czechlynx/phase6_unique_500_v2_balanced/czlx_phase6_v2_0429.jpg,czlx_phase6_v2_0429,low-quality but likely annotatable evidence proxy for degradation modeling,low_but_annotatable_proxy__coat_unknown__pose_unmarked,low_but_annotatable_proxy,batch_009,medium,right,medium,76_100,no,no,no,mild,none,mixed,no,low,low_contrast,no,complete,Pink-tint side view; pattern visible but color artifact reduces contrast.,range_400_449,no
czlx_phase6_v2_0430,data/review_images/czechlynx/phase6_unique_500_v2_balanced/czlx_phase6_v2_0430.jpg,czlx_phase6_v2_0430,low-quality but likely annotatable evidence proxy for degradation modeling,low_but_annotatable_proxy__spotted__pose_unmarked,low_but_annotatable_proxy,batch_009,medium,right,medium,76_100,no,no,no,mild,none,normal,yes,low,low_contrast,no,complete,IR side view; body and spots visible with low contrast.,range_400_449,no
czlx_phase6_v2_0431,data/review_images/czechlynx/phase6_unique_500_v2_balanced/czlx_phase6_v2_0431.jpg,czlx_phase6_v2_0431,low-quality but likely annotatable evidence proxy for degradation modeling,low_but_annotatable_proxy__spotted__pose_unmarked,low_but_annotatable_proxy,batch_009,low,unknown,low,51_75,yes,yes,no,moderate,none,normal,no,low,blur,no,complete,Close frontal/oblique blurred view; low pattern quality but stable broad labels.,range_400_449,no
czlx_phase6_v2_0432,data/review_images/czechlynx/phase6_unique_500_v2_balanced/czlx_phase6_v2_0432.jpg,czlx_phase6_v2_0432,low-quality but likely annotatable evidence proxy for degradation modeling,low_but_annotatable_proxy__coat_unknown__pose_unmarked,low_but_annotatable_proxy,batch_009,none,unknown,none,0_25,yes,unknown,no,mild,partial,normal,no,low,partial_body,no,complete,Only edge leg/flank fragment is visible; side and body fraction require review.,range_400_449,yes
czlx_phase6_v2_0433,data/review_images/czechlynx/phase6_unique_500_v2_balanced/czlx_phase6_v2_0433.jpg,czlx_phase6_v2_0433,medium-quality evidence proxy with moderate degradation or ordinary variation,medium_evidence_proxy__coat_unknown__pose_train,medium_evidence_proxy,batch_009,high,right,high,76_100,no,no,no,none,none,overexposed,no,good,none,no,complete,Bright full side view with strong pattern.,range_400_449,no
czlx_phase6_v2_0434,data/review_images/czechlynx/phase6_unique_500_v2_balanced/czlx_phase6_v2_0434.jpg,czlx_phase6_v2_0434,medium-quality evidence proxy with moderate degradation or ordinary variation,medium_evidence_proxy__marbled__pose_unmarked,medium_evidence_proxy,batch_009,none,unknown,low,76_100,no,yes,no,severe,none,normal,no,low,blur,no,complete,Tiny blurred animal; body fraction and side/view labels are unstable.,range_400_449,yes
czlx_phase6_v2_0435,data/review_images/czechlynx/phase6_unique_500_v2_balanced/czlx_phase6_v2_0435.jpg,czlx_phase6_v2_0435,medium-quality evidence proxy with moderate degradation or ordinary variation,medium_evidence_proxy__coat_unknown__pose_train,medium_evidence_proxy,batch_009,high,right,high,76_100,no,no,no,none,none,normal,no,good,none,no,complete,Clear side profile with strong spots.,range_400_449,no
czlx_phase6_v2_0436,data/review_images/czechlynx/phase6_unique_500_v2_balanced/czlx_phase6_v2_0436.jpg,czlx_phase6_v2_0436,medium-quality evidence proxy with moderate degradation or ordinary variation,medium_evidence_proxy__coat_unknown__pose_train,medium_evidence_proxy,batch_009,high,right,high,76_100,no,no,no,mild,none,normal,no,good,none,no,complete,Night side view with visible spotted pattern.,range_400_449,no
czlx_phase6_v2_0437,data/review_images/czechlynx/phase6_unique_500_v2_balanced/czlx_phase6_v2_0437.jpg,czlx_phase6_v2_0437,medium-quality evidence proxy with moderate degradation or ordinary variation,medium_evidence_proxy__coat_unknown__pose_unmarked,medium_evidence_proxy,batch_009,low,unknown,low,51_75,yes,yes,yes,severe,major,normal,yes,low,blur,no,complete,Dark blurred partial animal; view and side evidence are unstable.,range_400_449,yes
czlx_phase6_v2_0438,data/review_images/czechlynx/phase6_unique_500_v2_balanced/czlx_phase6_v2_0438.jpg,czlx_phase6_v2_0438,medium-quality evidence proxy with moderate degradation or ordinary variation,medium_evidence_proxy__spotted__pose_unmarked,medium_evidence_proxy,batch_009,medium,unknown,medium,76_100,no,yes,no,mild,none,normal,yes,low,frontal_or_rear_view,no,complete,Frontal/rear-biased IR body; spots visible but limited side comparability.,range_400_449,no
czlx_phase6_v2_0439,data/review_images/czechlynx/phase6_unique_500_v2_balanced/czlx_phase6_v2_0439.jpg,czlx_phase6_v2_0439,medium-quality evidence proxy with moderate degradation or ordinary variation,medium_evidence_proxy__coat_unknown__pose_train,medium_evidence_proxy,batch_009,high,unknown,medium,76_100,no,yes,no,mild,none,normal,no,good,frontal_or_rear_view,no,complete,Frontal/oblique body with strong pattern; side comparability limited.,range_400_449,no
czlx_phase6_v2_0440,data/review_images/czechlynx/phase6_unique_500_v2_balanced/czlx_phase6_v2_0440.jpg,czlx_phase6_v2_0440,medium-quality evidence proxy with moderate degradation or ordinary variation,medium_evidence_proxy__coat_unknown__pose_test,medium_evidence_proxy,batch_009,high,right,high,76_100,no,no,no,none,none,normal,no,good,none,no,complete,Clear night side view with strong pattern.,range_400_449,no
czlx_phase6_v2_0441,data/review_images/czechlynx/phase6_unique_500_v2_balanced/czlx_phase6_v2_0441.jpg,czlx_phase6_v2_0441,medium-quality evidence proxy with moderate degradation or ordinary variation,medium_evidence_proxy__marbled__pose_unmarked,medium_evidence_proxy,batch_009,medium,unknown,medium,76_100,no,yes,no,mild,none,normal,yes,good,frontal_or_rear_view,no,complete,Seated/frontal IR view; pattern visible but not side-comparable.,range_400_449,no
czlx_phase6_v2_0442,data/review_images/czechlynx/phase6_unique_500_v2_balanced/czlx_phase6_v2_0442.jpg,czlx_phase6_v2_0442,medium-quality evidence proxy with moderate degradation or ordinary variation,medium_evidence_proxy__marbled__pose_train,medium_evidence_proxy,batch_009,high,unknown,medium,76_100,no,yes,no,mild,none,overexposed,no,good,frontal_or_rear_view,no,complete,Front/oblique color view; clear spots but limited side evidence.,range_400_449,no
czlx_phase6_v2_0443,data/review_images/czechlynx/phase6_unique_500_v2_balanced/czlx_phase6_v2_0443.jpg,czlx_phase6_v2_0443,medium-quality evidence proxy with moderate degradation or ordinary variation,medium_evidence_proxy__coat_unknown__pose_train,medium_evidence_proxy,batch_009,high,right,high,76_100,no,no,no,none,none,normal,no,good,none,no,complete,Snowy side profile with clear pattern.,range_400_449,no
czlx_phase6_v2_0444,data/review_images/czechlynx/phase6_unique_500_v2_balanced/czlx_phase6_v2_0444.jpg,czlx_phase6_v2_0444,medium-quality evidence proxy with moderate degradation or ordinary variation,medium_evidence_proxy__spotted__pose_unmarked,medium_evidence_proxy,batch_009,high,unknown,medium,76_100,no,yes,no,mild,none,normal,yes,good,frontal_or_rear_view,no,complete,Rear/oblique IR view; pattern clear but side evidence limited.,range_400_449,no
czlx_phase6_v2_0445,data/review_images/czechlynx/phase6_unique_500_v2_balanced/czlx_phase6_v2_0445.jpg,czlx_phase6_v2_0445,medium-quality evidence proxy with moderate degradation or ordinary variation,medium_evidence_proxy__coat_unknown__pose_train,medium_evidence_proxy,batch_009,high,right,high,76_100,no,no,no,mild,none,normal,no,good,none,no,complete,Snowy side image with strong spots.,range_400_449,no
czlx_phase6_v2_0446,data/review_images/czechlynx/phase6_unique_500_v2_balanced/czlx_phase6_v2_0446.jpg,czlx_phase6_v2_0446,medium-quality evidence proxy with moderate degradation or ordinary variation,medium_evidence_proxy__coat_unknown__pose_test,medium_evidence_proxy,batch_009,medium,unknown,medium,76_100,no,yes,no,mild,none,normal,no,good,frontal_or_rear_view,no,complete,Frontal/oblique night view; strong pattern but not side-comparable.,range_400_449,no
czlx_phase6_v2_0447,data/review_images/czechlynx/phase6_unique_500_v2_balanced/czlx_phase6_v2_0447.jpg,czlx_phase6_v2_0447,medium-quality evidence proxy with moderate degradation or ordinary variation,medium_evidence_proxy__coat_unknown__pose_train,medium_evidence_proxy,batch_009,medium,unknown,medium,76_100,no,yes,no,mild,none,normal,no,good,frontal_or_rear_view,no,complete,Front/rear-biased standing view; spots clear but side evidence limited.,range_400_449,no
czlx_phase6_v2_0448,data/review_images/czechlynx/phase6_unique_500_v2_balanced/czlx_phase6_v2_0448.jpg,czlx_phase6_v2_0448,medium-quality evidence proxy with moderate degradation or ordinary variation,medium_evidence_proxy__spotted__pose_unmarked,medium_evidence_proxy,batch_009,high,right,high,76_100,no,no,no,mild,none,normal,yes,good,none,no,complete,IR side/rear-oblique view with strong spots.,range_400_449,no
czlx_phase6_v2_0449,data/review_images/czechlynx/phase6_unique_500_v2_balanced/czlx_phase6_v2_0449.jpg,czlx_phase6_v2_0449,medium-quality evidence proxy with moderate degradation or ordinary variation,medium_evidence_proxy__coat_unknown__pose_unmarked,medium_evidence_proxy,batch_009,none,unknown,none,76_100,no,yes,no,mild,none,normal,yes,low,frontal_or_rear_view,no,complete,Rear/curled IR view; no useful side pattern but label is stable.,range_400_449,no
czlx_phase6_v2_0450,data/review_images/czechlynx/phase6_unique_500_v2_balanced/czlx_phase6_v2_0450.jpg,czlx_phase6_v2_0450,extreme visual condition proxy; retained under strict cap for defer/exclude modeling,extreme_hard_proxy__coat_unknown__pose_unmarked,extreme_hard_proxy,batch_010,medium,left,medium,76_100,no,no,no,mild,partial,overexposed,no,low,overexposed,no,complete,Full side/back view; severe overexposure lowers contrast but body and spots remain stable enough.,range_450_499,no
czlx_phase6_v2_0451,data/review_images/czechlynx/phase6_unique_500_v2_balanced/czlx_phase6_v2_0451.jpg,czlx_phase6_v2_0451,extreme visual condition proxy; retained under strict cap for defer/exclude modeling,extreme_hard_proxy__coat_unknown__pose_unmarked,extreme_hard_proxy,batch_010,none,unknown,none,26_50,yes,unknown,no,moderate,none,overexposed,no,low,overexposed,no,complete,Severely overexposed close body/head area; side and body-fraction labeling are not fully stable.,range_450_499,yes
czlx_phase6_v2_0452,data/review_images/czechlynx/phase6_unique_500_v2_balanced/czlx_phase6_v2_0452.jpg,czlx_phase6_v2_0452,extreme visual condition proxy; retained under strict cap for defer/exclude modeling,extreme_hard_proxy__coat_unknown__pose_unmarked,extreme_hard_proxy,batch_010,high,left,medium,51_75,yes,no,no,mild,partial,underexposed,no,low,partial_body,no,complete,Close side/flank crop with clear spots; partial body and low contrast.,range_450_499,no
czlx_phase6_v2_0453,data/review_images/czechlynx/phase6_unique_500_v2_balanced/czlx_phase6_v2_0453.jpg,czlx_phase6_v2_0453,extreme visual condition proxy; retained under strict cap for defer/exclude modeling,extreme_hard_proxy__coat_unknown__pose_unmarked,extreme_hard_proxy,batch_010,medium,unknown,medium,76_100,no,yes,no,mild,none,underexposed,no,low,frontal_or_rear_view,no,complete,Front-facing dark view; spots visible but not side-comparable.,range_450_499,no
czlx_phase6_v2_0454,data/review_images/czechlynx/phase6_unique_500_v2_balanced/czlx_phase6_v2_0454.jpg,czlx_phase6_v2_0454,extreme visual condition proxy; retained under strict cap for defer/exclude modeling,extreme_hard_proxy__coat_unknown__pose_unmarked,extreme_hard_proxy,batch_010,medium,unknown,medium,76_100,no,yes,no,mild,none,underexposed,no,low,frontal_or_rear_view,no,complete,Oblique/frontal dark view; markings visible but side comparability is limited.,range_450_499,no
czlx_phase6_v2_0455,data/review_images/czechlynx/phase6_unique_500_v2_balanced/czlx_phase6_v2_0455.jpg,czlx_phase6_v2_0455,extreme visual condition proxy; retained under strict cap for defer/exclude modeling,extreme_hard_proxy__spotted__pose_unmarked,extreme_hard_proxy,batch_010,medium,left,medium,76_100,no,no,no,mild,partial,overexposed,no,low,overexposed,no,complete,Overexposed side/back image; pattern visible enough for stable labels.,range_450_499,no
czlx_phase6_v2_0456,data/review_images/czechlynx/phase6_unique_500_v2_balanced/czlx_phase6_v2_0456.jpg,czlx_phase6_v2_0456,extreme visual condition proxy; retained under strict cap for defer/exclude modeling,extreme_hard_proxy__spotted__pose_unmarked,extreme_hard_proxy,batch_010,medium,left,medium,76_100,no,no,no,mild,none,overexposed,no,low,overexposed,no,complete,Bright side view with washed pattern but stable body and side labels.,range_450_499,no
czlx_phase6_v2_0457,data/review_images/czechlynx/phase6_unique_500_v2_balanced/czlx_phase6_v2_0457.jpg,czlx_phase6_v2_0457,clearer image-quality proxy for normal evidence behavior,high_evidence_proxy__coat_unknown__pose_unmarked,high_evidence_proxy,batch_010,medium,right,medium,76_100,no,no,no,moderate,partial,normal,no,low,blur,no,complete,Motion-blurred side view; body and pattern are still labelable.,range_450_499,no
czlx_phase6_v2_0458,data/review_images/czechlynx/phase6_unique_500_v2_balanced/czlx_phase6_v2_0458.jpg,czlx_phase6_v2_0458,clearer image-quality proxy for normal evidence behavior,high_evidence_proxy__spotted__pose_unmarked,high_evidence_proxy,batch_010,high,right,high,76_100,no,no,no,mild,partial,normal,no,good,none,no,complete,Color side view with clear spotted pattern; mild foreground obstruction.,range_450_499,no
czlx_phase6_v2_0459,data/review_images/czechlynx/phase6_unique_500_v2_balanced/czlx_phase6_v2_0459.jpg,czlx_phase6_v2_0459,clearer image-quality proxy for normal evidence behavior,high_evidence_proxy__coat_unknown__pose_unmarked,high_evidence_proxy,batch_010,high,right,high,76_100,no,no,no,none,none,normal,no,good,none,no,complete,Clear side view with strong pattern.,range_450_499,no
czlx_phase6_v2_0460,data/review_images/czechlynx/phase6_unique_500_v2_balanced/czlx_phase6_v2_0460.jpg,czlx_phase6_v2_0460,clearer image-quality proxy for normal evidence behavior,high_evidence_proxy__coat_unknown__pose_unmarked,high_evidence_proxy,batch_010,medium,left,medium,76_100,no,no,no,mild,partial,normal,no,good,occlusion,no,complete,Side view in vegetation; pattern visible but lower body/foreground partly obscured.,range_450_499,no
czlx_phase6_v2_0461,data/review_images/czechlynx/phase6_unique_500_v2_balanced/czlx_phase6_v2_0461.jpg,czlx_phase6_v2_0461,clearer image-quality proxy for normal evidence behavior,high_evidence_proxy__coat_unknown__pose_train,high_evidence_proxy,batch_010,high,right,high,76_100,no,no,no,none,none,normal,no,good,none,no,complete,Bright clear side view with strong pattern.,range_450_499,no
czlx_phase6_v2_0462,data/review_images/czechlynx/phase6_unique_500_v2_balanced/czlx_phase6_v2_0462.jpg,czlx_phase6_v2_0462,clearer image-quality proxy for normal evidence behavior,high_evidence_proxy__coat_unknown__pose_unmarked,high_evidence_proxy,batch_010,high,right,medium,51_75,yes,no,no,mild,partial,overexposed,no,low,partial_body,no,complete,Close cropped flank/body view; strong spots but overexposed and partial.,range_450_499,no
czlx_phase6_v2_0463,data/review_images/czechlynx/phase6_unique_500_v2_balanced/czlx_phase6_v2_0463.jpg,czlx_phase6_v2_0463,clearer image-quality proxy for normal evidence behavior,high_evidence_proxy__coat_unknown__pose_test,high_evidence_proxy,batch_010,medium,right,medium,76_100,no,no,no,mild,none,underexposed,no,low,low_contrast,no,complete,Snow side view with dark/low-contrast body; pattern still labelable.,range_450_499,no
czlx_phase6_v2_0464,data/review_images/czechlynx/phase6_unique_500_v2_balanced/czlx_phase6_v2_0464.jpg,czlx_phase6_v2_0464,clearer image-quality proxy for normal evidence behavior,high_evidence_proxy__coat_unknown__pose_train,high_evidence_proxy,batch_010,high,right,high,76_100,no,no,no,none,none,normal,no,good,none,no,complete,Clear collared side profile with strong pattern.,range_450_499,no
czlx_phase6_v2_0465,data/review_images/czechlynx/phase6_unique_500_v2_balanced/czlx_phase6_v2_0465.jpg,czlx_phase6_v2_0465,clearer image-quality proxy for normal evidence behavior,high_evidence_proxy__coat_unknown__pose_unmarked,high_evidence_proxy,batch_010,medium,unknown,medium,76_100,no,yes,no,mild,none,normal,no,good,frontal_or_rear_view,no,complete,Frontal/oblique sitting view; spots visible but not side-comparable.,range_450_499,no
czlx_phase6_v2_0466,data/review_images/czechlynx/phase6_unique_500_v2_balanced/czlx_phase6_v2_0466.jpg,czlx_phase6_v2_0466,clearer image-quality proxy for normal evidence behavior,high_evidence_proxy__coat_unknown__pose_unmarked,high_evidence_proxy,batch_010,none,unknown,none,76_100,no,no,no,none,none,normal,no,low,other,no,complete,Non-target deer-like animal; stable exclusion from lynx visual-factor use.,range_450_499,no
czlx_phase6_v2_0467,data/review_images/czechlynx/phase6_unique_500_v2_balanced/czlx_phase6_v2_0467.jpg,czlx_phase6_v2_0467,clearer image-quality proxy for normal evidence behavior,high_evidence_proxy__coat_unknown__pose_unmarked,high_evidence_proxy,batch_010,none,unknown,none,26_50,yes,yes,no,severe,major,mixed,no,low,other,no,complete,Digitally corrupted frame with unclear target/body interpretation; not stable for annotation.,range_450_499,yes
czlx_phase6_v2_0468,data/review_images/czechlynx/phase6_unique_500_v2_balanced/czlx_phase6_v2_0468.jpg,czlx_phase6_v2_0468,clearer image-quality proxy for normal evidence behavior,high_evidence_proxy__coat_unknown__pose_train,high_evidence_proxy,batch_010,high,unknown,medium,76_100,no,yes,no,mild,none,normal,yes,good,frontal_or_rear_view,no,complete,Rear/oblique IR view with clear spots; limited side comparability.,range_450_499,no
czlx_phase6_v2_0469,data/review_images/czechlynx/phase6_unique_500_v2_balanced/czlx_phase6_v2_0469.jpg,czlx_phase6_v2_0469,clearer image-quality proxy for normal evidence behavior,high_evidence_proxy__marbled__pose_unmarked,high_evidence_proxy,batch_010,medium,unknown,medium,76_100,no,yes,no,mild,none,overexposed,no,low,frontal_or_rear_view,no,complete,Rear/side bright color view; pattern visible but not a clean side profile.,range_450_499,no
czlx_phase6_v2_0470,data/review_images/czechlynx/phase6_unique_500_v2_balanced/czlx_phase6_v2_0470.jpg,czlx_phase6_v2_0470,clearer image-quality proxy for normal evidence behavior,high_evidence_proxy__coat_unknown__pose_unmarked,high_evidence_proxy,batch_010,high,right,high,76_100,no,no,no,none,none,normal,no,good,none,no,complete,Clear night side profile with strong pattern.,range_450_499,no
czlx_phase6_v2_0471,data/review_images/czechlynx/phase6_unique_500_v2_balanced/czlx_phase6_v2_0471.jpg,czlx_phase6_v2_0471,clearer image-quality proxy for normal evidence behavior,high_evidence_proxy__coat_unknown__pose_test,high_evidence_proxy,batch_010,medium,right,medium,76_100,no,no,no,mild,none,underexposed,no,low,low_contrast,no,complete,Dark snow side view; body and spots visible but contrast is low.,range_450_499,no
czlx_phase6_v2_0472,data/review_images/czechlynx/phase6_unique_500_v2_balanced/czlx_phase6_v2_0472.jpg,czlx_phase6_v2_0472,low-quality but likely annotatable evidence proxy for degradation modeling,low_but_annotatable_proxy__coat_unknown__pose_unmarked,low_but_annotatable_proxy,batch_010,medium,right,medium,76_100,no,no,no,mild,partial,normal,yes,low,low_contrast,no,complete,IR side view behind snow/rocks; pattern visible but contrast and occlusion reduce quality.,range_450_499,no
czlx_phase6_v2_0473,data/review_images/czechlynx/phase6_unique_500_v2_balanced/czlx_phase6_v2_0473.jpg,czlx_phase6_v2_0473,low-quality but likely annotatable evidence proxy for degradation modeling,low_but_annotatable_proxy__coat_unknown__pose_train,low_but_annotatable_proxy,batch_010,medium,right,medium,76_100,no,no,no,mild,none,normal,no,low,low_contrast,no,complete,Hazy side view with visible pattern and stable fields.,range_450_499,no
czlx_phase6_v2_0474,data/review_images/czechlynx/phase6_unique_500_v2_balanced/czlx_phase6_v2_0474.jpg,czlx_phase6_v2_0474,low-quality but likely annotatable evidence proxy for degradation modeling,low_but_annotatable_proxy__coat_unknown__pose_unmarked,low_but_annotatable_proxy,batch_010,medium,right,medium,76_100,no,no,no,mild,none,mixed,no,low,low_contrast,no,complete,Pink-tinted side image; body and pattern visible but color artifact reduces contrast.,range_450_499,no
czlx_phase6_v2_0475,data/review_images/czechlynx/phase6_unique_500_v2_balanced/czlx_phase6_v2_0475.jpg,czlx_phase6_v2_0475,low-quality but likely annotatable evidence proxy for degradation modeling,low_but_annotatable_proxy__coat_unknown__pose_unmarked,low_but_annotatable_proxy,batch_010,medium,right,medium,76_100,no,no,no,moderate,partial,normal,no,low,blur,no,complete,Color side/rear view with blur and partial obstruction; still labelable.,range_450_499,no
czlx_phase6_v2_0476,data/review_images/czechlynx/phase6_unique_500_v2_balanced/czlx_phase6_v2_0476.jpg,czlx_phase6_v2_0476,low-quality but likely annotatable evidence proxy for degradation modeling,low_but_annotatable_proxy__spotted__pose_unmarked,low_but_annotatable_proxy,batch_010,low,unknown,low,0_25,yes,yes,no,mild,none,overexposed,yes,low,overexposed,no,complete,Extreme overexposed close frontal/head crop; body coverage and pattern visibility need review.,range_450_499,yes
czlx_phase6_v2_0477,data/review_images/czechlynx/phase6_unique_500_v2_balanced/czlx_phase6_v2_0477.jpg,czlx_phase6_v2_0477,low-quality but likely annotatable evidence proxy for degradation modeling,low_but_annotatable_proxy__coat_unknown__pose_unmarked,low_but_annotatable_proxy,batch_010,low,right,low,51_75,yes,no,no,severe,partial,normal,yes,low,blur,no,complete,Close blurred IR side/body crop; poor evidence but side/body labels are stable enough.,range_450_499,no
czlx_phase6_v2_0478,data/review_images/czechlynx/phase6_unique_500_v2_balanced/czlx_phase6_v2_0478.jpg,czlx_phase6_v2_0478,low-quality but likely annotatable evidence proxy for degradation modeling,low_but_annotatable_proxy__coat_unknown__pose_unmarked,low_but_annotatable_proxy,batch_010,low,right,low,76_100,no,no,no,moderate,none,normal,yes,low,low_contrast,no,complete,Low-contrast IR side view; body visible but pattern weak.,range_450_499,no
czlx_phase6_v2_0479,data/review_images/czechlynx/phase6_unique_500_v2_balanced/czlx_phase6_v2_0479.jpg,czlx_phase6_v2_0479,low-quality but likely annotatable evidence proxy for degradation modeling,low_but_annotatable_proxy__marbled__pose_unmarked,low_but_annotatable_proxy,batch_010,medium,right,medium,76_100,no,no,no,mild,none,normal,yes,low,low_contrast,no,complete,IR side/lying view with visible but low-contrast pattern.,range_450_499,no
czlx_phase6_v2_0480,data/review_images/czechlynx/phase6_unique_500_v2_balanced/czlx_phase6_v2_0480.jpg,czlx_phase6_v2_0480,low-quality but likely annotatable evidence proxy for degradation modeling,low_but_annotatable_proxy__coat_unknown__pose_unmarked,low_but_annotatable_proxy,batch_010,medium,unknown,medium,51_75,yes,yes,no,mild,partial,normal,yes,good,frontal_or_rear_view,no,complete,Close frontal/vertical IR view; pattern visible but side comparability limited.,range_450_499,no
czlx_phase6_v2_0481,data/review_images/czechlynx/phase6_unique_500_v2_balanced/czlx_phase6_v2_0481.jpg,czlx_phase6_v2_0481,low-quality but likely annotatable evidence proxy for degradation modeling,low_but_annotatable_proxy__coat_unknown__pose_unmarked,low_but_annotatable_proxy,batch_010,low,right,low,76_100,no,no,no,moderate,none,normal,yes,low,blur,no,complete,Full IR side body; blur and low contrast reduce pattern evidence.,range_450_499,no
czlx_phase6_v2_0482,data/review_images/czechlynx/phase6_unique_500_v2_balanced/czlx_phase6_v2_0482.jpg,czlx_phase6_v2_0482,low-quality but likely annotatable evidence proxy for degradation modeling,low_but_annotatable_proxy__spotted__pose_unmarked,low_but_annotatable_proxy,batch_010,none,unknown,none,0_25,yes,unknown,no,mild,partial,normal,no,low,partial_body,no,complete,Only edge body/flank fragment is visible; side and body-fraction fields are unstable.,range_450_499,yes
czlx_phase6_v2_0483,data/review_images/czechlynx/phase6_unique_500_v2_balanced/czlx_phase6_v2_0483.jpg,czlx_phase6_v2_0483,medium-quality evidence proxy with moderate degradation or ordinary variation,medium_evidence_proxy__marbled__pose_unmarked,medium_evidence_proxy,batch_010,medium,unknown,medium,76_100,no,yes,no,mild,none,normal,no,low,frontal_or_rear_view,no,complete,Rear sitting color view; visible markings but limited side evidence.,range_450_499,no
czlx_phase6_v2_0484,data/review_images/czechlynx/phase6_unique_500_v2_balanced/czlx_phase6_v2_0484.jpg,czlx_phase6_v2_0484,medium-quality evidence proxy with moderate degradation or ordinary variation,medium_evidence_proxy__coat_unknown__pose_unmarked,medium_evidence_proxy,batch_010,medium,right,medium,76_100,no,no,no,mild,none,normal,yes,good,none,no,complete,IR side/rear-oblique view with spots visible; stable labels.,range_450_499,no
czlx_phase6_v2_0485,data/review_images/czechlynx/phase6_unique_500_v2_balanced/czlx_phase6_v2_0485.jpg,czlx_phase6_v2_0485,medium-quality evidence proxy with moderate degradation or ordinary variation,medium_evidence_proxy__spotted__pose_train,medium_evidence_proxy,batch_010,medium,right,medium,76_100,no,no,no,moderate,none,normal,no,low,blur,no,complete,Color side view; motion blur reduces pattern sharpness.,range_450_499,no
czlx_phase6_v2_0486,data/review_images/czechlynx/phase6_unique_500_v2_balanced/czlx_phase6_v2_0486.jpg,czlx_phase6_v2_0486,medium-quality evidence proxy with moderate degradation or ordinary variation,medium_evidence_proxy__coat_unknown__pose_unmarked,medium_evidence_proxy,batch_010,medium,unknown,medium,51_75,yes,yes,no,mild,none,normal,yes,good,frontal_or_rear_view,no,complete,"Frontal/oblique IR body; spots visible, side comparability limited.",range_450_499,no
czlx_phase6_v2_0487,data/review_images/czechlynx/phase6_unique_500_v2_balanced/czlx_phase6_v2_0487.jpg,czlx_phase6_v2_0487,medium-quality evidence proxy with moderate degradation or ordinary variation,medium_evidence_proxy__spotted__pose_unmarked,medium_evidence_proxy,batch_010,none,unknown,low,26_50,yes,unknown,no,mild,partial,normal,no,low,partial_body,no,complete,Overexposed close partial head/body; side/body fraction and pattern visibility are uncertain.,range_450_499,yes
czlx_phase6_v2_0488,data/review_images/czechlynx/phase6_unique_500_v2_balanced/czlx_phase6_v2_0488.jpg,czlx_phase6_v2_0488,medium-quality evidence proxy with moderate degradation or ordinary variation,medium_evidence_proxy__spotted__pose_unmarked,medium_evidence_proxy,batch_010,high,right,high,76_100,no,no,no,mild,none,normal,no,good,none,no,complete,Clear color side view with strong pattern.,range_450_499,no
czlx_phase6_v2_0489,data/review_images/czechlynx/phase6_unique_500_v2_balanced/czlx_phase6_v2_0489.jpg,czlx_phase6_v2_0489,medium-quality evidence proxy with moderate degradation or ordinary variation,medium_evidence_proxy__coat_unknown__pose_unmarked,medium_evidence_proxy,batch_010,medium,unknown,medium,51_75,yes,yes,no,mild,partial,normal,yes,good,frontal_or_rear_view,no,complete,Seated frontal/oblique IR view; pattern visible but side evidence limited.,range_450_499,no
czlx_phase6_v2_0490,data/review_images/czechlynx/phase6_unique_500_v2_balanced/czlx_phase6_v2_0490.jpg,czlx_phase6_v2_0490,medium-quality evidence proxy with moderate degradation or ordinary variation,medium_evidence_proxy__spotted__pose_unmarked,medium_evidence_proxy,batch_010,high,left,high,76_100,no,no,no,mild,partial,normal,no,good,none,no,complete,Color side/flank view with strong pattern; slight crop/occlusion.,range_450_499,no
czlx_phase6_v2_0491,data/review_images/czechlynx/phase6_unique_500_v2_balanced/czlx_phase6_v2_0491.jpg,czlx_phase6_v2_0491,medium-quality evidence proxy with moderate degradation or ordinary variation,medium_evidence_proxy__spotted__pose_unmarked,medium_evidence_proxy,batch_010,medium,right,medium,76_100,no,no,no,moderate,none,normal,no,low,blur,no,complete,Running side view with motion blur; pattern visible but softened.,range_450_499,no
czlx_phase6_v2_0492,data/review_images/czechlynx/phase6_unique_500_v2_balanced/czlx_phase6_v2_0492.jpg,czlx_phase6_v2_0492,medium-quality evidence proxy with moderate degradation or ordinary variation,medium_evidence_proxy__coat_unknown__pose_unmarked,medium_evidence_proxy,batch_010,none,unknown,none,0_25,yes,unknown,yes,severe,major,normal,yes,low,partial_body,no,complete,Only legs/body fragment behind rock/tree; side and body fraction require review.,range_450_499,yes
czlx_phase6_v2_0493,data/review_images/czechlynx/phase6_unique_500_v2_balanced/czlx_phase6_v2_0493.jpg,czlx_phase6_v2_0493,medium-quality evidence proxy with moderate degradation or ordinary variation,medium_evidence_proxy__coat_unknown__pose_test,medium_evidence_proxy,batch_010,high,right,high,76_100,no,no,no,mild,none,normal,no,good,none,no,complete,Clear color side profile with strong pattern.,range_450_499,no
czlx_phase6_v2_0494,data/review_images/czechlynx/phase6_unique_500_v2_balanced/czlx_phase6_v2_0494.jpg,czlx_phase6_v2_0494,medium-quality evidence proxy with moderate degradation or ordinary variation,medium_evidence_proxy__coat_unknown__pose_unmarked,medium_evidence_proxy,batch_010,high,right,high,76_100,no,no,no,none,none,normal,no,good,none,no,complete,Clear night side view with high pattern visibility.,range_450_499,no
czlx_phase6_v2_0495,data/review_images/czechlynx/phase6_unique_500_v2_balanced/czlx_phase6_v2_0495.jpg,czlx_phase6_v2_0495,medium-quality evidence proxy with moderate degradation or ordinary variation,medium_evidence_proxy__coat_unknown__pose_train,medium_evidence_proxy,batch_010,medium,right,medium,76_100,no,no,no,moderate,none,overexposed,no,low,overexposed,no,complete,Overexposed side profile; spots visible but washed and blurred.,range_450_499,no
czlx_phase6_v2_0496,data/review_images/czechlynx/phase6_unique_500_v2_balanced/czlx_phase6_v2_0496.jpg,czlx_phase6_v2_0496,medium-quality evidence proxy with moderate degradation or ordinary variation,medium_evidence_proxy__marbled__pose_train,medium_evidence_proxy,batch_010,medium,unknown,medium,76_100,no,yes,no,mild,none,normal,no,good,frontal_or_rear_view,no,complete,Rear/oblique color view; markings visible but not side-comparable.,range_450_499,no
czlx_phase6_v2_0497,data/review_images/czechlynx/phase6_unique_500_v2_balanced/czlx_phase6_v2_0497.jpg,czlx_phase6_v2_0497,medium-quality evidence proxy with moderate degradation or ordinary variation,medium_evidence_proxy__coat_unknown__pose_unmarked,medium_evidence_proxy,batch_010,medium,unknown,medium,76_100,no,yes,no,mild,partial,normal,no,good,frontal_or_rear_view,no,complete,Frontal/oblique standing view; spots visible but side evidence limited.,range_450_499,no
czlx_phase6_v2_0498,data/review_images/czechlynx/phase6_unique_500_v2_balanced/czlx_phase6_v2_0498.jpg,czlx_phase6_v2_0498,medium-quality evidence proxy with moderate degradation or ordinary variation,medium_evidence_proxy__coat_unknown__pose_train,medium_evidence_proxy,batch_010,high,right,high,76_100,no,no,no,none,none,overexposed,no,good,none,no,complete,Bright side view with strong pattern.,range_450_499,no
czlx_phase6_v2_0499,data/review_images/czechlynx/phase6_unique_500_v2_balanced/czlx_phase6_v2_0499.jpg,czlx_phase6_v2_0499,medium-quality evidence proxy with moderate degradation or ordinary variation,medium_evidence_proxy__coat_unknown__pose_test,medium_evidence_proxy,batch_010,medium,unknown,medium,76_100,no,yes,no,mild,none,underexposed,no,low,frontal_or_rear_view,no,complete,Rear/oblique dark color view; body visible but side comparability limited.,range_450_499,no
