review_pair_id,descriptor_name,sample_scope,stratum_id,rank_bin,similarity_stratum,quality_stratum,identity_stratum,admission_stratum,query_image_id,candidate_image_id,query_image_path,candidate_image_path,same_identity_known_id,candidate_rank_descriptor,descriptor_similarity,descriptor_similarity_percentile,query_image_quality_score,candidate_image_quality_score,weakest_image_quality_score,pair_geometry_score,descriptor_evidence_conflict_score,pf_eri_admissibility_score,pf_eri_review_score,pf_eri_route,query_split_role,reviewability_decision,not_ready_reason,secondary_reason,review_confidence,visibility_notes,reviewer_id,review_timestamp,claim_boundary
phase18n_megadescriptor_l_384_blind_0001,megadescriptor_l_384,confirmatory_stratified_blind_review,rank_11_20__similarity_mid__quality_low__different_identity__admission_mid,rank_11_20,similarity_mid,quality_low,different_identity,admission_mid,phase18a_czechlynx_2838,phase18a_czechlynx_2992,outputs/final_freeze/lynx-wild/images/czechlynx_2838__p16e_032139.jpg,outputs/final_freeze/lynx-wild/images/czechlynx_2992__p16e_035931.jpg,no,11,0.53243101,0.616477,0.55,0.55,0.55,0.894934,0.0,0.743229,0.664643,review,evaluation,,,,,,,,Phase18N confirmatory reviewability packet; labels are not identity labels.
phase18n_megadescriptor_l_384_blind_0002,megadescriptor_l_384,confirmatory_stratified_blind_review,rank_06_10__similarity_low__quality_low__different_identity__admission_mid,rank_06_10,similarity_low,quality_low,different_identity,admission_mid,phase18a_czechlynx_2743,phase18a_czechlynx_2235,outputs/final_freeze/lynx-wild/images/czechlynx_2743__p16e_009388.jpg,outputs/final_freeze/lynx-wild/images/czechlynx_2235__p16e_019219.jpg,no,10,0.424748,0.327789,0.55,0.55,0.55,0.976109,0.0,0.737089,0.483323,review,evaluation,,,,,,,,Phase18N confirmatory reviewability packet; labels are not identity labels.
phase18n_megadescriptor_l_384_blind_0003,megadescriptor_l_384,confirmatory_stratified_blind_review,rank_06_10__similarity_high__quality_low__different_identity__admission_low,rank_06_10,similarity_high,quality_low,different_identity,admission_low,phase18a_czechlynx_2101,phase18a_czechlynx_2340,outputs/final_freeze/lynx-wild/images/czechlynx_2101__p16e_043454.jpg,outputs/final_freeze/lynx-wild/images/czechlynx_2340__p16e_044078.jpg,no,6,0.69211435,0.896765,0.55,0.55,0.55,0.861575,0.237714,0.714375,0.779914,review,evaluation,,,,,,,,Phase18N confirmatory reviewability packet; labels are not identity labels.
phase18n_megadescriptor_l_384_blind_0004,megadescriptor_l_384,confirmatory_stratified_blind_review,rank_06_10__similarity_mid__quality_low__different_identity__admission_high,rank_06_10,similarity_mid,quality_low,different_identity,admission_high,phase18a_czechlynx_2803,phase18a_czechlynx_2559,outputs/final_freeze/lynx-wild/images/czechlynx_2803__p16e_043467.jpg,outputs/final_freeze/lynx-wild/images/czechlynx_2559__p16e_036509.jpg,no,10,0.57291102,0.699978,0.55,0.55,0.55,0.914391,0.022441,0.752539,0.715463,review,evaluation,,,,,,,,Phase18N confirmatory reviewability packet; labels are not identity labels.
phase18n_megadescriptor_l_384_blind_0005,megadescriptor_l_384,confirmatory_stratified_blind_review,rank_02_05__similarity_high__quality_low__different_identity__admission_low,rank_02_05,similarity_high,quality_low,different_identity,admission_low,phase18a_czechlynx_2420,phase18a_czechlynx_0992,outputs/final_freeze/lynx-wild/images/czechlynx_2420__p16e_042171.jpg,outputs/final_freeze/lynx-wild/images/czechlynx_0992__czlx_phase6_v2_0006.jpg,no,5,0.73101491,0.930266,0.55,0.55,0.55,0.890794,0.260988,0.721251,0.798642,review,evaluation,,,,,,,,Phase18N confirmatory reviewability packet; labels are not identity labels.
phase18n_megadescriptor_l_384_blind_0006,megadescriptor_l_384,confirmatory_stratified_blind_review,rank_02_05__similarity_low__quality_low__same_identity__admission_mid,rank_02_05,similarity_low,quality_low,same_identity,admission_mid,phase18a_czechlynx_1480,phase18a_czechlynx_1776,outputs/final_freeze/lynx-wild/images/czechlynx_1480__p16e_032537.jpg,outputs/final_freeze/lynx-wild/images/czechlynx_1776__p16e_032539.jpg,yes,4,0.47974679,0.480491,0.55,0.55,0.55,0.965103,0.0,0.749278,0.58263,review,evaluation,,,,,,,,Phase18N confirmatory reviewability packet; labels are not identity labels.
phase18n_megadescriptor_l_384_blind_0007,megadescriptor_l_384,confirmatory_stratified_blind_review,rank_11_20__similarity_mid__quality_low__same_identity__admission_mid,rank_11_20,similarity_mid,quality_low,same_identity,admission_mid,phase18a_czechlynx_1423,phase18a_czechlynx_1787,outputs/final_freeze/lynx-wild/images/czechlynx_1423__p16e_028507.jpg,outputs/final_freeze/lynx-wild/images/czechlynx_1787__p16e_028183.jpg,yes,13,0.61486065,0.778596,0.55,0.55,0.55,0.930178,0.095534,0.750203,0.7487,review,evaluation,,,,,,,,Phase18N confirmatory reviewability packet; labels are not identity labels.
phase18n_megadescriptor_l_384_blind_0008,megadescriptor_l_384,confirmatory_stratified_blind_review,rank_02_05__similarity_low__quality_low__same_identity__admission_high,rank_02_05,similarity_low,quality_low,same_identity,admission_high,phase18a_czechlynx_2170,phase18a_czechlynx_1795,outputs/final_freeze/lynx-wild/images/czechlynx_2170__p16e_028565.jpg,outputs/final_freeze/lynx-wild/images/czechlynx_1795__p16e_028219.jpg,yes,3,0.47645074,0.470791,0.55,0.55,0.55,0.984339,0.0,0.753694,0.578294,review,evaluation,,,,,,,,Phase18N confirmatory reviewability packet; labels are not identity labels.
phase18n_megadescriptor_l_384_blind_0009,megadescriptor_l_384,confirmatory_stratified_blind_review,rank_01__similarity_mid__quality_low__different_identity__admission_mid,rank_01,similarity_mid,quality_low,different_identity,admission_mid,phase18a_czechlynx_2508,phase18a_czechlynx_2763,outputs/final_freeze/lynx-wild/images/czechlynx_2508__p16e_028725.jpg,outputs/final_freeze/lynx-wild/images/czechlynx_2763__p16e_017230.jpg,no,1,0.54107058,0.635194,0.55,0.55,0.55,0.880125,0.0,0.740954,0.675383,review,evaluation,,,,,,,,Phase18N confirmatory reviewability packet; labels are not identity labels.
phase18n_megadescriptor_l_384_blind_0010,megadescriptor_l_384,confirmatory_stratified_blind_review,rank_11_20__similarity_high__quality_low__same_identity__admission_mid,rank_11_20,similarity_high,quality_low,same_identity,admission_mid,phase18a_czechlynx_2146,phase18a_czechlynx_1600,outputs/final_freeze/lynx-wild/images/czechlynx_2146__p16e_028289.jpg,outputs/final_freeze/lynx-wild/images/czechlynx_1600__p16e_028404.jpg,yes,12,0.69996548,0.904932,0.55,0.55,0.55,0.955633,0.21296,0.746478,0.802127,review,evaluation,,,,,,,,Phase18N confirmatory reviewability packet; labels are not identity labels.
phase18n_megadescriptor_l_384_blind_0011,megadescriptor_l_384,confirmatory_stratified_blind_review,rank_06_10__similarity_high__quality_low__same_identity__admission_high,rank_06_10,similarity_high,quality_low,same_identity,admission_high,phase18a_czechlynx_2007,phase18a_czechlynx_1758,outputs/final_freeze/lynx-wild/images/czechlynx_2007__p16e_028157.jpg,outputs/final_freeze/lynx-wild/images/czechlynx_1758__p16e_028164.jpg,yes,6,0.69491613,0.900132,0.55,0.55,0.55,0.989245,0.196396,0.758723,0.807117,review,evaluation,,,,,,,,Phase18N confirmatory reviewability packet; labels are not identity labels.
phase18n_megadescriptor_l_384_blind_0012,megadescriptor_l_384,confirmatory_stratified_blind_review,rank_01__similarity_high__quality_low__same_identity__admission_low,rank_01,similarity_high,quality_low,same_identity,admission_low,phase18a_czechlynx_1352,phase18a_czechlynx_1647,outputs/final_freeze/lynx-wild/images/czechlynx_1352__p16e_028242.jpg,outputs/final_freeze/lynx-wild/images/czechlynx_1647__p16e_028204.jpg,yes,1,0.70485818,0.909598,0.55,0.55,0.55,0.874721,0.245946,0.717693,0.787485,review,evaluation,,,,,,,,Phase18N confirmatory reviewability packet; labels are not identity labels.
phase18n_megadescriptor_l_384_blind_0013,megadescriptor_l_384,confirmatory_stratified_blind_review,rank_06_10__similarity_mid__quality_low__same_identity__admission_mid,rank_06_10,similarity_mid,quality_low,same_identity,admission_mid,phase18a_czechlynx_1622,phase18a_czechlynx_1473,outputs/final_freeze/lynx-wild/images/czechlynx_1622__p16e_028263.jpg,outputs/final_freeze/lynx-wild/images/czechlynx_1473__p16e_028281.jpg,yes,10,0.62613308,0.799563,0.55,0.55,0.55,0.925848,0.118017,0.74659,0.75583,review,evaluation,,,,,,,,Phase18N confirmatory reviewability packet; labels are not identity labels.
phase18n_megadescriptor_l_384_blind_0014,megadescriptor_l_384,confirmatory_stratified_blind_review,rank_06_10__similarity_low__quality_low__different_identity__admission_low,rank_06_10,similarity_low,quality_low,different_identity,admission_low,phase18a_czechlynx_2026,phase18a_czechlynx_2265,outputs/final_freeze/lynx-wild/images/czechlynx_2026__p16e_024651.jpg,outputs/final_freeze/lynx-wild/images/czechlynx_2265__p16e_020446.jpg,no,10,0.39222187,0.245121,0.55,0.55,0.55,0.904286,0.0,0.708712,0.421285,review,evaluation,,,,,,,,Phase18N confirmatory reviewability packet; labels are not identity labels.
phase18n_megadescriptor_l_384_blind_0015,megadescriptor_l_384,confirmatory_stratified_blind_review,rank_06_10__similarity_high__quality_low__same_identity__admission_mid,rank_06_10,similarity_high,quality_low,same_identity,admission_mid,phase18a_czechlynx_1936,phase18a_czechlynx_1840,outputs/final_freeze/lynx-wild/images/czechlynx_1936__p16e_028390.jpg,outputs/final_freeze/lynx-wild/images/czechlynx_1840__p16e_028362.jpg,yes,9,0.72184366,0.923032,0.55,0.55,0.55,0.958393,0.230095,0.745634,0.809602,review,evaluation,,,,,,,,Phase18N confirmatory reviewability packet; labels are not identity labels.
phase18n_megadescriptor_l_384_blind_0016,megadescriptor_l_384,confirmatory_stratified_blind_review,rank_02_05__similarity_low__quality_low__different_identity__admission_mid,rank_02_05,similarity_low,quality_low,different_identity,admission_mid,phase18a_czechlynx_2703,phase18a_czechlynx_2958,outputs/final_freeze/lynx-wild/images/czechlynx_2703__p16e_028621.jpg,outputs/final_freeze/lynx-wild/images/czechlynx_2958__p16e_028627.jpg,no,2,0.4216063,0.319772,0.55,0.55,0.55,0.964981,0.0,0.733172,0.476864,review,evaluation,,,,,,,,Phase18N confirmatory reviewability packet; labels are not identity labels.
phase18n_megadescriptor_l_384_blind_0017,megadescriptor_l_384,confirmatory_stratified_blind_review,rank_01__similarity_mid__quality_low__different_identity__admission_high,rank_01,similarity_mid,quality_low,different_identity,admission_high,phase18a_czechlynx_2622,phase18a_czechlynx_2229,outputs/final_freeze/lynx-wild/images/czechlynx_2622__p16e_044942.jpg,outputs/final_freeze/lynx-wild/images/czechlynx_2229__p16e_043330.jpg,no,1,0.56374991,0.681445,0.55,0.55,0.55,0.929688,0.0,0.759457,0.711089,review,evaluation,,,,,,,,Phase18N confirmatory reviewability packet; labels are not identity labels.
phase18n_megadescriptor_l_384_blind_0018,megadescriptor_l_384,confirmatory_stratified_blind_review,rank_02_05__similarity_mid__quality_low__same_identity__admission_low,rank_02_05,similarity_mid,quality_low,same_identity,admission_low,phase18a_czechlynx_1672,phase18a_czechlynx_1398,outputs/final_freeze/lynx-wild/images/czechlynx_1672__p16e_028358.jpg,outputs/final_freeze/lynx-wild/images/czechlynx_1398__p16e_028505.jpg,yes,3,0.62632406,0.799913,0.55,0.55,0.55,0.842994,0.147365,0.717557,0.739145,review,evaluation,,,,,,,,Phase18N confirmatory reviewability packet; labels are not identity labels.
phase18n_megadescriptor_l_384_blind_0019,megadescriptor_l_384,confirmatory_stratified_blind_review,rank_02_05__similarity_low__quality_low__same_identity__admission_mid,rank_02_05,similarity_low,quality_low,same_identity,admission_mid,phase18a_czechlynx_1886,phase18a_czechlynx_1341,outputs/final_freeze/lynx-wild/images/czechlynx_1886__p16e_028534.jpg,outputs/final_freeze/lynx-wild/images/czechlynx_1341__p16e_028144.jpg,yes,5,0.43695462,0.360406,0.55,0.55,0.55,0.96955,0.0,0.738515,0.504087,review,evaluation,,,,,,,,Phase18N confirmatory reviewability packet; labels are not identity labels.
phase18n_megadescriptor_l_384_blind_0020,megadescriptor_l_384,confirmatory_stratified_blind_review,rank_06_10__similarity_high__quality_low__different_identity__admission_low,rank_06_10,similarity_high,quality_low,different_identity,admission_low,phase18a_czechlynx_2596,phase18a_czechlynx_2258,outputs/final_freeze/lynx-wild/images/czechlynx_2596__p16e_045632.jpg,outputs/final_freeze/lynx-wild/images/czechlynx_2258__p16e_039781.jpg,no,9,0.79944217,0.963166,0.55,0.55,0.55,0.910327,0.287052,0.724798,0.815176,review,evaluation,,,,,,,,Phase18N confirmatory reviewability packet; labels are not identity labels.
phase18n_megadescriptor_l_384_blind_0021,megadescriptor_l_384,confirmatory_stratified_blind_review,rank_11_20__similarity_mid__quality_low__same_identity__admission_high,rank_11_20,similarity_mid,quality_low,same_identity,admission_high,phase18a_czechlynx_1713,phase18a_czechlynx_1619,outputs/final_freeze/lynx-wild/images/czechlynx_1713__p16e_028518.jpg,outputs/final_freeze/lynx-wild/images/czechlynx_1619__p16e_028365.jpg,yes,16,0.62297332,0.793997,0.55,0.55,0.55,0.974682,0.095358,0.764239,0.763617,review,evaluation,,,,,,,,Phase18N confirmatory reviewability packet; labels are not identity labels.
phase18n_megadescriptor_l_384_blind_0022,megadescriptor_l_384,confirmatory_stratified_blind_review,rank_01__similarity_high__quality_low__different_identity__admission_low,rank_01,similarity_high,quality_low,different_identity,admission_low,phase18a_czechlynx_2757,phase18a_czechlynx_2065,outputs/final_freeze/lynx-wild/images/czechlynx_2757__p16e_043694.jpg,outputs/final_freeze/lynx-wild/images/czechlynx_2065__p16e_044056.jpg,no,1,0.76869851,0.951783,0.55,0.55,0.55,0.875133,0.287986,0.713618,0.803683,review,evaluation,,,,,,,,Phase18N confirmatory reviewability packet; labels are not identity labels.
phase18n_megadescriptor_l_384_blind_0023,megadescriptor_l_384,confirmatory_stratified_blind_review,rank_01__similarity_low__quality_low__same_identity__admission_high,rank_01,similarity_low,quality_low,same_identity,admission_high,phase18a_czechlynx_2661,phase18a_czechlynx_2393,outputs/final_freeze/lynx-wild/images/czechlynx_2661__p16e_006883.jpg,outputs/final_freeze/lynx-wild/images/czechlynx_2393__p16e_009410.jpg,yes,1,0.50091559,0.538226,0.55,0.55,0.55,0.959125,0.0,0.753378,0.619984,review,evaluation,,,,,,,,Phase18N confirmatory reviewability packet; labels are not identity labels.
phase18n_megadescriptor_l_384_blind_0024,megadescriptor_l_384,confirmatory_stratified_blind_review,rank_06_10__similarity_mid__quality_low__same_identity__admission_high,rank_06_10,similarity_mid,quality_low,same_identity,admission_high,phase18a_czechlynx_1979,phase18a_czechlynx_1670,outputs/final_freeze/lynx-wild/images/czechlynx_1979__p16e_028288.jpg,outputs/final_freeze/lynx-wild/images/czechlynx_1670__p16e_028312.jpg,yes,9,0.66274518,0.860398,0.55,0.55,0.55,0.992873,0.155392,0.763966,0.792675,review,evaluation,,,,,,,,Phase18N confirmatory reviewability packet; labels are not identity labels.
phase18n_megadescriptor_l_384_blind_0025,megadescriptor_l_384,confirmatory_stratified_blind_review,rank_06_10__similarity_low__quality_low__same_identity__admission_high,rank_06_10,similarity_low,quality_low,same_identity,admission_high,phase18a_czechlynx_1494,phase18a_czechlynx_1826,outputs/final_freeze/lynx-wild/images/czechlynx_1494__p16e_028188.jpg,outputs/final_freeze/lynx-wild/images/czechlynx_1826__p16e_028417.jpg,yes,10,0.51856089,0.58306,0.55,0.55,0.55,0.981667,0.0,0.764173,0.651883,review,evaluation,,,,,,,,Phase18N confirmatory reviewability packet; labels are not identity labels.
phase18n_megadescriptor_l_384_blind_0026,megadescriptor_l_384,confirmatory_stratified_blind_review,rank_01__similarity_low__quality_low__same_identity__admission_high,rank_01,similarity_low,quality_low,same_identity,admission_high,phase18a_czechlynx_1932,phase18a_czechlynx_2170,outputs/final_freeze/lynx-wild/images/czechlynx_1932__p16e_028564.jpg,outputs/final_freeze/lynx-wild/images/czechlynx_2170__p16e_028565.jpg,yes,1,0.49234974,0.514725,0.55,0.55,0.55,0.973605,0.0,0.755082,0.606061,review,evaluation,,,,,,,,Phase18N confirmatory reviewability packet; labels are not identity labels.
phase18n_megadescriptor_l_384_blind_0027,megadescriptor_l_384,confirmatory_stratified_blind_review,rank_06_10__similarity_mid__quality_low__same_identity__admission_low,rank_06_10,similarity_mid,quality_low,same_identity,admission_low,phase18a_czechlynx_1672,phase18a_czechlynx_1407,outputs/final_freeze/lynx-wild/images/czechlynx_1672__p16e_028358.jpg,outputs/final_freeze/lynx-wild/images/czechlynx_1407__p16e_028511.jpg,yes,10,0.60321218,0.757929,0.55,0.55,0.55,0.845942,0.10435,0.722787,0.723705,review,evaluation,,,,,,,,Phase18N confirmatory reviewability packet; labels are not identity labels.
phase18n_megadescriptor_l_384_blind_0028,megadescriptor_l_384,confirmatory_stratified_blind_review,rank_01__similarity_high__quality_low__same_identity__admission_mid,rank_01,similarity_high,quality_low,same_identity,admission_mid,phase18a_czechlynx_2497,phase18a_czechlynx_2507,outputs/final_freeze/lynx-wild/images/czechlynx_2497__p16e_008653.jpg,outputs/final_freeze/lynx-wild/images/czechlynx_2507__p16e_008654.jpg,yes,1,0.90808195,0.989466,0.55,0.55,0.55,0.990151,0.285414,0.750106,0.841427,review,evaluation,,,,,,,,Phase18N confirmatory reviewability packet; labels are not identity labels.
phase18n_megadescriptor_l_384_blind_0029,megadescriptor_l_384,confirmatory_stratified_blind_review,rank_01__similarity_low__quality_low__same_identity__admission_low,rank_01,similarity_low,quality_low,same_identity,admission_low,phase18a_czechlynx_2810,phase18a_czechlynx_2774,outputs/final_freeze/lynx-wild/images/czechlynx_2810__p16e_008366.jpg,outputs/final_freeze/lynx-wild/images/czechlynx_2774__p16e_008367.jpg,yes,1,0.43872142,0.365389,0.55,0.55,0.55,0.915835,0.0,0.723973,0.501651,review,evaluation,,,,,,,,Phase18N confirmatory reviewability packet; labels are not identity labels.
phase18n_megadescriptor_l_384_blind_0030,megadescriptor_l_384,confirmatory_stratified_blind_review,rank_11_20__similarity_mid__quality_low__different_identity__admission_low,rank_11_20,similarity_mid,quality_low,different_identity,admission_low,phase18a_czechlynx_2645,phase18a_czechlynx_2559,outputs/final_freeze/lynx-wild/images/czechlynx_2645__p16e_034259.jpg,outputs/final_freeze/lynx-wild/images/czechlynx_2559__p16e_036509.jpg,no,19,0.56732768,0.688945,0.55,0.55,0.55,0.804301,0.049939,0.715111,0.6889,review,evaluation,,,,,,,,Phase18N confirmatory reviewability packet; labels are not identity labels.
phase18n_megadescriptor_l_384_blind_0031,megadescriptor_l_384,confirmatory_stratified_blind_review,rank_06_10__similarity_low__quality_low__different_identity__admission_low,rank_06_10,similarity_low,quality_low,different_identity,admission_low,phase18a_czechlynx_2832,phase18a_czechlynx_2374,outputs/final_freeze/lynx-wild/images/czechlynx_2832__p16e_007699.jpg,outputs/final_freeze/lynx-wild/images/czechlynx_2374__p16e_040914.jpg,no,9,0.47345269,0.462058,0.55,0.55,0.55,0.666246,0.0,0.663755,0.538703,review,evaluation,,,,,,,,Phase18N confirmatory reviewability packet; labels are not identity labels.
phase18n_megadescriptor_l_384_blind_0032,megadescriptor_l_384,confirmatory_stratified_blind_review,rank_02_05__similarity_low__quality_low__different_identity__admission_low,rank_02_05,similarity_low,quality_low,different_identity,admission_low,phase18a_czechlynx_2964,phase18a_czechlynx_2992,outputs/final_freeze/lynx-wild/images/czechlynx_2964__p16e_041152.jpg,outputs/final_freeze/lynx-wild/images/czechlynx_2992__p16e_035931.jpg,no,5,0.38383022,0.225804,0.55,0.55,0.55,0.819318,0.0,0.682989,0.399534,review,evaluation,,,,,,,,Phase18N confirmatory reviewability packet; labels are not identity labels.
phase18n_megadescriptor_l_384_blind_0033,megadescriptor_l_384,confirmatory_stratified_blind_review,rank_06_10__similarity_low__quality_low__different_identity__admission_mid,rank_06_10,similarity_low,quality_low,different_identity,admission_mid,phase18a_czechlynx_2508,phase18a_czechlynx_2795,outputs/final_freeze/lynx-wild/images/czechlynx_2508__p16e_028725.jpg,outputs/final_freeze/lynx-wild/images/czechlynx_2795__p16e_020109.jpg,no,7,0.51044846,0.562976,0.55,0.55,0.55,0.894779,0.0,0.737836,0.629423,review,evaluation,,,,,,,,Phase18N confirmatory reviewability packet; labels are not identity labels.
phase18n_megadescriptor_l_384_blind_0034,megadescriptor_l_384,confirmatory_stratified_blind_review,rank_11_20__similarity_high__quality_low__same_identity__admission_low,rank_11_20,similarity_high,quality_low,same_identity,admission_low,phase18a_czechlynx_1471,phase18a_czechlynx_1790,outputs/final_freeze/lynx-wild/images/czechlynx_1471__p16e_028378.jpg,outputs/final_freeze/lynx-wild/images/czechlynx_1790__p16e_028356.jpg,yes,16,0.82582593,0.97095,0.55,0.55,0.55,0.928749,0.288387,0.730467,0.821889,review,evaluation,,,,,,,,Phase18N confirmatory reviewability packet; labels are not identity labels.
phase18n_megadescriptor_l_384_blind_0035,megadescriptor_l_384,confirmatory_stratified_blind_review,rank_11_20__similarity_mid__quality_low__different_identity__admission_low,rank_11_20,similarity_mid,quality_low,different_identity,admission_low,phase18a_czechlynx_2694,phase18a_czechlynx_2727,outputs/final_freeze/lynx-wild/images/czechlynx_2694__p16e_042582.jpg,outputs/final_freeze/lynx-wild/images/czechlynx_2727__p16e_042909.jpg,no,16,0.5751875,0.704545,0.55,0.55,0.55,0.833277,0.055398,0.723692,0.700741,review,evaluation,,,,,,,,Phase18N confirmatory reviewability packet; labels are not identity labels.
phase18n_megadescriptor_l_384_blind_0036,megadescriptor_l_384,confirmatory_stratified_blind_review,rank_11_20__similarity_high__quality_low__same_identity__admission_mid,rank_11_20,similarity_high,quality_low,same_identity,admission_mid,phase18a_czechlynx_1716,phase18a_czechlynx_1768,outputs/final_freeze/lynx-wild/images/czechlynx_1716__p16e_028319.jpg,outputs/final_freeze/lynx-wild/images/czechlynx_1768__p16e_028314.jpg,yes,20,0.87334734,0.981083,0.55,0.55,0.55,0.980302,0.280477,0.747497,0.836225,review,evaluation,,,,,,,,Phase18N confirmatory reviewability packet; labels are not identity labels.
phase18n_megadescriptor_l_384_blind_0037,megadescriptor_l_384,confirmatory_stratified_blind_review,rank_11_20__similarity_high__quality_low__same_identity__admission_high,rank_11_20,similarity_high,quality_low,same_identity,admission_high,phase18a_czechlynx_1712,phase18a_czechlynx_1704,outputs/final_freeze/lynx-wild/images/czechlynx_1712__p16e_028295.jpg,outputs/final_freeze/lynx-wild/images/czechlynx_1704__p16e_028331.jpg,yes,18,0.74331665,0.937766,0.55,0.55,0.55,0.9868,0.234886,0.754103,0.820997,review,evaluation,,,,,,,,Phase18N confirmatory reviewability packet; labels are not identity labels.
phase18n_megadescriptor_l_384_blind_0038,megadescriptor_l_384,confirmatory_stratified_blind_review,rank_02_05__similarity_low__quality_low__same_identity__admission_high,rank_02_05,similarity_low,quality_low,same_identity,admission_high,phase18a_czechlynx_2904,phase18a_czechlynx_2508,outputs/final_freeze/lynx-wild/images/czechlynx_2904__p16e_028878.jpg,outputs/final_freeze/lynx-wild/images/czechlynx_2508__p16e_028725.jpg,yes,4,0.51267409,0.568326,0.55,0.55,0.55,0.9617,0.0,0.757109,0.640064,review,evaluation,,,,,,,,Phase18N confirmatory reviewability packet; labels are not identity labels.
phase18n_megadescriptor_l_384_blind_0039,megadescriptor_l_384,confirmatory_stratified_blind_review,rank_01__similarity_high__quality_low__different_identity__admission_low,rank_01,similarity_high,quality_low,different_identity,admission_low,phase18a_czechlynx_2420,phase18a_czechlynx_2696,outputs/final_freeze/lynx-wild/images/czechlynx_2420__p16e_042171.jpg,outputs/final_freeze/lynx-wild/images/czechlynx_2696__p16e_037247.jpg,no,1,0.76701093,0.950999,0.55,0.55,0.55,0.844491,0.297927,0.702972,0.797163,review,evaluation,,,,,,,,Phase18N confirmatory reviewability packet; labels are not identity labels.
phase18n_megadescriptor_l_384_blind_0040,megadescriptor_l_384,confirmatory_stratified_blind_review,rank_06_10__similarity_low__quality_low__different_identity__admission_mid,rank_06_10,similarity_low,quality_low,different_identity,admission_mid,phase18a_czechlynx_2553,phase18a_czechlynx_2777,outputs/final_freeze/lynx-wild/images/czechlynx_2553__p16e_034947.jpg,outputs/final_freeze/lynx-wild/images/czechlynx_2777__p16e_039448.jpg,no,8,0.43834621,0.364289,0.55,0.55,0.55,0.979109,0.0,0.741579,0.507659,review,evaluation,,,,,,,,Phase18N confirmatory reviewability packet; labels are not identity labels.
phase18n_megadescriptor_l_384_blind_0041,megadescriptor_l_384,confirmatory_stratified_blind_review,rank_02_05__similarity_high__quality_low__different_identity__admission_mid,rank_02_05,similarity_high,quality_low,different_identity,admission_mid,phase18a_czechlynx_2131,phase18a_czechlynx_2487,outputs/final_freeze/lynx-wild/images/czechlynx_2131__p16e_045629.jpg,outputs/final_freeze/lynx-wild/images/czechlynx_2487__p16e_036337.jpg,no,5,0.6795032,0.883015,0.55,0.55,0.55,0.917399,0.204425,0.735288,0.785994,review,evaluation,,,,,,,,Phase18N confirmatory reviewability packet; labels are not identity labels.
phase18n_megadescriptor_l_384_blind_0042,megadescriptor_l_384,confirmatory_stratified_blind_review,rank_06_10__similarity_low__quality_low__same_identity__admission_low,rank_06_10,similarity_low,quality_low,same_identity,admission_low,phase18a_czechlynx_2964,phase18a_czechlynx_2429,outputs/final_freeze/lynx-wild/images/czechlynx_2964__p16e_041152.jpg,outputs/final_freeze/lynx-wild/images/czechlynx_2429__p16e_041890.jpg,yes,9,0.35862929,0.174703,0.55,0.55,0.55,0.824114,0.0,0.679222,0.36642,review,evaluation,,,,,,,,Phase18N confirmatory reviewability packet; labels are not identity labels.
phase18n_megadescriptor_l_384_blind_0043,megadescriptor_l_384,confirmatory_stratified_blind_review,rank_06_10__similarity_high__quality_low__different_identity__admission_low,rank_06_10,similarity_high,quality_low,different_identity,admission_low,phase18a_czechlynx_1353,phase18a_czechlynx_2476,outputs/final_freeze/lynx-wild/images/czechlynx_1353__p16e_042049.jpg,outputs/final_freeze/lynx-wild/images/czechlynx_2476__p16e_033423.jpg,no,8,0.69686204,0.901848,0.55,0.55,0.55,0.886412,0.234104,0.722559,0.786898,review,evaluation,,,,,,,,Phase18N confirmatory reviewability packet; labels are not identity labels.
phase18n_megadescriptor_l_384_blind_0044,megadescriptor_l_384,confirmatory_stratified_blind_review,rank_11_20__similarity_high__quality_low__different_identity__admission_mid,rank_11_20,similarity_high,quality_low,different_identity,admission_mid,phase18a_czechlynx_2420,phase18a_czechlynx_2236,outputs/final_freeze/lynx-wild/images/czechlynx_2420__p16e_042171.jpg,outputs/final_freeze/lynx-wild/images/czechlynx_2236__p16e_045033.jpg,no,17,0.68017823,0.883781,0.55,0.55,0.55,0.954503,0.192205,0.748198,0.793819,review,evaluation,,,,,,,,Phase18N confirmatory reviewability packet; labels are not identity labels.
phase18n_megadescriptor_l_384_blind_0045,megadescriptor_l_384,confirmatory_stratified_blind_review,rank_06_10__similarity_high__quality_low__same_identity__admission_mid,rank_06_10,similarity_high,quality_low,same_identity,admission_mid,phase18a_czechlynx_2126,phase18a_czechlynx_1473,outputs/final_freeze/lynx-wild/images/czechlynx_2126__p16e_028327.jpg,outputs/final_freeze/lynx-wild/images/czechlynx_1473__p16e_028281.jpg,yes,7,0.73082936,0.930182,0.55,0.55,0.55,0.966971,0.234242,0.747922,0.814075,review,evaluation,,,,,,,,Phase18N confirmatory reviewability packet; labels are not identity labels.
phase18n_megadescriptor_l_384_blind_0046,megadescriptor_l_384,confirmatory_stratified_blind_review,rank_11_20__similarity_low__quality_low__different_identity__admission_mid,rank_11_20,similarity_low,quality_low,different_identity,admission_mid,phase18a_czechlynx_1604,phase18a_czechlynx_1630,outputs/final_freeze/lynx-wild/images/czechlynx_1604__p16e_014115.jpg,outputs/final_freeze/lynx-wild/images/czechlynx_1630__p16e_015666.jpg,no,17,0.41624296,0.306322,0.55,0.55,0.55,0.974283,0.0,0.734431,0.469003,review,evaluation,,,,,,,,Phase18N confirmatory reviewability packet; labels are not identity labels.
phase18n_megadescriptor_l_384_blind_0047,megadescriptor_l_384,confirmatory_stratified_blind_review,rank_06_10__similarity_low__quality_low__same_identity__admission_low,rank_06_10,similarity_low,quality_low,same_identity,admission_low,phase18a_czechlynx_2485,phase18a_czechlynx_2884,outputs/final_freeze/lynx-wild/images/czechlynx_2485__p16e_024874.jpg,outputs/final_freeze/lynx-wild/images/czechlynx_2884__p16e_024878.jpg,yes,7,0.2329659,0.027467,0.55,0.55,0.55,0.925498,0.0,0.692886,0.280326,review,evaluation,,,,,,,,Phase18N confirmatory reviewability packet; labels are not identity labels.
phase18n_megadescriptor_l_384_blind_0048,megadescriptor_l_384,confirmatory_stratified_blind_review,rank_01__similarity_mid__quality_low__same_identity__admission_high,rank_01,similarity_mid,quality_low,same_identity,admission_high,phase18a_czechlynx_2155,phase18a_czechlynx_1717,outputs/final_freeze/lynx-wild/images/czechlynx_2155__p16e_042493.jpg,outputs/final_freeze/lynx-wild/images/czechlynx_1717__p16e_042492.jpg,yes,1,0.6012516,0.754479,0.55,0.55,0.55,0.974462,0.055918,0.768114,0.748477,review,evaluation,,,,,,,,Phase18N confirmatory reviewability packet; labels are not identity labels.
phase18n_megadescriptor_l_384_blind_0049,megadescriptor_l_384,confirmatory_stratified_blind_review,rank_11_20__similarity_low__quality_low__same_identity__admission_low,rank_11_20,similarity_low,quality_low,same_identity,admission_low,phase18a_czechlynx_2342,phase18a_czechlynx_1909,outputs/final_freeze/lynx-wild/images/czechlynx_2342__p16e_028566.jpg,outputs/final_freeze/lynx-wild/images/czechlynx_1909__p16e_028285.jpg,yes,13,0.25090685,0.038684,0.55,0.55,0.55,0.944566,0.0,0.699347,0.289736,review,evaluation,,,,,,,,Phase18N confirmatory reviewability packet; labels are not identity labels.
phase18n_megadescriptor_l_384_blind_0050,megadescriptor_l_384,confirmatory_stratified_blind_review,rank_06_10__similarity_low__quality_low__different_identity__admission_high,rank_06_10,similarity_low,quality_low,different_identity,admission_high,phase18a_czechlynx_2832,phase18a_czechlynx_2396,outputs/final_freeze/lynx-wild/images/czechlynx_2832__p16e_007699.jpg,outputs/final_freeze/lynx-wild/images/czechlynx_2396__p16e_039367.jpg,no,10,0.47214645,0.458191,0.55,0.55,0.55,0.988434,0.0,0.753581,0.570439,review,evaluation,,,,,,,,Phase18N confirmatory reviewability packet; labels are not identity labels.
phase18n_megadescriptor_l_384_blind_0051,megadescriptor_l_384,confirmatory_stratified_blind_review,rank_01__similarity_high__quality_low__same_identity__admission_high,rank_01,similarity_high,quality_low,same_identity,admission_high,phase18a_czechlynx_1647,phase18a_czechlynx_1962,outputs/final_freeze/lynx-wild/images/czechlynx_1647__p16e_028204.jpg,outputs/final_freeze/lynx-wild/images/czechlynx_1962__p16e_028199.jpg,yes,1,0.89782894,0.987,0.55,0.55,0.55,0.998004,0.280198,0.753101,0.842079,review,evaluation,,,,,,,,Phase18N confirmatory reviewability packet; labels are not identity labels.
phase18n_megadescriptor_l_384_blind_0052,megadescriptor_l_384,confirmatory_stratified_blind_review,rank_11_20__similarity_mid__quality_low__different_identity__admission_mid,rank_11_20,similarity_mid,quality_low,different_identity,admission_mid,phase18a_czechlynx_1375,phase18a_czechlynx_1465,outputs/final_freeze/lynx-wild/images/czechlynx_1375__p16e_032528.jpg,outputs/final_freeze/lynx-wild/images/czechlynx_1465__p16e_007876.jpg,no,18,0.52551264,0.599127,0.55,0.55,0.55,0.870155,0.0,0.734556,0.65059,review,evaluation,,,,,,,,Phase18N confirmatory reviewability packet; labels are not identity labels.
phase18n_megadescriptor_l_384_blind_0053,megadescriptor_l_384,confirmatory_stratified_blind_review,rank_02_05__similarity_high__quality_low__same_identity__admission_low,rank_02_05,similarity_high,quality_low,same_identity,admission_low,phase18a_czechlynx_1352,phase18a_czechlynx_2247,outputs/final_freeze/lynx-wild/images/czechlynx_1352__p16e_028242.jpg,outputs/final_freeze/lynx-wild/images/czechlynx_2247__p16e_028198.jpg,yes,3,0.67111433,0.872398,0.55,0.55,0.55,0.863796,0.212569,0.717589,0.771057,review,evaluation,,,,,,,,Phase18N confirmatory reviewability packet; labels are not identity labels.
phase18n_megadescriptor_l_384_blind_0054,megadescriptor_l_384,confirmatory_stratified_blind_review,rank_11_20__similarity_mid__quality_low__same_identity__admission_low,rank_11_20,similarity_mid,quality_low,same_identity,admission_low,phase18a_czechlynx_1490,phase18a_czechlynx_1587,outputs/final_freeze/lynx-wild/images/czechlynx_1490__p16e_028413.jpg,outputs/final_freeze/lynx-wild/images/czechlynx_1587__p16e_028517.jpg,yes,16,0.64317417,0.829664,0.55,0.55,0.55,0.826142,0.183014,0.708683,0.747088,review,evaluation,,,,,,,,Phase18N confirmatory reviewability packet; labels are not identity labels.
phase18n_megadescriptor_l_384_blind_0055,megadescriptor_l_384,confirmatory_stratified_blind_review,rank_06_10__similarity_mid__quality_low__same_identity__admission_low,rank_06_10,similarity_mid,quality_low,same_identity,admission_low,phase18a_czechlynx_1573,phase18a_czechlynx_1633,outputs/final_freeze/lynx-wild/images/czechlynx_1573__p16e_028423.jpg,outputs/final_freeze/lynx-wild/images/czechlynx_1633__p16e_028523.jpg,yes,9,0.66438574,0.863248,0.55,0.55,0.55,0.890116,0.194207,0.727716,0.772904,review,evaluation,,,,,,,,Phase18N confirmatory reviewability packet; labels are not identity labels.
phase18n_megadescriptor_l_384_blind_0056,megadescriptor_l_384,confirmatory_stratified_blind_review,rank_11_20__similarity_high__quality_low__different_identity__admission_low,rank_11_20,similarity_high,quality_low,different_identity,admission_low,phase18a_czechlynx_1353,phase18a_czechlynx_2351,outputs/final_freeze/lynx-wild/images/czechlynx_1353__p16e_042049.jpg,outputs/final_freeze/lynx-wild/images/czechlynx_2351__p16e_043667.jpg,no,16,0.67929798,0.882831,0.55,0.55,0.55,0.824438,0.236778,0.70277,0.767052,review,evaluation,,,,,,,,Phase18N confirmatory reviewability packet; labels are not identity labels.
phase18n_megadescriptor_l_384_blind_0057,megadescriptor_l_384,confirmatory_stratified_blind_review,rank_11_20__similarity_high__quality_low__same_identity__admission_high,rank_11_20,similarity_high,quality_low,same_identity,admission_high,phase18a_czechlynx_2091,phase18a_czechlynx_1935,outputs/final_freeze/lynx-wild/images/czechlynx_2091__p16e_028463.jpg,outputs/final_freeze/lynx-wild/images/czechlynx_1935__p16e_028445.jpg,yes,14,0.6779806,0.881331,0.55,0.55,0.55,0.970614,0.184116,0.754082,0.796153,review,evaluation,,,,,,,,Phase18N confirmatory reviewability packet; labels are not identity labels.
phase18n_megadescriptor_l_384_blind_0058,megadescriptor_l_384,confirmatory_stratified_blind_review,rank_01__similarity_high__quality_low__same_identity__admission_high,rank_01,similarity_high,quality_low,same_identity,admission_high,phase18a_czechlynx_2530,phase18a_czechlynx_2463,outputs/final_freeze/lynx-wild/images/czechlynx_2530__p16e_045919.jpg,outputs/final_freeze/lynx-wild/images/czechlynx_2463__p16e_045905.jpg,yes,1,0.74743199,0.940116,0.55,0.55,0.55,0.998516,0.233135,0.757969,0.824273,review,evaluation,,,,,,,,Phase18N confirmatory reviewability packet; labels are not identity labels.
phase18n_megadescriptor_l_384_blind_0059,megadescriptor_l_384,confirmatory_stratified_blind_review,rank_06_10__similarity_high__quality_low__same_identity__admission_high,rank_06_10,similarity_high,quality_low,same_identity,admission_high,phase18a_czechlynx_1940,phase18a_czechlynx_2057,outputs/final_freeze/lynx-wild/images/czechlynx_1940__p16e_028174.jpg,outputs/final_freeze/lynx-wild/images/czechlynx_2057__p16e_028162.jpg,yes,9,0.70615464,0.910882,0.55,0.55,0.55,0.994975,0.205141,0.759653,0.812387,review,evaluation,,,,,,,,Phase18N confirmatory reviewability packet; labels are not identity labels.
phase18n_megadescriptor_l_384_blind_0060,megadescriptor_l_384,confirmatory_stratified_blind_review,rank_01__similarity_high__quality_low__different_identity__admission_low,rank_01,similarity_high,quality_low,different_identity,admission_low,phase18a_czechlynx_1353,phase18a_czechlynx_2388,outputs/final_freeze/lynx-wild/images/czechlynx_1353__p16e_042049.jpg,outputs/final_freeze/lynx-wild/images/czechlynx_2388__p16e_036605.jpg,no,1,0.74677604,0.939666,0.55,0.55,0.55,0.855749,0.282654,0.708045,0.795119,review,evaluation,,,,,,,,Phase18N confirmatory reviewability packet; labels are not identity labels.
phase18n_megadescriptor_l_384_blind_0061,megadescriptor_l_384,confirmatory_stratified_blind_review,rank_01__similarity_high__quality_low__same_identity__admission_low,rank_01,similarity_high,quality_low,same_identity,admission_low,phase18a_czechlynx_1978,phase18a_czechlynx_1384,outputs/final_freeze/lynx-wild/images/czechlynx_1978__p16e_024500.jpg,outputs/final_freeze/lynx-wild/images/czechlynx_1384__p16e_024498.jpg,yes,1,0.68076354,0.884598,0.55,0.55,0.55,0.881548,0.218556,0.722582,0.779321,review,evaluation,,,,,,,,Phase18N confirmatory reviewability packet; labels are not identity labels.
phase18n_megadescriptor_l_384_blind_0062,megadescriptor_l_384,confirmatory_stratified_blind_review,rank_06_10__similarity_low__quality_low__same_identity__admission_low,rank_06_10,similarity_low,quality_low,same_identity,admission_low,phase18a_czechlynx_2268,phase18a_czechlynx_2560,outputs/final_freeze/lynx-wild/images/czechlynx_2268__p16e_008636.jpg,outputs/final_freeze/lynx-wild/images/czechlynx_2560__p16e_006778.jpg,yes,9,0.28143752,0.065234,0.55,0.55,0.55,0.943415,0.0,0.70168,0.307084,review,evaluation,,,,,,,,Phase18N confirmatory reviewability packet; labels are not identity labels.
phase18n_megadescriptor_l_384_blind_0063,megadescriptor_l_384,confirmatory_stratified_blind_review,rank_02_05__similarity_low__quality_low__different_identity__admission_low,rank_02_05,similarity_low,quality_low,different_identity,admission_low,phase18a_czechlynx_2917,phase18a_czechlynx_2958,outputs/final_freeze/lynx-wild/images/czechlynx_2917__p16e_028622.jpg,outputs/final_freeze/lynx-wild/images/czechlynx_2958__p16e_028627.jpg,no,2,0.46709865,0.443091,0.55,0.55,0.55,0.909123,0.0,0.729864,0.552065,review,evaluation,,,,,,,,Phase18N confirmatory reviewability packet; labels are not identity labels.
phase18n_megadescriptor_l_384_blind_0064,megadescriptor_l_384,confirmatory_stratified_blind_review,rank_11_20__similarity_low__quality_low__same_identity__admission_mid,rank_11_20,similarity_low,quality_low,same_identity,admission_mid,phase18a_czechlynx_1865,phase18a_czechlynx_1682,outputs/final_freeze/lynx-wild/images/czechlynx_1865__p16e_028158.jpg,outputs/final_freeze/lynx-wild/images/czechlynx_1682__p16e_028355.jpg,yes,19,0.48463017,0.493875,0.55,0.55,0.55,0.907878,0.0,0.734593,0.585348,review,evaluation,,,,,,,,Phase18N confirmatory reviewability packet; labels are not identity labels.
phase18n_megadescriptor_l_384_blind_0065,megadescriptor_l_384,confirmatory_stratified_blind_review,rank_02_05__similarity_high__quality_low__same_identity__admission_mid,rank_02_05,similarity_high,quality_low,same_identity,admission_mid,phase18a_czechlynx_1733,phase18a_czechlynx_1909,outputs/final_freeze/lynx-wild/images/czechlynx_1733__p16e_028267.jpg,outputs/final_freeze/lynx-wild/images/czechlynx_1909__p16e_028285.jpg,yes,2,0.73894763,0.934732,0.55,0.55,0.55,0.952665,0.243799,0.74246,0.812909,review,evaluation,,,,,,,,Phase18N confirmatory reviewability packet; labels are not identity labels.
phase18n_megadescriptor_l_384_blind_0066,megadescriptor_l_384,confirmatory_stratified_blind_review,rank_01__similarity_mid__quality_low__same_identity__admission_low,rank_01,similarity_mid,quality_low,same_identity,admission_low,phase18a_czechlynx_1458,phase18a_czechlynx_1881,outputs/final_freeze/lynx-wild/images/czechlynx_1458__p16e_028452.jpg,outputs/final_freeze/lynx-wild/images/czechlynx_1881__p16e_028268.jpg,yes,1,0.52290642,0.593193,0.55,0.55,0.55,0.783246,0.0,0.709628,0.637438,review,evaluation,,,,,,,,Phase18N confirmatory reviewability packet; labels are not identity labels.
phase18n_megadescriptor_l_384_blind_0067,megadescriptor_l_384,confirmatory_stratified_blind_review,rank_02_05__similarity_mid__quality_low__same_identity__admission_high,rank_02_05,similarity_mid,quality_low,same_identity,admission_high,phase18a_czechlynx_1438,phase18a_czechlynx_2602,outputs/final_freeze/lynx-wild/images/czechlynx_1438__p16e_032527.jpg,outputs/final_freeze/lynx-wild/images/czechlynx_2602__p16e_032538.jpg,yes,4,0.62469512,0.797463,0.55,0.55,0.55,0.960413,0.103819,0.758898,0.762045,review,evaluation,,,,,,,,Phase18N confirmatory reviewability packet; labels are not identity labels.
phase18n_megadescriptor_l_384_blind_0068,megadescriptor_l_384,confirmatory_stratified_blind_review,rank_02_05__similarity_mid__quality_low__same_identity__admission_low,rank_02_05,similarity_mid,quality_low,same_identity,admission_low,phase18a_czechlynx_1978,phase18a_czechlynx_1413,outputs/final_freeze/lynx-wild/images/czechlynx_1978__p16e_024500.jpg,outputs/final_freeze/lynx-wild/images/czechlynx_1413__p16e_024496.jpg,yes,2,0.65692806,0.851714,0.55,0.55,0.55,0.889286,0.182964,0.728579,0.76833,review,evaluation,,,,,,,,Phase18N confirmatory reviewability packet; labels are not identity labels.
phase18n_megadescriptor_l_384_blind_0069,megadescriptor_l_384,confirmatory_stratified_blind_review,rank_06_10__similarity_mid__quality_low__same_identity__admission_mid,rank_06_10,similarity_mid,quality_low,same_identity,admission_mid,phase18a_czechlynx_1987,phase18a_czechlynx_1548,outputs/final_freeze/lynx-wild/images/czechlynx_1987__p16e_028335.jpg,outputs/final_freeze/lynx-wild/images/czechlynx_1548__p16e_028405.jpg,yes,8,0.65312344,0.845947,0.55,0.55,0.55,0.916671,0.167613,0.73874,0.771686,review,evaluation,,,,,,,,Phase18N confirmatory reviewability packet; labels are not identity labels.
phase18n_megadescriptor_l_384_blind_0070,megadescriptor_l_384,confirmatory_stratified_blind_review,rank_11_20__similarity_low__quality_low__same_identity__admission_high,rank_11_20,similarity_low,quality_low,same_identity,admission_high,phase18a_czechlynx_2004,phase18a_czechlynx_1962,outputs/final_freeze/lynx-wild/images/czechlynx_2004__p16e_028151.jpg,outputs/final_freeze/lynx-wild/images/czechlynx_1962__p16e_028199.jpg,yes,19,0.49833751,0.530926,0.55,0.55,0.55,0.958766,0.0,0.752547,0.615142,review,evaluation,,,,,,,,Phase18N confirmatory reviewability packet; labels are not identity labels.
phase18n_megadescriptor_l_384_blind_0071,megadescriptor_l_384,confirmatory_stratified_blind_review,rank_02_05__similarity_low__quality_low__same_identity__admission_high,rank_02_05,similarity_low,quality_low,same_identity,admission_high,phase18a_czechlynx_1607,phase18a_czechlynx_1609,outputs/final_freeze/lynx-wild/images/czechlynx_1607__p16e_028492.jpg,outputs/final_freeze/lynx-wild/images/czechlynx_1609__p16e_028482.jpg,yes,2,0.50417608,0.546676,0.55,0.55,0.55,0.976901,0.0,0.7592,0.627435,review,evaluation,,,,,,,,Phase18N confirmatory reviewability packet; labels are not identity labels.
phase18n_megadescriptor_l_384_blind_0072,megadescriptor_l_384,confirmatory_stratified_blind_review,rank_06_10__similarity_mid__quality_low__different_identity__admission_high,rank_06_10,similarity_mid,quality_low,different_identity,admission_high,phase18a_czechlynx_2044,phase18a_czechlynx_2080,outputs/final_freeze/lynx-wild/images/czechlynx_2044__p16e_043670.jpg,outputs/final_freeze/lynx-wild/images/czechlynx_2080__p16e_039978.jpg,no,7,0.66304588,0.861081,0.55,0.55,0.55,0.961911,0.166912,0.753061,0.786651,review,evaluation,,,,,,,,Phase18N confirmatory reviewability packet; labels are not identity labels.
phase18n_megadescriptor_l_384_blind_0073,megadescriptor_l_384,confirmatory_stratified_blind_review,rank_06_10__similarity_low__quality_low__different_identity__admission_high,rank_06_10,similarity_low,quality_low,different_identity,admission_high,phase18a_czechlynx_2622,phase18a_czechlynx_2080,outputs/final_freeze/lynx-wild/images/czechlynx_2622__p16e_044942.jpg,outputs/final_freeze/lynx-wild/images/czechlynx_2080__p16e_039978.jpg,no,8,0.50357902,0.545176,0.55,0.55,0.55,0.983964,0.0,0.761027,0.627199,review,evaluation,,,,,,,,Phase18N confirmatory reviewability packet; labels are not identity labels.
phase18n_megadescriptor_l_384_blind_0074,megadescriptor_l_384,confirmatory_stratified_blind_review,rank_02_05__similarity_mid__quality_low__different_identity__admission_low,rank_02_05,similarity_mid,quality_low,different_identity,admission_low,phase18a_czechlynx_2469,phase18a_czechlynx_1651,outputs/final_freeze/lynx-wild/images/czechlynx_2469__p16e_012207.jpg,outputs/final_freeze/lynx-wild/images/czechlynx_1651__p16e_016994.jpg,no,3,0.52071315,0.58851,0.52207,0.55,0.52207,0.878161,0.0,0.724005,0.639998,review,evaluation,,,,,,,,Phase18N confirmatory reviewability packet; labels are not identity labels.
phase18n_megadescriptor_l_384_blind_0075,megadescriptor_l_384,confirmatory_stratified_blind_review,rank_02_05__similarity_mid__quality_low__same_identity__admission_mid,rank_02_05,similarity_mid,quality_low,same_identity,admission_mid,phase18a_czechlynx_1352,phase18a_czechlynx_1724,outputs/final_freeze/lynx-wild/images/czechlynx_1352__p16e_028242.jpg,outputs/final_freeze/lynx-wild/images/czechlynx_1724__p16e_028309.jpg,yes,4,0.64078414,0.826214,0.55,0.55,0.55,0.895758,0.155198,0.733394,0.759903,review,evaluation,,,,,,,,Phase18N confirmatory reviewability packet; labels are not identity labels.
phase18n_megadescriptor_l_384_blind_0076,megadescriptor_l_384,confirmatory_stratified_blind_review,rank_02_05__similarity_high__quality_low__same_identity__admission_low,rank_02_05,similarity_high,quality_low,same_identity,admission_low,phase18a_czechlynx_1595,phase18a_czechlynx_2021,outputs/final_freeze/lynx-wild/images/czechlynx_1595__p16e_028407.jpg,outputs/final_freeze/lynx-wild/images/czechlynx_2021__p16e_028395.jpg,yes,2,0.74536222,0.938916,0.55,0.55,0.55,0.909335,0.263148,0.726876,0.805711,review,evaluation,,,,,,,,Phase18N confirmatory reviewability packet; labels are not identity labels.
phase18n_megadescriptor_l_384_blind_0077,megadescriptor_l_384,confirmatory_stratified_blind_review,rank_11_20__similarity_mid__quality_low__different_identity__admission_high,rank_11_20,similarity_mid,quality_low,different_identity,admission_high,phase18a_czechlynx_2803,phase18a_czechlynx_2411,outputs/final_freeze/lynx-wild/images/czechlynx_2803__p16e_043467.jpg,outputs/final_freeze/lynx-wild/images/czechlynx_2411__p16e_041928.jpg,no,15,0.55011177,0.654011,0.55,0.55,0.55,0.93581,0.0,0.758428,0.693689,review,evaluation,,,,,,,,Phase18N confirmatory reviewability packet; labels are not identity labels.
phase18n_megadescriptor_l_384_blind_0078,megadescriptor_l_384,confirmatory_stratified_blind_review,rank_02_05__similarity_low__quality_low__different_identity__admission_mid,rank_02_05,similarity_low,quality_low,different_identity,admission_mid,phase18a_czechlynx_2832,phase18a_czechlynx_1745,outputs/final_freeze/lynx-wild/images/czechlynx_2832__p16e_007699.jpg,outputs/final_freeze/lynx-wild/images/czechlynx_1745__p16e_037603.jpg,no,2,0.50215024,0.541342,0.55,0.55,0.55,0.913862,0.0,0.741016,0.617218,review,evaluation,,,,,,,,Phase18N confirmatory reviewability packet; labels are not identity labels.
phase18n_megadescriptor_l_384_blind_0079,megadescriptor_l_384,confirmatory_stratified_blind_review,rank_01__similarity_high__quality_low__different_identity__admission_high,rank_01,similarity_high,quality_low,different_identity,admission_high,phase18a_czechlynx_2087,phase18a_czechlynx_1796,outputs/final_freeze/lynx-wild/images/czechlynx_2087__p16e_042765.jpg,outputs/final_freeze/lynx-wild/images/czechlynx_1796__p16e_042760.jpg,no,1,0.72549748,0.926082,0.55,0.55,0.55,0.979284,0.225833,0.752641,0.815008,review,evaluation,,,,,,,,Phase18N confirmatory reviewability packet; labels are not identity labels.
phase18n_megadescriptor_l_384_blind_0080,megadescriptor_l_384,confirmatory_stratified_blind_review,rank_02_05__similarity_high__quality_low__same_identity__admission_high,rank_02_05,similarity_high,quality_low,same_identity,admission_high,phase18a_czechlynx_2109,phase18a_czechlynx_1848,outputs/final_freeze/lynx-wild/images/czechlynx_2109__p16e_028462.jpg,outputs/final_freeze/lynx-wild/images/czechlynx_1848__p16e_028458.jpg,yes,2,0.89312512,0.9857,0.55,0.55,0.55,0.997449,0.279093,0.753037,0.841469,review,evaluation,,,,,,,,Phase18N confirmatory reviewability packet; labels are not identity labels.
phase18n_megadescriptor_l_384_blind_0081,megadescriptor_l_384,confirmatory_stratified_blind_review,rank_06_10__similarity_high__quality_low__same_identity__admission_mid,rank_06_10,similarity_high,quality_low,same_identity,admission_mid,phase18a_czechlynx_1664,phase18a_czechlynx_1519,outputs/final_freeze/lynx-wild/images/czechlynx_1664__p16e_028342.jpg,outputs/final_freeze/lynx-wild/images/czechlynx_1519__p16e_028336.jpg,yes,8,0.91840804,0.992117,0.55,0.55,0.55,0.990141,0.288067,0.749838,0.842437,review,evaluation,,,,,,,,Phase18N confirmatory reviewability packet; labels are not identity labels.
phase18n_megadescriptor_l_384_blind_0082,megadescriptor_l_384,confirmatory_stratified_blind_review,rank_06_10__similarity_low__quality_low__different_identity__admission_low,rank_06_10,similarity_low,quality_low,different_identity,admission_low,phase18a_czechlynx_1576,phase18a_czechlynx_2501,outputs/final_freeze/lynx-wild/images/czechlynx_1576__p16e_045910.jpg,outputs/final_freeze/lynx-wild/images/czechlynx_2501__p16e_044696.jpg,no,10,0.42324227,0.323672,0.55,0.55,0.55,0.924397,0.0,0.722198,0.475112,review,evaluation,,,,,,,,Phase18N confirmatory reviewability packet; labels are not identity labels.
phase18n_megadescriptor_l_384_blind_0083,megadescriptor_l_384,confirmatory_stratified_blind_review,rank_11_20__similarity_low__quality_low__same_identity__admission_high,rank_11_20,similarity_low,quality_low,same_identity,admission_high,phase18a_czechlynx_1852,phase18a_czechlynx_1962,outputs/final_freeze/lynx-wild/images/czechlynx_1852__p16e_028146.jpg,outputs/final_freeze/lynx-wild/images/czechlynx_1962__p16e_028199.jpg,yes,13,0.51503313,0.574593,0.55,0.55,0.55,0.946543,0.0,0.753491,0.642574,review,evaluation,,,,,,,,Phase18N confirmatory reviewability packet; labels are not identity labels.
phase18n_megadescriptor_l_384_blind_0084,megadescriptor_l_384,confirmatory_stratified_blind_review,rank_06_10__similarity_low__quality_low__same_identity__admission_high,rank_06_10,similarity_low,quality_low,same_identity,admission_high,phase18a_czechlynx_1828,phase18a_czechlynx_1918,outputs/final_freeze/lynx-wild/images/czechlynx_1828__p16e_028225.jpg,outputs/final_freeze/lynx-wild/images/czechlynx_1918__p16e_028215.jpg,yes,8,0.51191276,0.566509,0.55,0.55,0.55,0.989537,0.0,0.764721,0.64183,review,evaluation,,,,,,,,Phase18N confirmatory reviewability packet; labels are not identity labels.
phase18n_megadescriptor_l_384_blind_0085,megadescriptor_l_384,confirmatory_stratified_blind_review,rank_02_05__similarity_low__quality_low__different_identity__admission_low,rank_02_05,similarity_low,quality_low,different_identity,admission_low,phase18a_czechlynx_2371,phase18a_czechlynx_2849,outputs/final_freeze/lynx-wild/images/czechlynx_2371__p16e_045666.jpg,outputs/final_freeze/lynx-wild/images/czechlynx_2849__p16e_037148.jpg,no,4,0.51388586,0.571476,0.55,0.55,0.55,0.790931,0.0,0.709608,0.623966,review,evaluation,,,,,,,,Phase18N confirmatory reviewability packet; labels are not identity labels.
phase18n_megadescriptor_l_384_blind_0086,megadescriptor_l_384,confirmatory_stratified_blind_review,rank_06_10__similarity_high__quality_low__same_identity__admission_low,rank_06_10,similarity_high,quality_low,same_identity,admission_low,phase18a_czechlynx_1847,phase18a_czechlynx_1917,outputs/final_freeze/lynx-wild/images/czechlynx_1847__p16e_028401.jpg,outputs/final_freeze/lynx-wild/images/czechlynx_1917__p16e_028329.jpg,yes,6,0.69129401,0.895648,0.55,0.55,0.55,0.879076,0.230472,0.720612,0.78304,review,evaluation,,,,,,,,Phase18N confirmatory reviewability packet; labels are not identity labels.
phase18n_megadescriptor_l_384_blind_0087,megadescriptor_l_384,confirmatory_stratified_blind_review,rank_06_10__similarity_low__quality_low__same_identity__admission_low,rank_06_10,similarity_low,quality_low,same_identity,admission_low,phase18a_czechlynx_2342,phase18a_czechlynx_2062,outputs/final_freeze/lynx-wild/images/czechlynx_2342__p16e_028566.jpg,outputs/final_freeze/lynx-wild/images/czechlynx_2062__p16e_028333.jpg,yes,8,0.25742379,0.043884,0.55,0.55,0.55,0.920131,0.0,0.693025,0.290558,review,evaluation,,,,,,,,Phase18N confirmatory reviewability packet; labels are not identity labels.
phase18n_megadescriptor_l_384_blind_0088,megadescriptor_l_384,confirmatory_stratified_blind_review,rank_01__similarity_mid__quality_low__same_identity__admission_mid,rank_01,similarity_mid,quality_low,same_identity,admission_mid,phase18a_czechlynx_1826,phase18a_czechlynx_1602,outputs/final_freeze/lynx-wild/images/czechlynx_1826__p16e_028417.jpg,outputs/final_freeze/lynx-wild/images/czechlynx_1602__p16e_028363.jpg,yes,1,0.57098728,0.696412,0.55,0.55,0.55,0.898462,0.02445,0.747321,0.710867,review,evaluation,,,,,,,,Phase18N confirmatory reviewability packet; labels are not identity labels.
phase18n_megadescriptor_l_384_blind_0089,megadescriptor_l_384,confirmatory_stratified_blind_review,rank_02_05__similarity_mid__quality_low__same_identity__admission_mid,rank_02_05,similarity_mid,quality_low,same_identity,admission_mid,phase18a_czechlynx_1302,phase18a_czechlynx_1936,outputs/final_freeze/lynx-wild/images/czechlynx_1302__p16e_028561.jpg,outputs/final_freeze/lynx-wild/images/czechlynx_1936__p16e_028390.jpg,yes,2,0.59006894,0.732496,0.55,0.55,0.55,0.917049,0.054028,0.750218,0.728424,review,evaluation,,,,,,,,Phase18N confirmatory reviewability packet; labels are not identity labels.
phase18n_megadescriptor_l_384_blind_0090,megadescriptor_l_384,confirmatory_stratified_blind_review,rank_11_20__similarity_low__quality_low__same_identity__admission_mid,rank_11_20,similarity_low,quality_low,same_identity,admission_mid,phase18a_czechlynx_1607,phase18a_czechlynx_1863,outputs/final_freeze/lynx-wild/images/czechlynx_1607__p16e_028492.jpg,outputs/final_freeze/lynx-wild/images/czechlynx_1863__p16e_028488.jpg,yes,14,0.42248318,0.321922,0.55,0.55,0.55,0.990169,0.0,0.74044,0.480959,review,evaluation,,,,,,,,Phase18N confirmatory reviewability packet; labels are not identity labels.
phase18n_megadescriptor_l_384_blind_0091,megadescriptor_l_384,confirmatory_stratified_blind_review,rank_01__similarity_high__quality_low__same_identity__admission_high,rank_01,similarity_high,quality_low,same_identity,admission_high,phase18a_czechlynx_1936,phase18a_czechlynx_1812,outputs/final_freeze/lynx-wild/images/czechlynx_1936__p16e_028390.jpg,outputs/final_freeze/lynx-wild/images/czechlynx_1812__p16e_028391.jpg,yes,1,0.79147208,0.960599,0.55,0.55,0.55,0.999509,0.253271,0.756268,0.832299,review,evaluation,,,,,,,,Phase18N confirmatory reviewability packet; labels are not identity labels.
phase18n_megadescriptor_l_384_blind_0092,megadescriptor_l_384,confirmatory_stratified_blind_review,rank_11_20__similarity_mid__quality_low__same_identity__admission_mid,rank_11_20,similarity_mid,quality_low,same_identity,admission_mid,phase18a_czechlynx_1415,phase18a_czechlynx_1772,outputs/final_freeze/lynx-wild/images/czechlynx_1415__p16e_028519.jpg,outputs/final_freeze/lynx-wild/images/czechlynx_1772__p16e_028196.jpg,yes,13,0.63679302,0.818564,0.55,0.55,0.55,0.936397,0.133325,0.748383,0.76523,review,evaluation,,,,,,,,Phase18N confirmatory reviewability packet; labels are not identity labels.
phase18n_megadescriptor_l_384_blind_0093,megadescriptor_l_384,confirmatory_stratified_blind_review,rank_01__similarity_low__quality_low__same_identity__admission_high,rank_01,similarity_low,quality_low,same_identity,admission_high,phase18a_czechlynx_2170,phase18a_czechlynx_1888,outputs/final_freeze/lynx-wild/images/czechlynx_2170__p16e_028565.jpg,outputs/final_freeze/lynx-wild/images/czechlynx_1888__p16e_028243.jpg,yes,1,0.49298227,0.516792,0.55,0.55,0.55,0.983732,0.0,0.758124,0.608498,review,evaluation,,,,,,,,Phase18N confirmatory reviewability packet; labels are not identity labels.
phase18n_megadescriptor_l_384_blind_0094,megadescriptor_l_384,confirmatory_stratified_blind_review,rank_06_10__similarity_high__quality_low__different_identity__admission_mid,rank_06_10,similarity_high,quality_low,different_identity,admission_mid,phase18a_czechlynx_2426,phase18a_czechlynx_2194,outputs/final_freeze/lynx-wild/images/czechlynx_2426__p16e_044049.jpg,outputs/final_freeze/lynx-wild/images/czechlynx_2194__p16e_034341.jpg,no,9,0.67416292,0.876331,0.55,0.55,0.55,0.926414,0.194586,0.739112,0.785271,review,evaluation,,,,,,,,Phase18N confirmatory reviewability packet; labels are not identity labels.
phase18n_megadescriptor_l_384_blind_0095,megadescriptor_l_384,confirmatory_stratified_blind_review,rank_01__similarity_mid__quality_low__same_identity__admission_mid,rank_01,similarity_mid,quality_low,same_identity,admission_mid,phase18a_czechlynx_1498,phase18a_czechlynx_1550,outputs/final_freeze/lynx-wild/images/czechlynx_1498__p16e_042521.jpg,outputs/final_freeze/lynx-wild/images/czechlynx_1550__p16e_042522.jpg,yes,1,0.62212473,0.79258,0.55,0.55,0.55,0.904814,0.118395,0.739927,0.748893,review,evaluation,,,,,,,,Phase18N confirmatory reviewability packet; labels are not identity labels.
phase18n_megadescriptor_l_384_blind_0096,megadescriptor_l_384,confirmatory_stratified_blind_review,rank_02_05__similarity_high__quality_low__same_identity__admission_mid,rank_02_05,similarity_high,quality_low,same_identity,admission_mid,phase18a_czechlynx_1642,phase18a_czechlynx_1581,outputs/final_freeze/lynx-wild/images/czechlynx_1642__p16e_028307.jpg,outputs/final_freeze/lynx-wild/images/czechlynx_1581__p16e_028302.jpg,yes,2,0.93857563,0.995617,0.55,0.55,0.55,0.997251,0.289079,0.751976,0.845217,review,evaluation,,,,,,,,Phase18N confirmatory reviewability packet; labels are not identity labels.
phase18n_megadescriptor_l_384_blind_0097,megadescriptor_l_384,confirmatory_stratified_blind_review,rank_11_20__similarity_mid__quality_low__different_identity__admission_low,rank_11_20,similarity_mid,quality_low,different_identity,admission_low,phase18a_czechlynx_1353,phase18a_czechlynx_1872,outputs/final_freeze/lynx-wild/images/czechlynx_1353__p16e_042049.jpg,outputs/final_freeze/lynx-wild/images/czechlynx_1872__p16e_045215.jpg,no,19,0.66880345,0.869331,0.55,0.55,0.55,0.849226,0.214602,0.712796,0.766927,review,evaluation,,,,,,,,Phase18N confirmatory reviewability packet; labels are not identity labels.
phase18n_megadescriptor_l_384_blind_0098,megadescriptor_l_384,confirmatory_stratified_blind_review,rank_11_20__similarity_low__quality_low__different_identity__admission_mid,rank_11_20,similarity_low,quality_low,different_identity,admission_mid,phase18a_czechlynx_1687,phase18a_czechlynx_2554,outputs/final_freeze/lynx-wild/images/czechlynx_1687__p16e_028447.jpg,outputs/final_freeze/lynx-wild/images/czechlynx_2554__p16e_012029.jpg,no,11,0.42227939,0.321539,0.55,0.55,0.55,0.973067,0.0,0.735613,0.478887,review,evaluation,,,,,,,,Phase18N confirmatory reviewability packet; labels are not identity labels.
phase18n_megadescriptor_l_384_blind_0099,megadescriptor_l_384,confirmatory_stratified_blind_review,rank_02_05__similarity_high__quality_low__different_identity__admission_mid,rank_02_05,similarity_high,quality_low,different_identity,admission_mid,phase18a_czechlynx_2320,phase18a_czechlynx_2130,outputs/final_freeze/lynx-wild/images/czechlynx_2320__p16e_032848.jpg,outputs/final_freeze/lynx-wild/images/czechlynx_2130__p16e_045596.jpg,no,2,0.68453485,0.888965,0.55,0.55,0.55,0.960384,0.19533,0.749738,0.796993,review,evaluation,,,,,,,,Phase18N confirmatory reviewability packet; labels are not identity labels.
phase18n_megadescriptor_l_384_blind_0100,megadescriptor_l_384,confirmatory_stratified_blind_review,rank_01__similarity_low__quality_low__same_identity__admission_low,rank_01,similarity_low,quality_low,same_identity,admission_low,phase18a_czechlynx_1921,phase18a_czechlynx_2926,outputs/final_freeze/lynx-wild/images/czechlynx_1921__p16e_025151.jpg,outputs/final_freeze/lynx-wild/images/czechlynx_2926__p16e_025067.jpg,yes,1,0.21571296,0.019284,0.55,0.55,0.55,0.912112,0.0,0.68832,0.273517,review,evaluation,,,,,,,,Phase18N confirmatory reviewability packet; labels are not identity labels.
phase18n_megadescriptor_l_384_blind_0101,megadescriptor_l_384,confirmatory_stratified_blind_review,rank_02_05__similarity_high__quality_low__different_identity__admission_mid,rank_02_05,similarity_high,quality_low,different_identity,admission_mid,phase18a_czechlynx_2259,phase18a_czechlynx_2249,outputs/final_freeze/lynx-wild/images/czechlynx_2259__p16e_042179.jpg,outputs/final_freeze/lynx-wild/images/czechlynx_2249__p16e_045144.jpg,no,2,0.77197152,0.953099,0.55,0.55,0.55,0.939567,0.266751,0.736038,0.817266,review,evaluation,,,,,,,,Phase18N confirmatory reviewability packet; labels are not identity labels.
phase18n_megadescriptor_l_384_blind_0102,megadescriptor_l_384,confirmatory_stratified_blind_review,rank_02_05__similarity_high__quality_low__different_identity__admission_low,rank_02_05,similarity_high,quality_low,different_identity,admission_low,phase18a_czechlynx_2463,phase18a_czechlynx_2426,outputs/final_freeze/lynx-wild/images/czechlynx_2463__p16e_045905.jpg,outputs/final_freeze/lynx-wild/images/czechlynx_2426__p16e_044049.jpg,no,3,0.73778051,0.933999,0.55,0.55,0.55,0.905399,0.259609,0.72599,0.803034,review,evaluation,,,,,,,,Phase18N confirmatory reviewability packet; labels are not identity labels.
phase18n_megadescriptor_l_384_blind_0103,megadescriptor_l_384,confirmatory_stratified_blind_review,rank_11_20__similarity_high__quality_low__different_identity__admission_low,rank_11_20,similarity_high,quality_low,different_identity,admission_low,phase18a_czechlynx_2596,phase18a_czechlynx_2476,outputs/final_freeze/lynx-wild/images/czechlynx_2596__p16e_045632.jpg,outputs/final_freeze/lynx-wild/images/czechlynx_2476__p16e_033423.jpg,no,11,0.78693765,0.959066,0.55,0.55,0.55,0.709698,0.353172,0.654988,0.772882,review,evaluation,,,,,,,,Phase18N confirmatory reviewability packet; labels are not identity labels.
phase18n_megadescriptor_l_384_blind_0104,megadescriptor_l_384,confirmatory_stratified_blind_review,rank_06_10__similarity_mid__quality_low__same_identity__admission_mid,rank_06_10,similarity_mid,quality_low,same_identity,admission_mid,phase18a_czechlynx_2247,phase18a_czechlynx_1881,outputs/final_freeze/lynx-wild/images/czechlynx_2247__p16e_028198.jpg,outputs/final_freeze/lynx-wild/images/czechlynx_1881__p16e_028268.jpg,yes,8,0.60813797,0.766763,0.55,0.55,0.55,0.90956,0.090917,0.74417,0.739994,review,evaluation,,,,,,,,Phase18N confirmatory reviewability packet; labels are not identity labels.
phase18n_megadescriptor_l_384_blind_0105,megadescriptor_l_384,confirmatory_stratified_blind_review,rank_01__similarity_mid__quality_low__different_identity__admission_high,rank_01,similarity_mid,quality_low,different_identity,admission_high,phase18a_czechlynx_2238,phase18a_czechlynx_2033,outputs/final_freeze/lynx-wild/images/czechlynx_2238__p16e_044226.jpg,outputs/final_freeze/lynx-wild/images/czechlynx_2033__p16e_044218.jpg,no,1,0.66771692,0.867731,0.55,0.55,0.55,0.970153,0.170678,0.75528,0.790864,review,evaluation,,,,,,,,Phase18N confirmatory reviewability packet; labels are not identity labels.
phase18n_megadescriptor_l_384_blind_0106,megadescriptor_l_384,confirmatory_stratified_blind_review,rank_01__similarity_high__quality_low__same_identity__admission_low,rank_01,similarity_high,quality_low,same_identity,admission_low,phase18a_czechlynx_2791,phase18a_czechlynx_2074,outputs/final_freeze/lynx-wild/images/czechlynx_2791__p16e_028705.jpg,outputs/final_freeze/lynx-wild/images/czechlynx_2074__p16e_028706.jpg,yes,1,0.75930047,0.946866,0.55,0.55,0.55,0.912729,0.269911,0.727268,0.809436,review,evaluation,,,,,,,,Phase18N confirmatory reviewability packet; labels are not identity labels.
phase18n_megadescriptor_l_384_blind_0107,megadescriptor_l_384,confirmatory_stratified_blind_review,rank_02_05__similarity_high__quality_low__same_identity__admission_low,rank_02_05,similarity_high,quality_low,same_identity,admission_low,phase18a_czechlynx_1962,phase18a_czechlynx_1352,outputs/final_freeze/lynx-wild/images/czechlynx_1962__p16e_028199.jpg,outputs/final_freeze/lynx-wild/images/czechlynx_1352__p16e_028242.jpg,yes,5,0.68653291,0.891298,0.55,0.55,0.55,0.876269,0.227104,0.720064,0.780808,review,evaluation,,,,,,,,Phase18N confirmatory reviewability packet; labels are not identity labels.
phase18n_megadescriptor_l_384_blind_0108,megadescriptor_l_384,confirmatory_stratified_blind_review,rank_01__similarity_low__quality_low__different_identity__admission_low,rank_01,similarity_low,quality_low,different_identity,admission_low,phase18a_czechlynx_1574,phase18a_czechlynx_1279,outputs/final_freeze/lynx-wild/images/czechlynx_1574__p16e_024862.jpg,outputs/final_freeze/lynx-wild/images/czechlynx_1279__p16e_024336.jpg,no,1,0.40116054,0.267854,0.55,0.487695,0.487695,0.835935,0.0,0.665679,0.419028,review,evaluation,,,,,,,,Phase18N confirmatory reviewability packet; labels are not identity labels.
phase18n_megadescriptor_l_384_blind_0109,megadescriptor_l_384,confirmatory_stratified_blind_review,rank_02_05__similarity_high__quality_low__same_identity__admission_mid,rank_02_05,similarity_high,quality_low,same_identity,admission_mid,phase18a_czechlynx_1562,phase18a_czechlynx_1639,outputs/final_freeze/lynx-wild/images/czechlynx_1562__p16e_028527.jpg,outputs/final_freeze/lynx-wild/images/czechlynx_1639__p16e_028526.jpg,yes,2,0.88007307,0.982583,0.55,0.55,0.55,0.969785,0.285658,0.743667,0.834663,review,evaluation,,,,,,,,Phase18N confirmatory reviewability packet; labels are not identity labels.
phase18n_megadescriptor_l_384_blind_0110,megadescriptor_l_384,confirmatory_stratified_blind_review,rank_02_05__similarity_low__quality_low__different_identity__admission_mid,rank_02_05,similarity_low,quality_low,different_identity,admission_mid,phase18a_czechlynx_1681,phase18a_czechlynx_2481,outputs/final_freeze/lynx-wild/images/czechlynx_1681__p16e_028037.jpg,outputs/final_freeze/lynx-wild/images/czechlynx_2481__p16e_017287.jpg,no,5,0.47859979,0.477375,0.55,0.55,0.55,0.934504,0.0,0.740399,0.577324,review,evaluation,,,,,,,,Phase18N confirmatory reviewability packet; labels are not identity labels.
phase18n_megadescriptor_l_384_blind_0111,megadescriptor_l_384,confirmatory_stratified_blind_review,rank_11_20__similarity_low__quality_low__different_identity__admission_mid,rank_11_20,similarity_low,quality_low,different_identity,admission_mid,phase18a_czechlynx_1578,phase18a_czechlynx_1640,outputs/final_freeze/lynx-wild/images/czechlynx_1578__p16e_010522.jpg,outputs/final_freeze/lynx-wild/images/czechlynx_1640__p16e_023060.jpg,no,16,0.50621086,0.552176,0.55,0.55,0.55,0.896059,0.0,0.737114,0.622452,review,evaluation,,,,,,,,Phase18N confirmatory reviewability packet; labels are not identity labels.
phase18n_megadescriptor_l_384_blind_0112,megadescriptor_l_384,confirmatory_stratified_blind_review,rank_02_05__similarity_high__quality_low__same_identity__admission_mid,rank_02_05,similarity_high,quality_low,same_identity,admission_mid,phase18a_czechlynx_1502,phase18a_czechlynx_1405,outputs/final_freeze/lynx-wild/images/czechlynx_1502__p16e_028506.jpg,outputs/final_freeze/lynx-wild/images/czechlynx_1405__p16e_028512.jpg,yes,2,0.91207117,0.990433,0.55,0.55,0.55,0.980336,0.289816,0.746574,0.839803,review,evaluation,,,,,,,,Phase18N confirmatory reviewability packet; labels are not identity labels.
phase18n_megadescriptor_l_384_blind_0113,megadescriptor_l_384,confirmatory_stratified_blind_review,rank_11_20__similarity_mid__quality_low__same_identity__admission_mid,rank_11_20,similarity_mid,quality_low,same_identity,admission_mid,phase18a_czechlynx_1601,phase18a_czechlynx_1590,outputs/final_freeze/lynx-wild/images/czechlynx_1601__p16e_028468.jpg,outputs/final_freeze/lynx-wild/images/czechlynx_1590__p16e_028168.jpg,yes,16,0.58499426,0.723062,0.55,0.55,0.55,0.898745,0.051001,0.744755,0.721105,review,evaluation,,,,,,,,Phase18N confirmatory reviewability packet; labels are not identity labels.
phase18n_megadescriptor_l_384_blind_0114,megadescriptor_l_384,confirmatory_stratified_blind_review,rank_06_10__similarity_mid__quality_low__same_identity__admission_low,rank_06_10,similarity_mid,quality_low,same_identity,admission_low,phase18a_czechlynx_1672,phase18a_czechlynx_1324,outputs/final_freeze/lynx-wild/images/czechlynx_1672__p16e_028358.jpg,outputs/final_freeze/lynx-wild/images/czechlynx_1324__p16e_028504.jpg,yes,7,0.61683393,0.78228,0.55,0.55,0.55,0.83194,0.133601,0.715451,0.730165,review,evaluation,,,,,,,,Phase18N confirmatory reviewability packet; labels are not identity labels.
phase18n_megadescriptor_l_384_blind_0115,megadescriptor_l_384,confirmatory_stratified_blind_review,rank_02_05__similarity_low__quality_low__different_identity__admission_low,rank_02_05,similarity_low,quality_low,different_identity,admission_low,phase18a_czechlynx_2383,phase18a_czechlynx_2475,outputs/final_freeze/lynx-wild/images/czechlynx_2383__p16e_039107.jpg,outputs/final_freeze/lynx-wild/images/czechlynx_2475__p16e_015236.jpg,no,3,0.30923963,0.098902,0.475879,0.55,0.475879,0.82531,0.0,0.640846,0.304841,review,evaluation,,,,,,,,Phase18N confirmatory reviewability packet; labels are not identity labels.
phase18n_megadescriptor_l_384_blind_0116,megadescriptor_l_384,confirmatory_stratified_blind_review,rank_02_05__similarity_mid__quality_low__same_identity__admission_low,rank_02_05,similarity_mid,quality_low,same_identity,admission_low,phase18a_czechlynx_2645,phase18a_czechlynx_2320,outputs/final_freeze/lynx-wild/images/czechlynx_2645__p16e_034259.jpg,outputs/final_freeze/lynx-wild/images/czechlynx_2320__p16e_032848.jpg,yes,5,0.60888922,0.768129,0.55,0.55,0.55,0.730107,0.155092,0.681225,0.704087,review,evaluation,,,,,,,,Phase18N confirmatory reviewability packet; labels are not identity labels.
phase18n_megadescriptor_l_384_blind_0117,megadescriptor_l_384,confirmatory_stratified_blind_review,rank_06_10__similarity_low__quality_low__same_identity__admission_high,rank_06_10,similarity_low,quality_low,same_identity,admission_high,phase18a_czechlynx_1826,phase18a_czechlynx_1672,outputs/final_freeze/lynx-wild/images/czechlynx_1826__p16e_028417.jpg,outputs/final_freeze/lynx-wild/images/czechlynx_1672__p16e_028358.jpg,yes,9,0.49923512,0.533342,0.55,0.55,0.55,0.988718,0.0,0.761175,0.619919,review,evaluation,,,,,,,,Phase18N confirmatory reviewability packet; labels are not identity labels.
phase18n_megadescriptor_l_384_blind_0118,megadescriptor_l_384,confirmatory_stratified_blind_review,rank_02_05__similarity_low__quality_low__different_identity__admission_low,rank_02_05,similarity_low,quality_low,different_identity,admission_low,phase18a_czechlynx_2990,phase18a_czechlynx_2302,outputs/final_freeze/lynx-wild/images/czechlynx_2990__p16e_036892.jpg,outputs/final_freeze/lynx-wild/images/czechlynx_2302__p16e_032255.jpg,no,2,0.50611472,0.551909,0.55,0.55,0.55,0.808065,0.0,0.712449,0.612914,review,evaluation,,,,,,,,Phase18N confirmatory reviewability packet; labels are not identity labels.
phase18n_megadescriptor_l_384_blind_0119,megadescriptor_l_384,confirmatory_stratified_blind_review,rank_06_10__similarity_mid__quality_low__same_identity__admission_low,rank_06_10,similarity_mid,quality_low,same_identity,admission_low,phase18a_czechlynx_1587,phase18a_czechlynx_1618,outputs/final_freeze/lynx-wild/images/czechlynx_1587__p16e_028517.jpg,outputs/final_freeze/lynx-wild/images/czechlynx_1618__p16e_028524.jpg,yes,10,0.64510226,0.832564,0.55,0.55,0.55,0.857087,0.175083,0.719224,0.754478,review,evaluation,,,,,,,,Phase18N confirmatory reviewability packet; labels are not identity labels.
phase18n_megadescriptor_l_384_blind_0120,megadescriptor_l_384,confirmatory_stratified_blind_review,rank_11_20__similarity_mid__quality_low__same_identity__admission_high,rank_11_20,similarity_mid,quality_low,same_identity,admission_high,phase18a_czechlynx_1741,phase18a_czechlynx_2016,outputs/final_freeze/lynx-wild/images/czechlynx_1741__p16e_028466.jpg,outputs/final_freeze/lynx-wild/images/czechlynx_2016__p16e_028394.jpg,yes,17,0.63139039,0.80918,0.55,0.55,0.55,0.964397,0.114141,0.759121,0.767329,review,evaluation,,,,,,,,Phase18N confirmatory reviewability packet; labels are not identity labels.
phase18n_megadescriptor_l_384_blind_0121,megadescriptor_l_384,confirmatory_stratified_blind_review,rank_01__similarity_mid__quality_low__same_identity__admission_mid,rank_01,similarity_mid,quality_low,same_identity,admission_mid,phase18a_czechlynx_2009,phase18a_czechlynx_2560,outputs/final_freeze/lynx-wild/images/czechlynx_2009__p16e_007821.jpg,outputs/final_freeze/lynx-wild/images/czechlynx_2560__p16e_006778.jpg,yes,1,0.63696283,0.81888,0.55,0.55,0.55,0.942503,0.131504,0.750488,0.76659,review,evaluation,,,,,,,,Phase18N confirmatory reviewability packet; labels are not identity labels.
phase18n_megadescriptor_l_384_blind_0122,megadescriptor_l_384,confirmatory_stratified_blind_review,rank_11_20__similarity_low__quality_low__same_identity__admission_high,rank_11_20,similarity_low,quality_low,same_identity,admission_high,phase18a_czechlynx_1852,phase18a_czechlynx_1762,outputs/final_freeze/lynx-wild/images/czechlynx_1852__p16e_028146.jpg,outputs/final_freeze/lynx-wild/images/czechlynx_1762__p16e_028308.jpg,yes,18,0.49976221,0.535009,0.55,0.55,0.55,0.995155,0.0,0.763144,0.6217,review,evaluation,,,,,,,,Phase18N confirmatory reviewability packet; labels are not identity labels.
phase18n_megadescriptor_l_384_blind_0123,megadescriptor_l_384,confirmatory_stratified_blind_review,rank_06_10__similarity_mid__quality_low__same_identity__admission_mid,rank_06_10,similarity_mid,quality_low,same_identity,admission_mid,phase18a_czechlynx_1672,phase18a_czechlynx_1456,outputs/final_freeze/lynx-wild/images/czechlynx_1672__p16e_028358.jpg,outputs/final_freeze/lynx-wild/images/czechlynx_1456__p16e_028437.jpg,yes,9,0.61643612,0.78158,0.55,0.55,0.55,0.931882,0.097921,0.750501,0.750186,review,evaluation,,,,,,,,Phase18N confirmatory reviewability packet; labels are not identity labels.
phase18n_megadescriptor_l_384_blind_0124,megadescriptor_l_384,confirmatory_stratified_blind_review,rank_02_05__similarity_high__quality_low__same_identity__admission_low,rank_02_05,similarity_high,quality_low,same_identity,admission_low,phase18a_czechlynx_1525,phase18a_czechlynx_1947,outputs/final_freeze/lynx-wild/images/czechlynx_1525__p16e_028376.jpg,outputs/final_freeze/lynx-wild/images/czechlynx_1947__p16e_028457.jpg,yes,4,0.71392179,0.917532,0.55,0.55,0.55,0.893482,0.247313,0.723466,0.794324,review,evaluation,,,,,,,,Phase18N confirmatory reviewability packet; labels are not identity labels.
phase18n_megadescriptor_l_384_blind_0125,megadescriptor_l_384,confirmatory_stratified_blind_review,rank_11_20__similarity_mid__quality_low__different_identity__admission_mid,rank_11_20,similarity_mid,quality_low,different_identity,admission_mid,phase18a_czechlynx_2757,phase18a_czechlynx_2820,outputs/final_freeze/lynx-wild/images/czechlynx_2757__p16e_043694.jpg,outputs/final_freeze/lynx-wild/images/czechlynx_2820__p16e_037054.jpg,no,17,0.62258792,0.79338,0.55,0.55,0.55,0.920788,0.113604,0.745438,0.752441,review,evaluation,,,,,,,,Phase18N confirmatory reviewability packet; labels are not identity labels.
phase18n_megadescriptor_l_384_blind_0126,megadescriptor_l_384,confirmatory_stratified_blind_review,rank_11_20__similarity_high__quality_low__same_identity__admission_high,rank_11_20,similarity_high,quality_low,same_identity,admission_high,phase18a_czechlynx_1663,phase18a_czechlynx_1800,outputs/final_freeze/lynx-wild/images/czechlynx_1663__p16e_028178.jpg,outputs/final_freeze/lynx-wild/images/czechlynx_1800__p16e_028171.jpg,yes,13,0.73240292,0.930966,0.55,0.55,0.55,0.998228,0.224086,0.758783,0.820719,review,evaluation,,,,,,,,Phase18N confirmatory reviewability packet; labels are not identity labels.
phase18n_megadescriptor_l_384_blind_0127,megadescriptor_l_384,confirmatory_stratified_blind_review,rank_11_20__similarity_high__quality_low__same_identity__admission_mid,rank_11_20,similarity_high,quality_low,same_identity,admission_mid,phase18a_czechlynx_2109,phase18a_czechlynx_1876,outputs/final_freeze/lynx-wild/images/czechlynx_2109__p16e_028462.jpg,outputs/final_freeze/lynx-wild/images/czechlynx_1876__p16e_028434.jpg,yes,11,0.68343061,0.887481,0.55,0.55,0.55,0.959698,0.194087,0.749646,0.796287,review,evaluation,,,,,,,,Phase18N confirmatory reviewability packet; labels are not identity labels.
phase18n_megadescriptor_l_384_blind_0128,megadescriptor_l_384,confirmatory_stratified_blind_review,rank_01__similarity_high__quality_low__same_identity__admission_low,rank_01,similarity_high,quality_low,same_identity,admission_low,phase18a_czechlynx_2694,phase18a_czechlynx_1353,outputs/final_freeze/lynx-wild/images/czechlynx_2694__p16e_042582.jpg,outputs/final_freeze/lynx-wild/images/czechlynx_1353__p16e_042049.jpg,yes,1,0.69412804,0.899098,0.55,0.55,0.55,0.894995,0.22835,0.725838,0.787589,review,evaluation,,,,,,,,Phase18N confirmatory reviewability packet; labels are not identity labels.
phase18n_megadescriptor_l_384_blind_0129,megadescriptor_l_384,confirmatory_stratified_blind_review,rank_01__similarity_mid__quality_low__same_identity__admission_low,rank_01,similarity_mid,quality_low,same_identity,admission_low,phase18a_czechlynx_2496,phase18a_czechlynx_1308,outputs/final_freeze/lynx-wild/images/czechlynx_2496__p16e_028782.jpg,outputs/final_freeze/lynx-wild/images/czechlynx_1308__p16e_028499.jpg,yes,1,0.5611316,0.676295,0.55,0.55,0.55,0.672447,0.083438,0.670227,0.657301,review,evaluation,,,,,,,,Phase18N confirmatory reviewability packet; labels are not identity labels.
phase18n_megadescriptor_l_384_blind_0130,megadescriptor_l_384,confirmatory_stratified_blind_review,rank_06_10__similarity_high__quality_low__same_identity__admission_low,rank_06_10,similarity_high,quality_low,same_identity,admission_low,phase18a_czechlynx_1789,phase18a_czechlynx_1325,outputs/final_freeze/lynx-wild/images/czechlynx_1789__p16e_028399.jpg,outputs/final_freeze/lynx-wild/images/czechlynx_1325__p16e_028522.jpg,yes,9,0.66961968,0.870481,0.55,0.55,0.55,0.896559,0.199186,0.729247,0.776975,review,evaluation,,,,,,,,Phase18N confirmatory reviewability packet; labels are not identity labels.
phase18n_megadescriptor_l_384_blind_0131,megadescriptor_l_384,confirmatory_stratified_blind_review,rank_01__similarity_mid__quality_low__same_identity__admission_low,rank_01,similarity_mid,quality_low,same_identity,admission_low,phase18a_czechlynx_1706,phase18a_czechlynx_2484,outputs/final_freeze/lynx-wild/images/czechlynx_1706__p16e_044844.jpg,outputs/final_freeze/lynx-wild/images/czechlynx_2484__p16e_044849.jpg,yes,1,0.55418086,0.661611,0.55,0.55,0.55,0.703596,0.057852,0.682598,0.658016,review,evaluation,,,,,,,,Phase18N confirmatory reviewability packet; labels are not identity labels.
phase18n_megadescriptor_l_384_blind_0132,megadescriptor_l_384,confirmatory_stratified_blind_review,rank_02_05__similarity_low__quality_low__different_identity__admission_low,rank_02_05,similarity_low,quality_low,different_identity,admission_low,phase18a_czechlynx_2854,phase18a_czechlynx_2419,outputs/final_freeze/lynx-wild/images/czechlynx_2854__p16e_029010.jpg,outputs/final_freeze/lynx-wild/images/czechlynx_2419__p16e_028890.jpg,no,3,0.43036097,0.342672,0.55,0.55,0.55,0.890131,0.0,0.714504,0.483968,review,evaluation,,,,,,,,Phase18N confirmatory reviewability packet; labels are not identity labels.
phase18n_megadescriptor_l_384_blind_0133,megadescriptor_l_384,confirmatory_stratified_blind_review,rank_02_05__similarity_mid__quality_low__different_identity__admission_mid,rank_02_05,similarity_mid,quality_low,different_identity,admission_mid,phase18a_czechlynx_2523,phase18a_czechlynx_1242,outputs/final_freeze/lynx-wild/images/czechlynx_2523__p16e_044194.jpg,outputs/final_freeze/lynx-wild/images/czechlynx_1242__czlx_expanded_0351.jpg,no,5,0.58194852,0.716812,0.55,0.55,0.55,0.911104,0.040426,0.749705,0.721226,review,evaluation,,,,,,,,Phase18N confirmatory reviewability packet; labels are not identity labels.
phase18n_megadescriptor_l_384_blind_0134,megadescriptor_l_384,confirmatory_stratified_blind_review,rank_11_20__similarity_mid__quality_low__different_identity__admission_high,rank_11_20,similarity_mid,quality_low,different_identity,admission_high,phase18a_czechlynx_2591,phase18a_czechlynx_2820,outputs/final_freeze/lynx-wild/images/czechlynx_2591__p16e_043470.jpg,outputs/final_freeze/lynx-wild/images/czechlynx_2820__p16e_037054.jpg,no,19,0.57062066,0.695478,0.55,0.55,0.55,0.964344,0.000458,0.770473,0.723885,review,evaluation,,,,,,,,Phase18N confirmatory reviewability packet; labels are not identity labels.
phase18n_megadescriptor_l_384_blind_0135,megadescriptor_l_384,confirmatory_stratified_blind_review,rank_11_20__similarity_low__quality_low__different_identity__admission_low,rank_11_20,similarity_low,quality_low,different_identity,admission_low,phase18a_czechlynx_1921,phase18a_czechlynx_1997,outputs/final_freeze/lynx-wild/images/czechlynx_1921__p16e_025151.jpg,outputs/final_freeze/lynx-wild/images/czechlynx_1997__p16e_032458.jpg,no,16,0.166289,0.0057,0.55,0.55,0.55,0.639692,0.0,0.610684,0.235594,review,evaluation,,,,,,,,Phase18N confirmatory reviewability packet; labels are not identity labels.
phase18n_megadescriptor_l_384_blind_0136,megadescriptor_l_384,confirmatory_stratified_blind_review,rank_06_10__similarity_low__quality_low__same_identity__admission_high,rank_06_10,similarity_low,quality_low,same_identity,admission_high,phase18a_czechlynx_1849,phase18a_czechlynx_1863,outputs/final_freeze/lynx-wild/images/czechlynx_1849__p16e_028459.jpg,outputs/final_freeze/lynx-wild/images/czechlynx_1863__p16e_028488.jpg,yes,10,0.50950152,0.561093,0.55,0.55,0.55,0.996626,0.0,0.766165,0.63902,review,evaluation,,,,,,,,Phase18N confirmatory reviewability packet; labels are not identity labels.
phase18n_megadescriptor_l_384_blind_0137,megadescriptor_l_384,confirmatory_stratified_blind_review,rank_02_05__similarity_mid__quality_low__different_identity__admission_high,rank_02_05,similarity_mid,quality_low,different_identity,admission_high,phase18a_czechlynx_2522,phase18a_czechlynx_2530,outputs/final_freeze/lynx-wild/images/czechlynx_2522__p16e_044172.jpg,outputs/final_freeze/lynx-wild/images/czechlynx_2530__p16e_045919.jpg,no,4,0.60729986,0.765163,0.55,0.55,0.55,0.983636,0.06339,0.770256,0.75442,review,evaluation,,,,,,,,Phase18N confirmatory reviewability packet; labels are not identity labels.
phase18n_megadescriptor_l_384_blind_0138,megadescriptor_l_384,confirmatory_stratified_blind_review,rank_02_05__similarity_high__quality_low__different_identity__admission_mid,rank_02_05,similarity_high,quality_low,different_identity,admission_mid,phase18a_czechlynx_2936,phase18a_czechlynx_2879,outputs/final_freeze/lynx-wild/images/czechlynx_2936__p16e_042517.jpg,outputs/final_freeze/lynx-wild/images/czechlynx_2879__p16e_042534.jpg,no,2,0.73997074,0.935566,0.55,0.55,0.55,0.962621,0.241148,0.745861,0.815248,review,evaluation,,,,,,,,Phase18N confirmatory reviewability packet; labels are not identity labels.
phase18n_megadescriptor_l_384_blind_0139,megadescriptor_l_384,confirmatory_stratified_blind_review,rank_01__similarity_mid__quality_low__different_identity__admission_mid,rank_01,similarity_mid,quality_low,different_identity,admission_mid,phase18a_czechlynx_2668,phase18a_czechlynx_2948,outputs/final_freeze/lynx-wild/images/czechlynx_2668__p16e_042273.jpg,outputs/final_freeze/lynx-wild/images/czechlynx_2948__p16e_043523.jpg,no,1,0.5488196,0.651261,0.55,0.55,0.55,0.867865,0.0,0.739128,0.68465,review,evaluation,,,,,,,,Phase18N confirmatory reviewability packet; labels are not identity labels.
phase18n_megadescriptor_l_384_blind_0140,megadescriptor_l_384,confirmatory_stratified_blind_review,rank_01__similarity_low__quality_low__same_identity__admission_mid,rank_01,similarity_low,quality_low,same_identity,admission_mid,phase18a_czechlynx_2947,phase18a_czechlynx_2924,outputs/final_freeze/lynx-wild/images/czechlynx_2947__p16e_042272.jpg,outputs/final_freeze/lynx-wild/images/czechlynx_2924__p16e_043594.jpg,yes,1,0.43397248,0.352406,0.55,0.55,0.55,0.959458,0.0,0.734889,0.497749,review,evaluation,,,,,,,,Phase18N confirmatory reviewability packet; labels are not identity labels.
phase18n_megadescriptor_l_384_blind_0141,megadescriptor_l_384,confirmatory_stratified_blind_review,rank_02_05__similarity_high__quality_low__same_identity__admission_mid,rank_02_05,similarity_high,quality_low,same_identity,admission_mid,phase18a_czechlynx_1326,phase18a_czechlynx_1413,outputs/final_freeze/lynx-wild/images/czechlynx_1326__p16e_024497.jpg,outputs/final_freeze/lynx-wild/images/czechlynx_1413__p16e_024496.jpg,yes,4,0.81563461,0.967883,0.55,0.55,0.55,0.970935,0.270556,0.745539,0.829281,review,evaluation,,,,,,,,Phase18N confirmatory reviewability packet; labels are not identity labels.
phase18n_megadescriptor_l_384_blind_0142,megadescriptor_l_384,confirmatory_stratified_blind_review,rank_01__similarity_high__quality_low__same_identity__admission_high,rank_01,similarity_high,quality_low,same_identity,admission_high,phase18a_czechlynx_1414,phase18a_czechlynx_1532,outputs/final_freeze/lynx-wild/images/czechlynx_1414__p16e_028191.jpg,outputs/final_freeze/lynx-wild/images/czechlynx_1532__p16e_028173.jpg,yes,1,0.82636881,0.971083,0.55,0.55,0.55,0.998336,0.264165,0.754809,0.836066,review,evaluation,,,,,,,,Phase18N confirmatory reviewability packet; labels are not identity labels.
phase18n_megadescriptor_l_384_blind_0143,megadescriptor_l_384,confirmatory_stratified_blind_review,rank_02_05__similarity_mid__quality_low__different_identity__admission_mid,rank_02_05,similarity_mid,quality_low,different_identity,admission_mid,phase18a_czechlynx_0809,phase18a_czechlynx_2502,outputs/final_freeze/lynx-wild/images/czechlynx_0809__czlx_expanded_0456.jpg,outputs/final_freeze/lynx-wild/images/czechlynx_2502__p16e_040187.jpg,no,5,0.60785139,0.766246,0.55,0.55,0.55,0.919779,0.086823,0.747798,0.741871,review,evaluation,,,,,,,,Phase18N confirmatory reviewability packet; labels are not identity labels.
phase18n_megadescriptor_l_384_blind_0144,megadescriptor_l_384,confirmatory_stratified_blind_review,rank_06_10__similarity_low__quality_low__same_identity__admission_high,rank_06_10,similarity_low,quality_low,same_identity,admission_high,phase18a_czechlynx_1828,phase18a_czechlynx_1747,outputs/final_freeze/lynx-wild/images/czechlynx_1828__p16e_028225.jpg,outputs/final_freeze/lynx-wild/images/czechlynx_1747__p16e_028220.jpg,yes,10,0.50225413,0.541642,0.55,0.55,0.55,0.983808,0.0,0.76063,0.624858,review,evaluation,,,,,,,,Phase18N confirmatory reviewability packet; labels are not identity labels.
phase18n_megadescriptor_l_384_blind_0145,megadescriptor_l_384,confirmatory_stratified_blind_review,rank_06_10__similarity_low__quality_low__different_identity__admission_low,rank_06_10,similarity_low,quality_low,different_identity,admission_low,phase18a_czechlynx_2783,phase18a_czechlynx_1788,outputs/final_freeze/lynx-wild/images/czechlynx_2783__p16e_013409.jpg,outputs/final_freeze/lynx-wild/images/czechlynx_1788__p16e_034715.jpg,no,6,0.37085077,0.19872,0.55,0.55,0.55,0.743925,0.0,0.659171,0.373691,review,evaluation,,,,,,,,Phase18N confirmatory reviewability packet; labels are not identity labels.
phase18n_megadescriptor_l_384_blind_0146,megadescriptor_l_384,confirmatory_stratified_blind_review,rank_02_05__similarity_low__quality_low__same_identity__admission_low,rank_02_05,similarity_low,quality_low,same_identity,admission_low,phase18a_czechlynx_2264,phase18a_czechlynx_1714,outputs/final_freeze/lynx-wild/images/czechlynx_2264__p16e_028136.jpg,outputs/final_freeze/lynx-wild/images/czechlynx_1714__p16e_028279.jpg,yes,4,0.49137032,0.511892,0.55,0.55,0.55,0.789609,0.0,0.70328,0.584619,review,evaluation,,,,,,,,Phase18N confirmatory reviewability packet; labels are not identity labels.
phase18n_megadescriptor_l_384_blind_0147,megadescriptor_l_384,confirmatory_stratified_blind_review,rank_02_05__similarity_mid__quality_low__different_identity__admission_mid,rank_02_05,similarity_mid,quality_low,different_identity,admission_mid,phase18a_czechlynx_1626,phase18a_czechlynx_2059,outputs/final_freeze/lynx-wild/images/czechlynx_1626__p16e_015664.jpg,outputs/final_freeze/lynx-wild/images/czechlynx_2059__p16e_040733.jpg,no,3,0.64156985,0.827414,0.55,0.55,0.55,0.901039,0.15455,0.735122,0.761433,review,evaluation,,,,,,,,Phase18N confirmatory reviewability packet; labels are not identity labels.
phase18n_megadescriptor_l_384_blind_0148,megadescriptor_l_384,confirmatory_stratified_blind_review,rank_06_10__similarity_high__quality_low__different_identity__admission_high,rank_06_10,similarity_high,quality_low,different_identity,admission_high,phase18a_czechlynx_2426,phase18a_czechlynx_2065,outputs/final_freeze/lynx-wild/images/czechlynx_2426__p16e_044049.jpg,outputs/final_freeze/lynx-wild/images/czechlynx_2065__p16e_044056.jpg,no,8,0.6870544,0.891748,0.55,0.55,0.55,0.972974,0.193707,0.753866,0.800612,review,evaluation,,,,,,,,Phase18N confirmatory reviewability packet; labels are not identity labels.
phase18n_megadescriptor_l_384_blind_0149,megadescriptor_l_384,confirmatory_stratified_blind_review,rank_02_05__similarity_low__quality_low__same_identity__admission_mid,rank_02_05,similarity_low,quality_low,same_identity,admission_mid,phase18a_czechlynx_1445,phase18a_czechlynx_1633,outputs/final_freeze/lynx-wild/images/czechlynx_1445__p16e_028359.jpg,outputs/final_freeze/lynx-wild/images/czechlynx_1633__p16e_028523.jpg,yes,5,0.4657979,0.439707,0.55,0.55,0.55,0.952991,0.0,0.741808,0.554506,review,evaluation,,,,,,,,Phase18N confirmatory reviewability packet; labels are not identity labels.
phase18n_megadescriptor_l_384_blind_0150,megadescriptor_l_384,confirmatory_stratified_blind_review,rank_06_10__similarity_mid__quality_low__different_identity__admission_low,rank_06_10,similarity_mid,quality_low,different_identity,admission_low,phase18a_czechlynx_2757,phase18a_czechlynx_2696,outputs/final_freeze/lynx-wild/images/czechlynx_2757__p16e_043694.jpg,outputs/final_freeze/lynx-wild/images/czechlynx_2696__p16e_037247.jpg,no,9,0.66198814,0.859064,0.55,0.55,0.55,0.89879,0.186988,0.73117,0.773067,review,evaluation,,,,,,,,Phase18N confirmatory reviewability packet; labels are not identity labels.
phase18n_megadescriptor_l_384_blind_0151,megadescriptor_l_384,confirmatory_stratified_blind_review,rank_06_10__similarity_mid__quality_low__same_identity__admission_mid,rank_06_10,similarity_mid,quality_low,same_identity,admission_mid,phase18a_czechlynx_1962,phase18a_czechlynx_1808,outputs/final_freeze/lynx-wild/images/czechlynx_1962__p16e_028199.jpg,outputs/final_freeze/lynx-wild/images/czechlynx_1808__p16e_028293.jpg,yes,7,0.64005202,0.824897,0.55,0.55,0.55,0.939896,0.138433,0.748974,0.76836,review,evaluation,,,,,,,,Phase18N confirmatory reviewability packet; labels are not identity labels.
phase18n_megadescriptor_l_384_blind_0152,megadescriptor_l_384,confirmatory_stratified_blind_review,rank_01__similarity_low__quality_low__different_identity__admission_high,rank_01,similarity_low,quality_low,different_identity,admission_high,phase18a_czechlynx_2314,phase18a_czechlynx_1811,outputs/final_freeze/lynx-wild/images/czechlynx_2314__p16e_042763.jpg,outputs/final_freeze/lynx-wild/images/czechlynx_1811__p16e_040721.jpg,no,1,0.50784814,0.556576,0.55,0.55,0.55,0.974398,0.0,0.759489,0.633683,review,evaluation,,,,,,,,Phase18N confirmatory reviewability packet; labels are not identity labels.
phase18n_megadescriptor_l_384_blind_0153,megadescriptor_l_384,confirmatory_stratified_blind_review,rank_02_05__similarity_high__quality_low__different_identity__admission_low,rank_02_05,similarity_high,quality_low,different_identity,admission_low,phase18a_czechlynx_1375,phase18a_czechlynx_1770,outputs/final_freeze/lynx-wild/images/czechlynx_1375__p16e_032528.jpg,outputs/final_freeze/lynx-wild/images/czechlynx_1770__p16e_043405.jpg,no,3,0.68160343,0.885465,0.55,0.55,0.55,0.666032,0.294854,0.647065,0.735902,review,evaluation,,,,,,,,Phase18N confirmatory reviewability packet; labels are not identity labels.
phase18n_megadescriptor_l_384_blind_0154,megadescriptor_l_384,confirmatory_stratified_blind_review,rank_06_10__similarity_low__quality_low__different_identity__admission_mid,rank_06_10,similarity_low,quality_low,different_identity,admission_mid,phase18a_czechlynx_2846,phase18a_czechlynx_1304,outputs/final_freeze/lynx-wild/images/czechlynx_2846__p16e_036195.jpg,outputs/final_freeze/lynx-wild/images/czechlynx_1304__p16e_020441.jpg,no,9,0.4859429,0.497358,0.55,0.55,0.55,0.898307,0.0,0.732262,0.586622,review,evaluation,,,,,,,,Phase18N confirmatory reviewability packet; labels are not identity labels.
phase18n_megadescriptor_l_384_blind_0155,megadescriptor_l_384,confirmatory_stratified_blind_review,rank_01__similarity_high__quality_low__same_identity__admission_high,rank_01,similarity_high,quality_low,same_identity,admission_high,phase18a_czechlynx_1462,phase18a_czechlynx_1521,outputs/final_freeze/lynx-wild/images/czechlynx_1462__p16e_028322.jpg,outputs/final_freeze/lynx-wild/images/czechlynx_1521__p16e_028316.jpg,yes,1,0.75718904,0.945749,0.55,0.55,0.55,0.994974,0.240008,0.756166,0.825706,review,evaluation,,,,,,,,Phase18N confirmatory reviewability packet; labels are not identity labels.
phase18n_megadescriptor_l_384_blind_0156,megadescriptor_l_384,confirmatory_stratified_blind_review,rank_02_05__similarity_mid__quality_low__same_identity__admission_low,rank_02_05,similarity_mid,quality_low,same_identity,admission_low,phase18a_czechlynx_1645,phase18a_czechlynx_1875,outputs/final_freeze/lynx-wild/images/czechlynx_1645__p16e_028501.jpg,outputs/final_freeze/lynx-wild/images/czechlynx_1875__p16e_028273.jpg,yes,2,0.65229088,0.844514,0.55,0.55,0.55,0.889126,0.17582,0.729243,0.765547,review,evaluation,,,,,,,,Phase18N confirmatory reviewability packet; labels are not identity labels.
phase18n_megadescriptor_l_384_blind_0157,megadescriptor_l_384,confirmatory_stratified_blind_review,rank_11_20__similarity_mid__quality_low__same_identity__admission_mid,rank_11_20,similarity_mid,quality_low,same_identity,admission_mid,phase18a_czechlynx_1638,phase18a_czechlynx_1949,outputs/final_freeze/lynx-wild/images/czechlynx_1638__p16e_028377.jpg,outputs/final_freeze/lynx-wild/images/czechlynx_1949__p16e_028387.jpg,yes,17,0.64768618,0.836781,0.55,0.55,0.55,0.932744,0.15282,0.745282,0.771447,review,evaluation,,,,,,,,Phase18N confirmatory reviewability packet; labels are not identity labels.
phase18n_megadescriptor_l_384_blind_0158,megadescriptor_l_384,confirmatory_stratified_blind_review,rank_06_10__similarity_low__quality_low__different_identity__admission_high,rank_06_10,similarity_low,quality_low,different_identity,admission_high,phase18a_czechlynx_0853,phase18a_czechlynx_2051,outputs/final_freeze/lynx-wild/images/czechlynx_0853__czlx_expanded_0222.jpg,outputs/final_freeze/lynx-wild/images/czechlynx_2051__p16e_043425.jpg,no,10,0.49096778,0.510942,0.55,0.55,0.55,0.976937,0.0,0.755637,0.603926,review,evaluation,,,,,,,,Phase18N confirmatory reviewability packet; labels are not identity labels.
phase18n_megadescriptor_l_384_blind_0159,megadescriptor_l_384,confirmatory_stratified_blind_review,rank_06_10__similarity_low__quality_low__same_identity__admission_low,rank_06_10,similarity_low,quality_low,same_identity,admission_low,phase18a_czechlynx_1458,phase18a_czechlynx_2029,outputs/final_freeze/lynx-wild/images/czechlynx_1458__p16e_028452.jpg,outputs/final_freeze/lynx-wild/images/czechlynx_2029__p16e_028383.jpg,yes,9,0.40887517,0.287221,0.55,0.55,0.55,0.780105,0.0,0.678152,0.435775,review,evaluation,,,,,,,,Phase18N confirmatory reviewability packet; labels are not identity labels.
phase18n_megadescriptor_l_384_blind_0160,megadescriptor_l_384,confirmatory_stratified_blind_review,rank_01__similarity_mid__quality_low__same_identity__admission_high,rank_01,similarity_mid,quality_low,same_identity,admission_high,phase18a_czechlynx_1687,phase18a_czechlynx_1311,outputs/final_freeze/lynx-wild/images/czechlynx_1687__p16e_028447.jpg,outputs/final_freeze/lynx-wild/images/czechlynx_1311__p16e_028449.jpg,yes,1,0.58684641,0.726612,0.55,0.55,0.55,0.990985,0.022267,0.776684,0.741186,review,evaluation,,,,,,,,Phase18N confirmatory reviewability packet; labels are not identity labels.
phase18n_megadescriptor_l_384_blind_0161,megadescriptor_l_384,confirmatory_stratified_blind_review,rank_11_20__similarity_mid__quality_low__same_identity__admission_high,rank_11_20,similarity_mid,quality_low,same_identity,admission_high,phase18a_czechlynx_2109,phase18a_czechlynx_1880,outputs/final_freeze/lynx-wild/images/czechlynx_2109__p16e_028462.jpg,outputs/final_freeze/lynx-wild/images/czechlynx_1880__p16e_028426.jpg,yes,20,0.63350606,0.81278,0.55,0.55,0.55,0.952688,0.121839,0.754663,0.766328,review,evaluation,,,,,,,,Phase18N confirmatory reviewability packet; labels are not identity labels.
phase18n_megadescriptor_l_384_blind_0162,megadescriptor_l_384,confirmatory_stratified_blind_review,rank_01__similarity_mid__quality_low__different_identity__admission_high,rank_01,similarity_mid,quality_low,different_identity,admission_high,phase18a_czechlynx_2167,phase18a_czechlynx_2444,outputs/final_freeze/lynx-wild/images/czechlynx_2167__p16e_024490.jpg,outputs/final_freeze/lynx-wild/images/czechlynx_2444__p16e_019250.jpg,no,1,0.53561592,0.623877,0.55,0.55,0.55,0.979782,0.0,0.767727,0.67854,review,evaluation,,,,,,,,Phase18N confirmatory reviewability packet; labels are not identity labels.
phase18n_megadescriptor_l_384_blind_0163,megadescriptor_l_384,confirmatory_stratified_blind_review,rank_02_05__similarity_low__quality_low__same_identity__admission_low,rank_02_05,similarity_low,quality_low,same_identity,admission_low,phase18a_czechlynx_2150,phase18a_czechlynx_1875,outputs/final_freeze/lynx-wild/images/czechlynx_2150__p16e_024850.jpg,outputs/final_freeze/lynx-wild/images/czechlynx_1875__p16e_028273.jpg,yes,3,0.27987286,0.063401,0.55,0.55,0.55,0.923781,0.0,0.695999,0.303788,review,evaluation,,,,,,,,Phase18N confirmatory reviewability packet; labels are not identity labels.
phase18n_megadescriptor_l_384_blind_0164,megadescriptor_l_384,confirmatory_stratified_blind_review,rank_11_20__similarity_low__quality_low__same_identity__admission_low,rank_11_20,similarity_low,quality_low,same_identity,admission_low,phase18a_czechlynx_1673,phase18a_czechlynx_1405,outputs/final_freeze/lynx-wild/images/czechlynx_1673__p16e_029920.jpg,outputs/final_freeze/lynx-wild/images/czechlynx_1405__p16e_028512.jpg,yes,14,0.41233683,0.296088,0.55,0.55,0.55,0.850343,0.0,0.698705,0.449083,review,evaluation,,,,,,,,Phase18N confirmatory reviewability packet; labels are not identity labels.
phase18n_megadescriptor_l_384_blind_0165,megadescriptor_l_384,confirmatory_stratified_blind_review,rank_06_10__similarity_low__quality_low__different_identity__admission_mid,rank_06_10,similarity_low,quality_low,different_identity,admission_mid,phase18a_czechlynx_2837,phase18a_czechlynx_2284,outputs/final_freeze/lynx-wild/images/czechlynx_2837__p16e_044840.jpg,outputs/final_freeze/lynx-wild/images/czechlynx_2284__p16e_019903.jpg,no,7,0.44577473,0.384156,0.55,0.55,0.55,0.972926,0.0,0.741835,0.520074,review,evaluation,,,,,,,,Phase18N confirmatory reviewability packet; labels are not identity labels.
phase18n_megadescriptor_l_384_blind_0166,megadescriptor_l_384,confirmatory_stratified_blind_review,rank_02_05__similarity_low__quality_low__same_identity__admission_high,rank_02_05,similarity_low,quality_low,same_identity,admission_high,phase18a_czechlynx_2808,phase18a_czechlynx_2508,outputs/final_freeze/lynx-wild/images/czechlynx_2808__p16e_029013.jpg,outputs/final_freeze/lynx-wild/images/czechlynx_2508__p16e_028725.jpg,yes,5,0.51577991,0.57631,0.55,0.55,0.55,0.967984,0.0,0.759666,0.645985,review,evaluation,,,,,,,,Phase18N confirmatory reviewability packet; labels are not identity labels.
phase18n_megadescriptor_l_384_blind_0167,megadescriptor_l_384,confirmatory_stratified_blind_review,rank_01__similarity_high__quality_low__different_identity__admission_mid,rank_01,similarity_high,quality_low,different_identity,admission_mid,phase18a_czechlynx_2695,phase18a_czechlynx_2258,outputs/final_freeze/lynx-wild/images/czechlynx_2695__p16e_037602.jpg,outputs/final_freeze/lynx-wild/images/czechlynx_2258__p16e_039781.jpg,no,1,0.67280841,0.874498,0.55,0.55,0.55,0.916447,0.196241,0.735807,0.782547,review,evaluation,,,,,,,,Phase18N confirmatory reviewability packet; labels are not identity labels.
phase18n_megadescriptor_l_384_blind_0168,megadescriptor_l_384,confirmatory_stratified_blind_review,rank_01__similarity_mid__quality_low__same_identity__admission_low,rank_01,similarity_mid,quality_low,same_identity,admission_low,phase18a_czechlynx_2076,phase18a_czechlynx_2150,outputs/final_freeze/lynx-wild/images/czechlynx_2076__p16e_024851.jpg,outputs/final_freeze/lynx-wild/images/czechlynx_2150__p16e_024850.jpg,yes,1,0.52987045,0.610777,0.55,0.55,0.55,0.801324,0.0,0.716448,0.650932,review,evaluation,,,,,,,,Phase18N confirmatory reviewability packet; labels are not identity labels.
phase18n_megadescriptor_l_384_blind_0169,megadescriptor_l_384,confirmatory_stratified_blind_review,rank_01__similarity_high__quality_low__same_identity__admission_high,rank_01,similarity_high,quality_low,same_identity,admission_high,phase18a_czechlynx_1521,phase18a_czechlynx_1462,outputs/final_freeze/lynx-wild/images/czechlynx_1521__p16e_028316.jpg,outputs/final_freeze/lynx-wild/images/czechlynx_1462__p16e_028322.jpg,yes,1,0.75718904,0.945732,0.55,0.55,0.55,0.994974,0.239992,0.756168,0.8257,review,evaluation,,,,,,,,Phase18N confirmatory reviewability packet; labels are not identity labels.
phase18n_megadescriptor_l_384_blind_0170,megadescriptor_l_384,confirmatory_stratified_blind_review,rank_06_10__similarity_mid__quality_low__different_identity__admission_low,rank_06_10,similarity_mid,quality_low,different_identity,admission_low,phase18a_czechlynx_2135,phase18a_czechlynx_0992,outputs/final_freeze/lynx-wild/images/czechlynx_2135__p16e_044967.jpg,outputs/final_freeze/lynx-wild/images/czechlynx_0992__czlx_phase6_v2_0006.jpg,no,8,0.64946198,0.839831,0.55,0.55,0.55,0.865033,0.179569,0.721279,0.758867,review,evaluation,,,,,,,,Phase18N confirmatory reviewability packet; labels are not identity labels.
phase18n_megadescriptor_l_384_blind_0171,megadescriptor_l_384,confirmatory_stratified_blind_review,rank_06_10__similarity_high__quality_low__same_identity__admission_mid,rank_06_10,similarity_high,quality_low,same_identity,admission_mid,phase18a_czechlynx_1542,phase18a_czechlynx_1454,outputs/final_freeze/lynx-wild/images/czechlynx_1542__p16e_028406.jpg,outputs/final_freeze/lynx-wild/images/czechlynx_1454__p16e_028149.jpg,yes,9,0.69738066,0.902432,0.55,0.55,0.55,0.91999,0.222935,0.734253,0.793937,review,evaluation,,,,,,,,Phase18N confirmatory reviewability packet; labels are not identity labels.
phase18n_megadescriptor_l_384_blind_0172,megadescriptor_l_384,confirmatory_stratified_blind_review,rank_02_05__similarity_high__quality_low__different_identity__admission_mid,rank_02_05,similarity_high,quality_low,different_identity,admission_mid,phase18a_czechlynx_2131,phase18a_czechlynx_0972,outputs/final_freeze/lynx-wild/images/czechlynx_2131__p16e_045629.jpg,outputs/final_freeze/lynx-wild/images/czechlynx_0972__czlx_expanded_0140.jpg,no,4,0.70455813,0.909182,0.55,0.55,0.55,0.933574,0.224931,0.738333,0.799273,review,evaluation,,,,,,,,Phase18N confirmatory reviewability packet; labels are not identity labels.
phase18n_megadescriptor_l_384_blind_0173,megadescriptor_l_384,confirmatory_stratified_blind_review,rank_01__similarity_mid__quality_low__different_identity__admission_mid,rank_01,similarity_mid,quality_low,different_identity,admission_mid,phase18a_czechlynx_1578,phase18a_czechlynx_2284,outputs/final_freeze/lynx-wild/images/czechlynx_1578__p16e_010522.jpg,outputs/final_freeze/lynx-wild/images/czechlynx_2284__p16e_019903.jpg,no,1,0.58344889,0.719845,0.55,0.55,0.55,0.871232,0.057414,0.735447,0.714291,review,evaluation,,,,,,,,Phase18N confirmatory reviewability packet; labels are not identity labels.
phase18n_megadescriptor_l_384_blind_0174,megadescriptor_l_384,confirmatory_stratified_blind_review,rank_01__similarity_mid__quality_low__same_identity__admission_low,rank_01,similarity_mid,quality_low,same_identity,admission_low,phase18a_czechlynx_2150,phase18a_czechlynx_2076,outputs/final_freeze/lynx-wild/images/czechlynx_2150__p16e_024850.jpg,outputs/final_freeze/lynx-wild/images/czechlynx_2076__p16e_024851.jpg,yes,1,0.52987045,0.610794,0.55,0.55,0.55,0.801324,0.0,0.71645,0.650943,review,evaluation,,,,,,,,Phase18N confirmatory reviewability packet; labels are not identity labels.
phase18n_megadescriptor_l_384_blind_0175,megadescriptor_l_384,confirmatory_stratified_blind_review,rank_11_20__similarity_high__quality_low__same_identity__admission_mid,rank_11_20,similarity_high,quality_low,same_identity,admission_mid,phase18a_czechlynx_1842,phase18a_czechlynx_1862,outputs/final_freeze/lynx-wild/images/czechlynx_1842__p16e_028300.jpg,outputs/final_freeze/lynx-wild/images/czechlynx_1862__p16e_028282.jpg,yes,19,0.79863352,0.962799,0.55,0.55,0.55,0.987612,0.259635,0.751884,0.830725,review,evaluation,,,,,,,,Phase18N confirmatory reviewability packet; labels are not identity labels.
phase18n_megadescriptor_l_384_blind_0176,megadescriptor_l_384,confirmatory_stratified_blind_review,rank_11_20__similarity_mid__quality_low__different_identity__admission_mid,rank_11_20,similarity_mid,quality_low,different_identity,admission_mid,phase18a_czechlynx_2602,phase18a_czechlynx_2358,outputs/final_freeze/lynx-wild/images/czechlynx_2602__p16e_032538.jpg,outputs/final_freeze/lynx-wild/images/czechlynx_2358__p16e_043846.jpg,no,19,0.52278352,0.592943,0.55,0.55,0.55,0.893571,0.0,0.740494,0.649013,review,evaluation,,,,,,,,Phase18N confirmatory reviewability packet; labels are not identity labels.
phase18n_megadescriptor_l_384_blind_0177,megadescriptor_l_384,confirmatory_stratified_blind_review,rank_01__similarity_mid__quality_low__same_identity__admission_high,rank_01,similarity_mid,quality_low,same_identity,admission_high,phase18a_czechlynx_2919,phase18a_czechlynx_2962,outputs/final_freeze/lynx-wild/images/czechlynx_2919__p16e_008869.jpg,outputs/final_freeze/lynx-wild/images/czechlynx_2962__p16e_008856.jpg,yes,1,0.5273124,0.60406,0.55,0.55,0.55,0.959026,0.0,0.759933,0.663292,review,evaluation,,,,,,,,Phase18N confirmatory reviewability packet; labels are not identity labels.
phase18n_megadescriptor_l_384_blind_0178,megadescriptor_l_384,confirmatory_stratified_blind_review,rank_11_20__similarity_mid__quality_low__different_identity__admission_low,rank_11_20,similarity_mid,quality_low,different_identity,admission_low,phase18a_czechlynx_1374,phase18a_czechlynx_2257,outputs/final_freeze/lynx-wild/images/czechlynx_1374__p16e_033046.jpg,outputs/final_freeze/lynx-wild/images/czechlynx_2257__p16e_043082.jpg,no,15,0.56516421,0.684545,0.368457,0.55,0.368457,0.764688,0.177407,0.601838,0.617635,review,evaluation,,,,,,,,Phase18N confirmatory reviewability packet; labels are not identity labels.
phase18n_megadescriptor_l_384_blind_0179,megadescriptor_l_384,confirmatory_stratified_blind_review,rank_02_05__similarity_low__quality_low__same_identity__admission_low,rank_02_05,similarity_low,quality_low,same_identity,admission_low,phase18a_czechlynx_2485,phase18a_czechlynx_2873,outputs/final_freeze/lynx-wild/images/czechlynx_2485__p16e_024874.jpg,outputs/final_freeze/lynx-wild/images/czechlynx_2873__p16e_024892.jpg,yes,5,0.29777306,0.084318,0.55,0.55,0.55,0.832057,0.0,0.672408,0.307792,review,evaluation,,,,,,,,Phase18N confirmatory reviewability packet; labels are not identity labels.
phase18n_megadescriptor_l_384_blind_0180,megadescriptor_l_384,confirmatory_stratified_blind_review,rank_02_05__similarity_high__quality_low__same_identity__admission_mid,rank_02_05,similarity_high,quality_low,same_identity,admission_mid,phase18a_czechlynx_2193,phase18a_czechlynx_2610,outputs/final_freeze/lynx-wild/images/czechlynx_2193__p16e_029923.jpg,outputs/final_freeze/lynx-wild/images/czechlynx_2610__p16e_029921.jpg,yes,2,0.80303741,0.964633,0.55,0.55,0.55,0.951584,0.274078,0.739091,0.824111,review,evaluation,,,,,,,,Phase18N confirmatory reviewability packet; labels are not identity labels.
phase18n_megadescriptor_l_384_blind_0181,megadescriptor_l_384,confirmatory_stratified_blind_review,rank_06_10__similarity_low__quality_low__different_identity__admission_mid,rank_06_10,similarity_low,quality_low,different_identity,admission_mid,phase18a_czechlynx_1511,phase18a_czechlynx_1896,outputs/final_freeze/lynx-wild/images/czechlynx_1511__p16e_036186.jpg,outputs/final_freeze/lynx-wild/images/czechlynx_1896__p16e_032566.jpg,no,8,0.49278143,0.516109,0.55,0.55,0.55,0.894121,0.0,0.732965,0.598514,review,evaluation,,,,,,,,Phase18N confirmatory reviewability packet; labels are not identity labels.
phase18n_megadescriptor_l_384_blind_0182,megadescriptor_l_384,confirmatory_stratified_blind_review,rank_01__similarity_high__quality_low__same_identity__admission_mid,rank_01,similarity_high,quality_low,same_identity,admission_mid,phase18a_czechlynx_1581,phase18a_czechlynx_1762,outputs/final_freeze/lynx-wild/images/czechlynx_1581__p16e_028302.jpg,outputs/final_freeze/lynx-wild/images/czechlynx_1762__p16e_028308.jpg,yes,1,0.93893862,0.995667,0.55,0.55,0.55,0.997251,0.289129,0.751971,0.845236,review,evaluation,,,,,,,,Phase18N confirmatory reviewability packet; labels are not identity labels.
phase18n_megadescriptor_l_384_blind_0183,megadescriptor_l_384,confirmatory_stratified_blind_review,rank_11_20__similarity_high__quality_low__same_identity__admission_low,rank_11_20,similarity_high,quality_low,same_identity,admission_low,phase18a_czechlynx_1471,phase18a_czechlynx_1840,outputs/final_freeze/lynx-wild/images/czechlynx_1471__p16e_028378.jpg,outputs/final_freeze/lynx-wild/images/czechlynx_1840__p16e_028362.jpg,yes,13,0.82814157,0.971516,0.55,0.55,0.55,0.928749,0.288954,0.730411,0.822105,review,evaluation,,,,,,,,Phase18N confirmatory reviewability packet; labels are not identity labels.
phase18n_megadescriptor_l_384_blind_0184,megadescriptor_l_384,confirmatory_stratified_blind_review,rank_02_05__similarity_mid__quality_low__different_identity__admission_high,rank_02_05,similarity_mid,quality_low,different_identity,admission_high,phase18a_czechlynx_2567,phase18a_czechlynx_1507,outputs/final_freeze/lynx-wild/images/czechlynx_2567__p16e_042910.jpg,outputs/final_freeze/lynx-wild/images/czechlynx_1507__p16e_043430.jpg,no,5,0.5356009,0.623777,0.55,0.55,0.55,0.930201,0.0,0.753834,0.673199,review,evaluation,,,,,,,,Phase18N confirmatory reviewability packet; labels are not identity labels.
phase18n_megadescriptor_l_384_blind_0185,megadescriptor_l_384,confirmatory_stratified_blind_review,rank_06_10__similarity_mid__quality_low__same_identity__admission_low,rank_06_10,similarity_mid,quality_low,same_identity,admission_low,phase18a_czechlynx_1326,phase18a_czechlynx_1978,outputs/final_freeze/lynx-wild/images/czechlynx_1326__p16e_024497.jpg,outputs/final_freeze/lynx-wild/images/czechlynx_1978__p16e_024500.jpg,yes,8,0.60282999,0.757346,0.55,0.55,0.55,0.866072,0.096721,0.729891,0.727569,review,evaluation,,,,,,,,Phase18N confirmatory reviewability packet; labels are not identity labels.
phase18n_megadescriptor_l_384_blind_0186,megadescriptor_l_384,confirmatory_stratified_blind_review,rank_06_10__similarity_mid__quality_low__different_identity__admission_mid,rank_06_10,similarity_mid,quality_low,different_identity,admission_mid,phase18a_czechlynx_2695,phase18a_czechlynx_2351,outputs/final_freeze/lynx-wild/images/czechlynx_2695__p16e_037602.jpg,outputs/final_freeze/lynx-wild/images/czechlynx_2351__p16e_043667.jpg,no,9,0.62100577,0.790663,0.55,0.55,0.55,0.93583,0.105623,0.750974,0.754457,review,evaluation,,,,,,,,Phase18N confirmatory reviewability packet; labels are not identity labels.
phase18n_megadescriptor_l_384_blind_0187,megadescriptor_l_384,confirmatory_stratified_blind_review,rank_06_10__similarity_low__quality_low__different_identity__admission_mid,rank_06_10,similarity_low,quality_low,different_identity,admission_mid,phase18a_czechlynx_2155,phase18a_czechlynx_1810,outputs/final_freeze/lynx-wild/images/czechlynx_2155__p16e_042493.jpg,outputs/final_freeze/lynx-wild/images/czechlynx_1810__p16e_042482.jpg,no,9,0.47398636,0.464058,0.55,0.55,0.55,0.932598,0.0,0.738533,0.568358,review,evaluation,,,,,,,,Phase18N confirmatory reviewability packet; labels are not identity labels.
phase18n_megadescriptor_l_384_blind_0188,megadescriptor_l_384,confirmatory_stratified_blind_review,rank_01__similarity_low__quality_low__same_identity__admission_mid,rank_01,similarity_low,quality_low,same_identity,admission_mid,phase18a_czechlynx_1749,phase18a_czechlynx_1298,outputs/final_freeze/lynx-wild/images/czechlynx_1749__p16e_028567.jpg,outputs/final_freeze/lynx-wild/images/czechlynx_1298__p16e_028538.jpg,yes,1,0.50706732,0.554476,0.55,0.55,0.55,0.945401,0.0,0.75116,0.629216,review,evaluation,,,,,,,,Phase18N confirmatory reviewability packet; labels are not identity labels.
phase18n_megadescriptor_l_384_blind_0189,megadescriptor_l_384,confirmatory_stratified_blind_review,rank_11_20__similarity_low__quality_low__different_identity__admission_high,rank_11_20,similarity_low,quality_low,different_identity,admission_high,phase18a_czechlynx_2352,phase18a_czechlynx_2340,outputs/final_freeze/lynx-wild/images/czechlynx_2352__p16e_033596.jpg,outputs/final_freeze/lynx-wild/images/czechlynx_2340__p16e_044078.jpg,no,15,0.51152676,0.565543,0.55,0.55,0.55,0.974015,0.0,0.760278,0.639542,review,evaluation,,,,,,,,Phase18N confirmatory reviewability packet; labels are not identity labels.
phase18n_megadescriptor_l_384_blind_0190,megadescriptor_l_384,confirmatory_stratified_blind_review,rank_02_05__similarity_high__quality_low__different_identity__admission_low,rank_02_05,similarity_high,quality_low,different_identity,admission_low,phase18a_czechlynx_2757,phase18a_czechlynx_2360,outputs/final_freeze/lynx-wild/images/czechlynx_2757__p16e_043694.jpg,outputs/final_freeze/lynx-wild/images/czechlynx_2360__p16e_042546.jpg,no,5,0.71857941,0.921032,0.55,0.55,0.55,0.880464,0.25537,0.718559,0.793018,review,evaluation,,,,,,,,Phase18N confirmatory reviewability packet; labels are not identity labels.
phase18n_megadescriptor_l_384_blind_0191,megadescriptor_l_384,confirmatory_stratified_blind_review,rank_01__similarity_mid__quality_low__same_identity__admission_high,rank_01,similarity_mid,quality_low,same_identity,admission_high,phase18a_czechlynx_2808,phase18a_czechlynx_2791,outputs/final_freeze/lynx-wild/images/czechlynx_2808__p16e_029013.jpg,outputs/final_freeze/lynx-wild/images/czechlynx_2791__p16e_028705.jpg,yes,1,0.63678449,0.818547,0.55,0.55,0.55,0.953931,0.127171,0.754521,0.768783,review,evaluation,,,,,,,,Phase18N confirmatory reviewability packet; labels are not identity labels.
phase18n_megadescriptor_l_384_blind_0192,megadescriptor_l_384,confirmatory_stratified_blind_review,rank_11_20__similarity_low__quality_low__same_identity__admission_high,rank_11_20,similarity_low,quality_low,same_identity,admission_high,phase18a_czechlynx_1905,phase18a_czechlynx_2091,outputs/final_freeze/lynx-wild/images/czechlynx_1905__p16e_028415.jpg,outputs/final_freeze/lynx-wild/images/czechlynx_2091__p16e_028463.jpg,yes,15,0.51729143,0.579893,0.55,0.55,0.55,0.951808,0.0,0.755496,0.646622,review,evaluation,,,,,,,,Phase18N confirmatory reviewability packet; labels are not identity labels.
phase18n_megadescriptor_l_384_blind_0193,megadescriptor_l_384,confirmatory_stratified_blind_review,rank_01__similarity_low__quality_low__same_identity__admission_low,rank_01,similarity_low,quality_low,same_identity,admission_low,phase18a_czechlynx_2264,phase18a_czechlynx_2104,outputs/final_freeze/lynx-wild/images/czechlynx_2264__p16e_028136.jpg,outputs/final_freeze/lynx-wild/images/czechlynx_2104__p16e_028388.jpg,yes,1,0.50485778,0.548826,0.55,0.55,0.55,0.777281,0.0,0.703521,0.60761,review,evaluation,,,,,,,,Phase18N confirmatory reviewability packet; labels are not identity labels.
phase18n_megadescriptor_l_384_blind_0194,megadescriptor_l_384,confirmatory_stratified_blind_review,rank_01__similarity_high__quality_low__same_identity__admission_low,rank_01,similarity_high,quality_low,same_identity,admission_low,phase18a_czechlynx_1595,phase18a_czechlynx_1789,outputs/final_freeze/lynx-wild/images/czechlynx_1595__p16e_028407.jpg,outputs/final_freeze/lynx-wild/images/czechlynx_1789__p16e_028399.jpg,yes,1,0.7790705,0.956116,0.55,0.55,0.55,0.917695,0.277423,0.728082,0.813978,review,evaluation,,,,,,,,Phase18N confirmatory reviewability packet; labels are not identity labels.
phase18n_megadescriptor_l_384_blind_0195,megadescriptor_l_384,confirmatory_stratified_blind_review,rank_01__similarity_mid__quality_low__same_identity__admission_mid,rank_01,similarity_mid,quality_low,same_identity,admission_mid,phase18a_czechlynx_2560,phase18a_czechlynx_2009,outputs/final_freeze/lynx-wild/images/czechlynx_2560__p16e_006778.jpg,outputs/final_freeze/lynx-wild/images/czechlynx_2009__p16e_007821.jpg,yes,1,0.63696283,0.818864,0.55,0.55,0.55,0.942503,0.131488,0.75049,0.766584,review,evaluation,,,,,,,,Phase18N confirmatory reviewability packet; labels are not identity labels.
phase18n_megadescriptor_l_384_blind_0196,megadescriptor_l_384,confirmatory_stratified_blind_review,rank_06_10__similarity_high__quality_low__same_identity__admission_high,rank_06_10,similarity_high,quality_low,same_identity,admission_high,phase18a_czechlynx_2053,phase18a_czechlynx_1594,outputs/final_freeze/lynx-wild/images/czechlynx_2053__p16e_028439.jpg,outputs/final_freeze/lynx-wild/images/czechlynx_1594__p16e_028433.jpg,yes,6,0.76226592,0.948299,0.55,0.55,0.55,0.994011,0.242895,0.755574,0.826485,review,evaluation,,,,,,,,Phase18N confirmatory reviewability packet; labels are not identity labels.
phase18n_megadescriptor_l_384_blind_0197,megadescriptor_l_384,confirmatory_stratified_blind_review,rank_11_20__similarity_mid__quality_low__different_identity__admission_mid,rank_11_20,similarity_mid,quality_low,different_identity,admission_mid,phase18a_czechlynx_1598,phase18a_czechlynx_1603,outputs/final_freeze/lynx-wild/images/czechlynx_1598__p16e_039724.jpg,outputs/final_freeze/lynx-wild/images/czechlynx_1603__p16e_045150.jpg,no,18,0.62055463,0.78988,0.55,0.55,0.55,0.927979,0.107587,0.748305,0.752564,review,evaluation,,,,,,,,Phase18N confirmatory reviewability packet; labels are not identity labels.
phase18n_megadescriptor_l_384_blind_0198,megadescriptor_l_384,confirmatory_stratified_blind_review,rank_01__similarity_mid__quality_low__different_identity__admission_high,rank_01,similarity_mid,quality_low,different_identity,admission_high,phase18a_czechlynx_2838,phase18a_czechlynx_1963,outputs/final_freeze/lynx-wild/images/czechlynx_2838__p16e_032139.jpg,outputs/final_freeze/lynx-wild/images/czechlynx_1963__p16e_035502.jpg,no,1,0.61701334,0.782713,0.55,0.55,0.55,0.968594,0.086205,0.763237,0.758071,review,evaluation,,,,,,,,Phase18N confirmatory reviewability packet; labels are not identity labels.
phase18n_megadescriptor_l_384_blind_0199,megadescriptor_l_384,confirmatory_stratified_blind_review,rank_02_05__similarity_mid__quality_low__different_identity__admission_mid,rank_02_05,similarity_mid,quality_low,different_identity,admission_mid,phase18a_czechlynx_2809,phase18a_czechlynx_2229,outputs/final_freeze/lynx-wild/images/czechlynx_2809__p16e_045355.jpg,outputs/final_freeze/lynx-wild/images/czechlynx_2229__p16e_043330.jpg,no,2,0.61086559,0.771446,0.55,0.55,0.55,0.924037,0.090533,0.748768,0.744722,review,evaluation,,,,,,,,Phase18N confirmatory reviewability packet; labels are not identity labels.
phase18n_megadescriptor_l_384_blind_0200,megadescriptor_l_384,confirmatory_stratified_blind_review,rank_06_10__similarity_low__quality_low__different_identity__admission_low,rank_06_10,similarity_low,quality_low,different_identity,admission_low,phase18a_czechlynx_1985,phase18a_czechlynx_2416,outputs/final_freeze/lynx-wild/images/czechlynx_1985__p16e_040699.jpg,outputs/final_freeze/lynx-wild/images/czechlynx_2416__p16e_033958.jpg,no,7,0.37528992,0.208137,0.55,0.55,0.55,0.771181,0.0,0.667744,0.382788,review,evaluation,,,,,,,,Phase18N confirmatory reviewability packet; labels are not identity labels.
phase18n_megadescriptor_l_384_blind_0201,megadescriptor_l_384,confirmatory_stratified_blind_review,rank_11_20__similarity_low__quality_low__same_identity__admission_mid,rank_11_20,similarity_low,quality_low,same_identity,admission_mid,phase18a_czechlynx_1778,phase18a_czechlynx_1622,outputs/final_freeze/lynx-wild/images/czechlynx_1778__p16e_028357.jpg,outputs/final_freeze/lynx-wild/images/czechlynx_1622__p16e_028263.jpg,yes,16,0.51163083,0.565693,0.55,0.55,0.55,0.909373,0.0,0.742194,0.632763,review,evaluation,,,,,,,,Phase18N confirmatory reviewability packet; labels are not identity labels.
phase18n_megadescriptor_l_384_blind_0202,megadescriptor_l_384,confirmatory_stratified_blind_review,rank_11_20__similarity_high__quality_low__same_identity__admission_low,rank_11_20,similarity_high,quality_low,same_identity,admission_low,phase18a_czechlynx_1367,phase18a_czechlynx_1695,outputs/final_freeze/lynx-wild/images/czechlynx_1367__p16e_028380.jpg,outputs/final_freeze/lynx-wild/images/czechlynx_1695__p16e_028349.jpg,yes,11,0.80694759,0.965749,0.55,0.55,0.55,0.928554,0.283256,0.730919,0.819863,review,evaluation,,,,,,,,Phase18N confirmatory reviewability packet; labels are not identity labels.
phase18n_megadescriptor_l_384_blind_0203,megadescriptor_l_384,confirmatory_stratified_blind_review,rank_02_05__similarity_mid__quality_low__different_identity__admission_high,rank_02_05,similarity_mid,quality_low,different_identity,admission_high,phase18a_czechlynx_2591,phase18a_czechlynx_2769,outputs/final_freeze/lynx-wild/images/czechlynx_2591__p16e_043470.jpg,outputs/final_freeze/lynx-wild/images/czechlynx_2769__p16e_045599.jpg,no,2,0.63728398,0.819564,0.55,0.55,0.55,0.954324,0.12805,0.754557,0.769251,review,evaluation,,,,,,,,Phase18N confirmatory reviewability packet; labels are not identity labels.
phase18n_megadescriptor_l_384_blind_0204,megadescriptor_l_384,confirmatory_stratified_blind_review,rank_01__similarity_high__quality_low__different_identity__admission_mid,rank_01,similarity_high,quality_low,different_identity,admission_mid,phase18a_czechlynx_2803,phase18a_czechlynx_2872,outputs/final_freeze/lynx-wild/images/czechlynx_2803__p16e_043467.jpg,outputs/final_freeze/lynx-wild/images/czechlynx_2872__p16e_044577.jpg,no,1,0.71578038,0.918799,0.55,0.55,0.55,0.95767,0.226114,0.745805,0.807838,review,evaluation,,,,,,,,Phase18N confirmatory reviewability packet; labels are not identity labels.
phase18n_megadescriptor_l_384_blind_0205,megadescriptor_l_384,confirmatory_stratified_blind_review,rank_11_20__similarity_mid__quality_low__same_identity__admission_high,rank_11_20,similarity_mid,quality_low,same_identity,admission_high,phase18a_czechlynx_1834,phase18a_czechlynx_2334,outputs/final_freeze/lynx-wild/images/czechlynx_1834__p16e_028141.jpg,outputs/final_freeze/lynx-wild/images/czechlynx_2334__p16e_028194.jpg,yes,15,0.65466642,0.848047,0.55,0.55,0.55,0.961185,0.154133,0.75411,0.781525,review,evaluation,,,,,,,,Phase18N confirmatory reviewability packet; labels are not identity labels.
phase18n_megadescriptor_l_384_blind_0206,megadescriptor_l_384,confirmatory_stratified_blind_review,rank_06_10__similarity_high__quality_low__same_identity__admission_mid,rank_06_10,similarity_high,quality_low,same_identity,admission_mid,phase18a_czechlynx_1534,phase18a_czechlynx_1618,outputs/final_freeze/lynx-wild/images/czechlynx_1534__p16e_028424.jpg,outputs/final_freeze/lynx-wild/images/czechlynx_1618__p16e_028524.jpg,yes,7,0.70568746,0.910382,0.55,0.55,0.55,0.941952,0.223199,0.741145,0.801432,review,evaluation,,,,,,,,Phase18N confirmatory reviewability packet; labels are not identity labels.
phase18n_megadescriptor_l_384_blind_0207,megadescriptor_l_384,confirmatory_stratified_blind_review,rank_01__similarity_high__quality_low__same_identity__admission_mid,rank_01,similarity_high,quality_low,same_identity,admission_mid,phase18a_czechlynx_2069,phase18a_czechlynx_1724,outputs/final_freeze/lynx-wild/images/czechlynx_2069__p16e_028315.jpg,outputs/final_freeze/lynx-wild/images/czechlynx_1724__p16e_028309.jpg,yes,1,0.83625352,0.973666,0.55,0.55,0.55,0.99031,0.269558,0.751742,0.835423,review,evaluation,,,,,,,,Phase18N confirmatory reviewability packet; labels are not identity labels.
phase18n_megadescriptor_l_384_blind_0208,megadescriptor_l_384,confirmatory_stratified_blind_review,rank_11_20__similarity_mid__quality_low__different_identity__admission_high,rank_11_20,similarity_mid,quality_low,different_identity,admission_high,phase18a_czechlynx_2135,phase18a_czechlynx_2130,outputs/final_freeze/lynx-wild/images/czechlynx_2135__p16e_044967.jpg,outputs/final_freeze/lynx-wild/images/czechlynx_2130__p16e_045596.jpg,no,20,0.61814052,0.784896,0.55,0.55,0.55,0.953885,0.093537,0.75787,0.755919,review,evaluation,,,,,,,,Phase18N confirmatory reviewability packet; labels are not identity labels.
phase18n_megadescriptor_l_384_blind_0209,megadescriptor_l_384,confirmatory_stratified_blind_review,rank_11_20__similarity_high__quality_low__same_identity__admission_high,rank_11_20,similarity_high,quality_low,same_identity,admission_high,phase18a_czechlynx_1802,phase18a_czechlynx_1913,outputs/final_freeze/lynx-wild/images/czechlynx_1802__p16e_028444.jpg,outputs/final_freeze/lynx-wild/images/czechlynx_1913__p16e_028155.jpg,yes,19,0.67388356,0.875898,0.55,0.55,0.55,0.986479,0.17313,0.760178,0.797298,review,evaluation,,,,,,,,Phase18N confirmatory reviewability packet; labels are not identity labels.
phase18n_megadescriptor_l_384_blind_0210,megadescriptor_l_384,confirmatory_stratified_blind_review,rank_06_10__similarity_mid__quality_low__different_identity__admission_high,rank_06_10,similarity_mid,quality_low,different_identity,admission_high,phase18a_czechlynx_2238,phase18a_czechlynx_2694,outputs/final_freeze/lynx-wild/images/czechlynx_2238__p16e_044226.jpg,outputs/final_freeze/lynx-wild/images/czechlynx_2694__p16e_042582.jpg,no,7,0.56169319,0.677478,0.55,0.55,0.55,0.929945,0.0,0.759132,0.708506,review,evaluation,,,,,,,,Phase18N confirmatory reviewability packet; labels are not identity labels.
phase18n_megadescriptor_l_384_blind_0211,megadescriptor_l_384,confirmatory_stratified_blind_review,rank_02_05__similarity_high__quality_low__same_identity__admission_mid,rank_02_05,similarity_high,quality_low,same_identity,admission_mid,phase18a_czechlynx_2126,phase18a_czechlynx_2034,outputs/final_freeze/lynx-wild/images/czechlynx_2126__p16e_028327.jpg,outputs/final_freeze/lynx-wild/images/czechlynx_2034__p16e_028334.jpg,yes,3,0.83707732,0.9739,0.55,0.55,0.55,0.940876,0.287093,0.734417,0.825478,review,evaluation,,,,,,,,Phase18N confirmatory reviewability packet; labels are not identity labels.
phase18n_megadescriptor_l_384_blind_0212,megadescriptor_l_384,confirmatory_stratified_blind_review,rank_01__similarity_high__quality_low__same_identity__admission_mid,rank_01,similarity_high,quality_low,same_identity,admission_mid,phase18a_czechlynx_1983,phase18a_czechlynx_1905,outputs/final_freeze/lynx-wild/images/czechlynx_1983__p16e_028416.jpg,outputs/final_freeze/lynx-wild/images/czechlynx_1905__p16e_028415.jpg,yes,1,0.94581538,0.996467,0.55,0.55,0.55,0.998331,0.289551,0.752269,0.845761,review,evaluation,,,,,,,,Phase18N confirmatory reviewability packet; labels are not identity labels.
phase18n_megadescriptor_l_384_blind_0213,megadescriptor_l_384,confirmatory_stratified_blind_review,rank_02_05__similarity_low__quality_low__different_identity__admission_mid,rank_02_05,similarity_low,quality_low,different_identity,admission_mid,phase18a_czechlynx_2511,phase18a_czechlynx_2558,outputs/final_freeze/lynx-wild/images/czechlynx_2511__p16e_035168.jpg,outputs/final_freeze/lynx-wild/images/czechlynx_2558__p16e_017223.jpg,no,5,0.4531936,0.404373,0.55,0.55,0.55,0.980256,0.0,0.745909,0.534157,review,evaluation,,,,,,,,Phase18N confirmatory reviewability packet; labels are not identity labels.
phase18n_megadescriptor_l_384_blind_0214,megadescriptor_l_384,confirmatory_stratified_blind_review,rank_11_20__similarity_high__quality_low__same_identity__admission_mid,rank_11_20,similarity_high,quality_low,same_identity,admission_mid,phase18a_czechlynx_1454,phase18a_czechlynx_1867,outputs/final_freeze/lynx-wild/images/czechlynx_1454__p16e_028149.jpg,outputs/final_freeze/lynx-wild/images/czechlynx_1867__p16e_028159.jpg,yes,19,0.68419856,0.888531,0.55,0.55,0.55,0.955806,0.196499,0.748179,0.795898,review,evaluation,,,,,,,,Phase18N confirmatory reviewability packet; labels are not identity labels.
phase18n_megadescriptor_l_384_blind_0215,megadescriptor_l_384,confirmatory_stratified_blind_review,rank_02_05__similarity_low__quality_low__same_identity__admission_high,rank_02_05,similarity_low,quality_low,same_identity,admission_high,phase18a_czechlynx_2854,phase18a_czechlynx_2808,outputs/final_freeze/lynx-wild/images/czechlynx_2854__p16e_029010.jpg,outputs/final_freeze/lynx-wild/images/czechlynx_2808__p16e_029013.jpg,yes,2,0.4949266,0.522225,0.55,0.55,0.55,0.979666,0.0,0.757529,0.611641,review,evaluation,,,,,,,,Phase18N confirmatory reviewability packet; labels are not identity labels.
phase18n_megadescriptor_l_384_blind_0216,megadescriptor_l_384,confirmatory_stratified_blind_review,rank_02_05__similarity_low__quality_low__different_identity__admission_low,rank_02_05,similarity_low,quality_low,different_identity,admission_low,phase18a_czechlynx_1505,phase18a_czechlynx_2861,outputs/final_freeze/lynx-wild/images/czechlynx_1505__p16e_011910.jpg,outputs/final_freeze/lynx-wild/images/czechlynx_2861__p16e_028898.jpg,no,4,0.4965373,0.526242,0.55,0.55,0.55,0.656375,0.0,0.667409,0.579886,review,evaluation,,,,,,,,Phase18N confirmatory reviewability packet; labels are not identity labels.
phase18n_megadescriptor_l_384_blind_0217,megadescriptor_l_384,confirmatory_stratified_blind_review,rank_11_20__similarity_low__quality_low__different_identity__admission_mid,rank_11_20,similarity_low,quality_low,different_identity,admission_mid,phase18a_czechlynx_2846,phase18a_czechlynx_2545,outputs/final_freeze/lynx-wild/images/czechlynx_2846__p16e_036195.jpg,outputs/final_freeze/lynx-wild/images/czechlynx_2545__p16e_017286.jpg,no,20,0.45883933,0.42024,0.55,0.55,0.55,0.92357,0.0,0.731624,0.538566,review,evaluation,,,,,,,,Phase18N confirmatory reviewability packet; labels are not identity labels.
phase18n_megadescriptor_l_384_blind_0218,megadescriptor_l_384,confirmatory_stratified_blind_review,rank_06_10__similarity_mid__quality_low__same_identity__admission_high,rank_06_10,similarity_mid,quality_low,same_identity,admission_high,phase18a_czechlynx_1843,phase18a_czechlynx_1684,outputs/final_freeze/lynx-wild/images/czechlynx_1843__p16e_028431.jpg,outputs/final_freeze/lynx-wild/images/czechlynx_1684__p16e_028403.jpg,yes,8,0.57182288,0.697945,0.55,0.55,0.55,0.921969,0.017756,0.755395,0.716225,review,evaluation,,,,,,,,Phase18N confirmatory reviewability packet; labels are not identity labels.
phase18n_megadescriptor_l_384_blind_0219,megadescriptor_l_384,confirmatory_stratified_blind_review,rank_06_10__similarity_high__quality_low__same_identity__admission_mid,rank_06_10,similarity_high,quality_low,same_identity,admission_mid,phase18a_czechlynx_1618,phase18a_czechlynx_1633,outputs/final_freeze/lynx-wild/images/czechlynx_1618__p16e_028524.jpg,outputs/final_freeze/lynx-wild/images/czechlynx_1633__p16e_028523.jpg,yes,10,0.68424547,0.888631,0.55,0.55,0.55,0.937033,0.20317,0.741598,0.792125,review,evaluation,,,,,,,,Phase18N confirmatory reviewability packet; labels are not identity labels.
phase18n_megadescriptor_l_384_blind_0220,megadescriptor_l_384,confirmatory_stratified_blind_review,rank_11_20__similarity_low__quality_low__different_identity__admission_low,rank_11_20,similarity_low,quality_low,different_identity,admission_low,phase18a_czechlynx_2877,phase18a_czechlynx_2333,outputs/final_freeze/lynx-wild/images/czechlynx_2877__p16e_013419.jpg,outputs/final_freeze/lynx-wild/images/czechlynx_2333__p16e_017225.jpg,no,13,0.50162494,0.539859,0.55,0.55,0.55,0.744048,0.0,0.693319,0.598174,review,evaluation,,,,,,,,Phase18N confirmatory reviewability packet; labels are not identity labels.
phase18n_megadescriptor_l_384_blind_0221,megadescriptor_l_384,confirmatory_stratified_blind_review,rank_01__similarity_low__quality_low__different_identity__admission_low,rank_01,similarity_low,quality_low,different_identity,admission_low,phase18a_czechlynx_1396,phase18a_czechlynx_2067,outputs/final_freeze/lynx-wild/images/czechlynx_1396__p16e_045903.jpg,outputs/final_freeze/lynx-wild/images/czechlynx_2067__p16e_045281.jpg,no,1,0.40107632,0.267621,0.55,0.55,0.55,0.877279,0.0,0.7034,0.433217,review,evaluation,,,,,,,,Phase18N confirmatory reviewability packet; labels are not identity labels.
phase18n_megadescriptor_l_384_blind_0222,megadescriptor_l_384,confirmatory_stratified_blind_review,rank_01__similarity_mid__quality_low__same_identity__admission_high,rank_01,similarity_mid,quality_low,same_identity,admission_high,phase18a_czechlynx_1816,phase18a_czechlynx_1697,outputs/final_freeze/lynx-wild/images/czechlynx_1816__p16e_028435.jpg,outputs/final_freeze/lynx-wild/images/czechlynx_1697__p16e_028430.jpg,yes,1,0.66733474,0.867214,0.55,0.55,0.55,0.99094,0.162885,0.762608,0.794887,review,evaluation,,,,,,,,Phase18N confirmatory reviewability packet; labels are not identity labels.
phase18n_megadescriptor_l_384_blind_0223,megadescriptor_l_384,confirmatory_stratified_blind_review,rank_11_20__similarity_mid__quality_low__different_identity__admission_mid,rank_11_20,similarity_mid,quality_low,different_identity,admission_mid,phase18a_czechlynx_2523,phase18a_czechlynx_2517,outputs/final_freeze/lynx-wild/images/czechlynx_2523__p16e_044194.jpg,outputs/final_freeze/lynx-wild/images/czechlynx_2517__p16e_045622.jpg,no,14,0.54760289,0.648627,0.55,0.55,0.55,0.8488,0.0,0.733527,0.680889,review,evaluation,,,,,,,,Phase18N confirmatory reviewability packet; labels are not identity labels.
phase18n_megadescriptor_l_384_blind_0224,megadescriptor_l_384,confirmatory_stratified_blind_review,rank_11_20__similarity_mid__quality_low__different_identity__admission_low,rank_11_20,similarity_mid,quality_low,different_identity,admission_low,phase18a_czechlynx_2602,phase18a_czechlynx_2147,outputs/final_freeze/lynx-wild/images/czechlynx_2602__p16e_032538.jpg,outputs/final_freeze/lynx-wild/images/czechlynx_2147__p16e_043842.jpg,no,13,0.55358553,0.660361,0.55,0.55,0.55,0.838765,0.009293,0.730032,0.684977,review,evaluation,,,,,,,,Phase18N confirmatory reviewability packet; labels are not identity labels.
phase18n_megadescriptor_l_384_blind_0225,megadescriptor_l_384,confirmatory_stratified_blind_review,rank_01__similarity_mid__quality_low__different_identity__admission_low,rank_01,similarity_mid,quality_low,different_identity,admission_low,phase18a_czechlynx_0809,phase18a_czechlynx_2713,outputs/final_freeze/lynx-wild/images/czechlynx_0809__czlx_expanded_0456.jpg,outputs/final_freeze/lynx-wild/images/czechlynx_2713__p16e_040188.jpg,no,1,0.64850217,0.837981,0.55,0.55,0.55,0.832542,0.189091,0.710092,0.751565,review,evaluation,,,,,,,,Phase18N confirmatory reviewability packet; labels are not identity labels.
phase18n_megadescriptor_l_384_blind_0226,megadescriptor_l_384,confirmatory_stratified_blind_review,rank_02_05__similarity_high__quality_low__same_identity__admission_mid,rank_02_05,similarity_high,quality_low,same_identity,admission_mid,phase18a_czechlynx_2091,phase18a_czechlynx_1858,outputs/final_freeze/lynx-wild/images/czechlynx_2091__p16e_028463.jpg,outputs/final_freeze/lynx-wild/images/czechlynx_1858__p16e_028456.jpg,yes,4,0.77372044,0.954066,0.55,0.55,0.55,0.983259,0.252425,0.751234,0.826505,review,evaluation,,,,,,,,Phase18N confirmatory reviewability packet; labels are not identity labels.
phase18n_megadescriptor_l_384_blind_0227,megadescriptor_l_384,confirmatory_stratified_blind_review,rank_06_10__similarity_low__quality_low__same_identity__admission_low,rank_06_10,similarity_low,quality_low,same_identity,admission_low,phase18a_czechlynx_1767,phase18a_czechlynx_2610,outputs/final_freeze/lynx-wild/images/czechlynx_1767__p16e_037971.jpg,outputs/final_freeze/lynx-wild/images/czechlynx_2610__p16e_029921.jpg,yes,7,0.29950139,0.086735,0.55,0.55,0.55,0.818792,0.0,0.668935,0.307971,review,evaluation,,,,,,,,Phase18N confirmatory reviewability packet; labels are not identity labels.
phase18n_megadescriptor_l_384_blind_0228,megadescriptor_l_384,confirmatory_stratified_blind_review,rank_06_10__similarity_low__quality_low__same_identity__admission_mid,rank_06_10,similarity_low,quality_low,same_identity,admission_mid,phase18a_czechlynx_2508,phase18a_czechlynx_2791,outputs/final_freeze/lynx-wild/images/czechlynx_2508__p16e_028725.jpg,outputs/final_freeze/lynx-wild/images/czechlynx_2791__p16e_028705.jpg,yes,9,0.50675255,0.553626,0.55,0.55,0.55,0.924594,0.0,0.745249,0.626443,review,evaluation,,,,,,,,Phase18N confirmatory reviewability packet; labels are not identity labels.
phase18n_megadescriptor_l_384_blind_0229,megadescriptor_l_384,confirmatory_stratified_blind_review,rank_02_05__similarity_high__quality_low__different_identity__admission_high,rank_02_05,similarity_high,quality_low,different_identity,admission_high,phase18a_czechlynx_2694,phase18a_czechlynx_1721,outputs/final_freeze/lynx-wild/images/czechlynx_2694__p16e_042582.jpg,outputs/final_freeze/lynx-wild/images/czechlynx_1721__p16e_042878.jpg,no,2,0.69231611,0.897065,0.55,0.55,0.55,0.976164,0.197908,0.754451,0.80329,review,evaluation,,,,,,,,Phase18N confirmatory reviewability packet; labels are not identity labels.
phase18n_megadescriptor_l_384_blind_0230,megadescriptor_l_384,confirmatory_stratified_blind_review,rank_01__similarity_mid__quality_low__different_identity__admission_high,rank_01,similarity_mid,quality_low,different_identity,admission_high,phase18a_czechlynx_1708,phase18a_czechlynx_1424,outputs/final_freeze/lynx-wild/images/czechlynx_1708__p16e_035036.jpg,outputs/final_freeze/lynx-wild/images/czechlynx_1424__p16e_031688.jpg,no,1,0.65542787,0.849031,0.55,0.55,0.55,0.957488,0.15641,0.752718,0.78115,review,evaluation,,,,,,,,Phase18N confirmatory reviewability packet; labels are not identity labels.
phase18n_megadescriptor_l_384_blind_0231,megadescriptor_l_384,confirmatory_stratified_blind_review,rank_11_20__similarity_low__quality_low__different_identity__admission_mid,rank_11_20,similarity_low,quality_low,different_identity,admission_mid,phase18a_czechlynx_2776,phase18a_czechlynx_1361,outputs/final_freeze/lynx-wild/images/czechlynx_2776__p16e_015111.jpg,outputs/final_freeze/lynx-wild/images/czechlynx_1361__p16e_020270.jpg,no,13,0.39697695,0.256938,0.55,0.55,0.55,0.986668,0.0,0.732961,0.437827,review,evaluation,,,,,,,,Phase18N confirmatory reviewability packet; labels are not identity labels.
phase18n_megadescriptor_l_384_blind_0232,megadescriptor_l_384,confirmatory_stratified_blind_review,rank_06_10__similarity_mid__quality_low__different_identity__admission_high,rank_06_10,similarity_mid,quality_low,different_identity,admission_high,phase18a_czechlynx_2131,phase18a_czechlynx_2430,outputs/final_freeze/lynx-wild/images/czechlynx_2131__p16e_045629.jpg,outputs/final_freeze/lynx-wild/images/czechlynx_2430__p16e_042173.jpg,no,8,0.65991116,0.855864,0.55,0.55,0.55,0.989932,0.151888,0.76339,0.790346,review,evaluation,,,,,,,,Phase18N confirmatory reviewability packet; labels are not identity labels.
phase18n_megadescriptor_l_384_blind_0233,megadescriptor_l_384,confirmatory_stratified_blind_review,rank_06_10__similarity_mid__quality_low__same_identity__admission_mid,rank_06_10,similarity_mid,quality_low,same_identity,admission_mid,phase18a_czechlynx_1829,phase18a_czechlynx_2062,outputs/final_freeze/lynx-wild/images/czechlynx_1829__p16e_028400.jpg,outputs/final_freeze/lynx-wild/images/czechlynx_2062__p16e_028333.jpg,yes,9,0.60510808,0.761063,0.55,0.55,0.55,0.920575,0.081361,0.748595,0.740053,review,evaluation,,,,,,,,Phase18N confirmatory reviewability packet; labels are not identity labels.
phase18n_megadescriptor_l_384_blind_0234,megadescriptor_l_384,confirmatory_stratified_blind_review,rank_06_10__similarity_low__quality_low__same_identity__admission_low,rank_06_10,similarity_low,quality_low,same_identity,admission_low,phase18a_czechlynx_2653,phase18a_czechlynx_2317,outputs/final_freeze/lynx-wild/images/czechlynx_2653__p16e_006761.jpg,outputs/final_freeze/lynx-wild/images/czechlynx_2317__p16e_007827.jpg,yes,6,0.41903746,0.313222,0.55,0.55,0.55,0.940157,0.0,0.725566,0.469913,review,evaluation,,,,,,,,Phase18N confirmatory reviewability packet; labels are not identity labels.
phase18n_megadescriptor_l_384_blind_0235,megadescriptor_l_384,confirmatory_stratified_blind_review,rank_01__similarity_high__quality_low__same_identity__admission_high,rank_01,similarity_high,quality_low,same_identity,admission_high,phase18a_czechlynx_1943,phase18a_czechlynx_2097,outputs/final_freeze/lynx-wild/images/czechlynx_1943__p16e_028389.jpg,outputs/final_freeze/lynx-wild/images/czechlynx_2097__p16e_028393.jpg,yes,1,0.87820935,0.982116,0.55,0.55,0.55,0.996165,0.275959,0.752946,0.83984,review,evaluation,,,,,,,,Phase18N confirmatory reviewability packet; labels are not identity labels.
phase18n_megadescriptor_l_384_blind_0236,megadescriptor_l_384,confirmatory_stratified_blind_review,rank_02_05__similarity_low__quality_low__same_identity__admission_mid,rank_02_05,similarity_low,quality_low,same_identity,admission_mid,phase18a_czechlynx_1854,phase18a_czechlynx_1732,outputs/final_freeze/lynx-wild/images/czechlynx_1854__p16e_028460.jpg,outputs/final_freeze/lynx-wild/images/czechlynx_1732__p16e_028472.jpg,yes,4,0.45446214,0.40714,0.55,0.55,0.55,0.941944,0.0,0.735458,0.531901,review,evaluation,,,,,,,,Phase18N confirmatory reviewability packet; labels are not identity labels.
phase18n_megadescriptor_l_384_blind_0237,megadescriptor_l_384,confirmatory_stratified_blind_review,rank_11_20__similarity_low__quality_low__same_identity__admission_high,rank_11_20,similarity_low,quality_low,same_identity,admission_high,phase18a_czechlynx_2864,phase18a_czechlynx_2508,outputs/final_freeze/lynx-wild/images/czechlynx_2864__p16e_028877.jpg,outputs/final_freeze/lynx-wild/images/czechlynx_2508__p16e_028725.jpg,yes,12,0.46902725,0.448807,0.55,0.55,0.55,0.996728,0.0,0.754965,0.565147,review,evaluation,,,,,,,,Phase18N confirmatory reviewability packet; labels are not identity labels.
phase18n_megadescriptor_l_384_blind_0238,megadescriptor_l_384,confirmatory_stratified_blind_review,rank_11_20__similarity_low__quality_low__different_identity__admission_mid,rank_11_20,similarity_low,quality_low,different_identity,admission_mid,phase18a_czechlynx_1576,phase18a_czechlynx_1993,outputs/final_freeze/lynx-wild/images/czechlynx_1576__p16e_045910.jpg,outputs/final_freeze/lynx-wild/images/czechlynx_1993__p16e_010529.jpg,no,15,0.4115991,0.293872,0.55,0.55,0.55,0.980846,0.0,0.735024,0.461509,review,evaluation,,,,,,,,Phase18N confirmatory reviewability packet; labels are not identity labels.
phase18n_megadescriptor_l_384_blind_0239,megadescriptor_l_384,confirmatory_stratified_blind_review,rank_02_05__similarity_high__quality_low__different_identity__admission_low,rank_02_05,similarity_high,quality_low,different_identity,admission_low,phase18a_czechlynx_0765,phase18a_czechlynx_1666,outputs/final_freeze/lynx-wild/images/czechlynx_0765__czlx_expanded_0274.jpg,outputs/final_freeze/lynx-wild/images/czechlynx_1666__p16e_043990.jpg,no,3,0.68047374,0.884131,0.55,0.55,0.55,0.756463,0.261869,0.678849,0.75375,review,evaluation,,,,,,,,Phase18N confirmatory reviewability packet; labels are not identity labels.
phase18n_megadescriptor_l_384_blind_0240,megadescriptor_l_384,confirmatory_stratified_blind_review,rank_02_05__similarity_low__quality_low__different_identity__admission_mid,rank_02_05,similarity_low,quality_low,different_identity,admission_mid,phase18a_czechlynx_2613,phase18a_czechlynx_1897,outputs/final_freeze/lynx-wild/images/czechlynx_2613__p16e_006767.jpg,outputs/final_freeze/lynx-wild/images/czechlynx_1897__p16e_007944.jpg,no,5,0.47189122,0.457424,0.55,0.55,0.55,0.944722,0.0,0.741265,0.565284,review,evaluation,,,,,,,,Phase18N confirmatory reviewability packet; labels are not identity labels.
phase18n_megadescriptor_l_384_blind_0241,megadescriptor_l_384,confirmatory_stratified_blind_review,rank_11_20__similarity_low__quality_low__different_identity__admission_low,rank_11_20,similarity_low,quality_low,different_identity,admission_low,phase18a_czechlynx_1330,phase18a_czechlynx_1520,outputs/final_freeze/lynx-wild/images/czechlynx_1330__p16e_024495.jpg,outputs/final_freeze/lynx-wild/images/czechlynx_1520__p16e_020427.jpg,no,17,0.39767653,0.258721,0.55,0.55,0.55,0.958272,0.0,0.725188,0.435978,review,evaluation,,,,,,,,Phase18N confirmatory reviewability packet; labels are not identity labels.
phase18n_megadescriptor_l_384_blind_0242,megadescriptor_l_384,confirmatory_stratified_blind_review,rank_11_20__similarity_low__quality_low__same_identity__admission_low,rank_11_20,similarity_low,quality_low,same_identity,admission_low,phase18a_czechlynx_2947,phase18a_czechlynx_2668,outputs/final_freeze/lynx-wild/images/czechlynx_2947__p16e_042272.jpg,outputs/final_freeze/lynx-wild/images/czechlynx_2668__p16e_042273.jpg,yes,16,0.303976,0.091902,0.55,0.55,0.55,0.767,0.0,0.65495,0.30586,review,evaluation,,,,,,,,Phase18N confirmatory reviewability packet; labels are not identity labels.
phase18n_megadescriptor_l_384_blind_0243,megadescriptor_l_384,confirmatory_stratified_blind_review,rank_02_05__similarity_mid__quality_low__same_identity__admission_mid,rank_02_05,similarity_mid,quality_low,same_identity,admission_mid,phase18a_czechlynx_2032,phase18a_czechlynx_1515,outputs/final_freeze/lynx-wild/images/czechlynx_2032__p16e_028450.jpg,outputs/final_freeze/lynx-wild/images/czechlynx_1515__p16e_028432.jpg,yes,4,0.65328407,0.846297,0.55,0.55,0.55,0.943278,0.15865,0.748018,0.777221,review,evaluation,,,,,,,,Phase18N confirmatory reviewability packet; labels are not identity labels.
phase18n_megadescriptor_l_384_blind_0244,megadescriptor_l_384,confirmatory_stratified_blind_review,rank_11_20__similarity_mid__quality_low__same_identity__admission_high,rank_11_20,similarity_mid,quality_low,same_identity,admission_high,phase18a_czechlynx_1848,phase18a_czechlynx_1913,outputs/final_freeze/lynx-wild/images/czechlynx_1848__p16e_028458.jpg,outputs/final_freeze/lynx-wild/images/czechlynx_1913__p16e_028155.jpg,yes,18,0.65176433,0.843697,0.55,0.55,0.55,0.987803,0.140466,0.763861,0.785266,review,evaluation,,,,,,,,Phase18N confirmatory reviewability packet; labels are not identity labels.
phase18n_megadescriptor_l_384_blind_0245,megadescriptor_l_384,confirmatory_stratified_blind_review,rank_06_10__similarity_mid__quality_low__different_identity__admission_mid,rank_06_10,similarity_mid,quality_low,different_identity,admission_mid,phase18a_czechlynx_2797,phase18a_czechlynx_2080,outputs/final_freeze/lynx-wild/images/czechlynx_2797__p16e_044125.jpg,outputs/final_freeze/lynx-wild/images/czechlynx_2080__p16e_039978.jpg,no,6,0.55099356,0.655728,0.55,0.55,0.55,0.858983,0.0,0.737088,0.686645,review,evaluation,,,,,,,,Phase18N confirmatory reviewability packet; labels are not identity labels.
phase18n_megadescriptor_l_384_blind_0246,megadescriptor_l_384,confirmatory_stratified_blind_review,rank_02_05__similarity_low__quality_low__different_identity__admission_mid,rank_02_05,similarity_low,quality_low,different_identity,admission_mid,phase18a_czechlynx_1717,phase18a_czechlynx_2079,outputs/final_freeze/lynx-wild/images/czechlynx_1717__p16e_042492.jpg,outputs/final_freeze/lynx-wild/images/czechlynx_2079__p16e_042483.jpg,no,4,0.42723989,0.334756,0.55,0.55,0.55,0.976605,0.0,0.737925,0.48796,review,evaluation,,,,,,,,Phase18N confirmatory reviewability packet; labels are not identity labels.
phase18n_megadescriptor_l_384_blind_0247,megadescriptor_l_384,confirmatory_stratified_blind_review,rank_11_20__similarity_high__quality_low__same_identity__admission_mid,rank_11_20,similarity_high,quality_low,same_identity,admission_mid,phase18a_czechlynx_1519,phase18a_czechlynx_1904,outputs/final_freeze/lynx-wild/images/czechlynx_1519__p16e_028336.jpg,outputs/final_freeze/lynx-wild/images/czechlynx_1904__p16e_028344.jpg,yes,14,0.92108399,0.992617,0.55,0.55,0.55,0.989508,0.288789,0.749566,0.8425,review,evaluation,,,,,,,,Phase18N confirmatory reviewability packet; labels are not identity labels.
phase18n_megadescriptor_l_384_blind_0248,megadescriptor_l_384,confirmatory_stratified_blind_review,rank_11_20__similarity_mid__quality_low__different_identity__admission_low,rank_11_20,similarity_mid,quality_low,different_identity,admission_low,phase18a_czechlynx_2210,phase18a_czechlynx_2473,outputs/final_freeze/lynx-wild/images/czechlynx_2210__p16e_042864.jpg,outputs/final_freeze/lynx-wild/images/czechlynx_2473__p16e_034770.jpg,no,13,0.57276756,0.699895,0.55,0.55,0.55,0.703367,0.096217,0.678689,0.672593,review,evaluation,,,,,,,,Phase18N confirmatory reviewability packet; labels are not identity labels.
phase18n_megadescriptor_l_384_blind_0249,megadescriptor_l_384,confirmatory_stratified_blind_review,rank_11_20__similarity_high__quality_low__different_identity__admission_low,rank_11_20,similarity_high,quality_low,different_identity,admission_low,phase18a_czechlynx_1353,phase18a_czechlynx_2258,outputs/final_freeze/lynx-wild/images/czechlynx_1353__p16e_042049.jpg,outputs/final_freeze/lynx-wild/images/czechlynx_2258__p16e_039781.jpg,no,13,0.68504345,0.889681,0.55,0.55,0.55,0.840006,0.238179,0.707534,0.77283,review,evaluation,,,,,,,,Phase18N confirmatory reviewability packet; labels are not identity labels.
phase18n_megadescriptor_l_384_blind_0250,megadescriptor_l_384,confirmatory_stratified_blind_review,rank_01__similarity_low__quality_low__same_identity__admission_low,rank_01,similarity_low,quality_low,same_identity,admission_low,phase18a_czechlynx_2923,phase18a_czechlynx_2938,outputs/final_freeze/lynx-wild/images/czechlynx_2923__p16e_024895.jpg,outputs/final_freeze/lynx-wild/images/czechlynx_2938__p16e_024888.jpg,yes,1,0.44584826,0.38434,0.55,0.55,0.55,0.856098,0.0,0.709141,0.507764,review,evaluation,,,,,,,,Phase18N confirmatory reviewability packet; labels are not identity labels.
phase18n_megadescriptor_l_384_blind_0251,megadescriptor_l_384,confirmatory_stratified_blind_review,rank_11_20__similarity_low__quality_low__different_identity__admission_mid,rank_11_20,similarity_low,quality_low,different_identity,admission_mid,phase18a_czechlynx_2238,phase18a_czechlynx_1621,outputs/final_freeze/lynx-wild/images/czechlynx_2238__p16e_044226.jpg,outputs/final_freeze/lynx-wild/images/czechlynx_1621__p16e_036183.jpg,no,18,0.50592959,0.551576,0.55,0.55,0.55,0.895505,0.0,0.736899,0.621999,review,evaluation,,,,,,,,Phase18N confirmatory reviewability packet; labels are not identity labels.
phase18n_megadescriptor_l_384_blind_0252,megadescriptor_l_384,confirmatory_stratified_blind_review,rank_02_05__similarity_low__quality_low__same_identity__admission_high,rank_02_05,similarity_low,quality_low,same_identity,admission_high,phase18a_czechlynx_1854,phase18a_czechlynx_1556,outputs/final_freeze/lynx-wild/images/czechlynx_1854__p16e_028460.jpg,outputs/final_freeze/lynx-wild/images/czechlynx_1556__p16e_028473.jpg,yes,2,0.48944557,0.507058,0.55,0.55,0.55,0.99876,0.0,0.761359,0.603693,review,evaluation,,,,,,,,Phase18N confirmatory reviewability packet; labels are not identity labels.
phase18n_megadescriptor_l_384_blind_0253,megadescriptor_l_384,confirmatory_stratified_blind_review,rank_02_05__similarity_mid__quality_low__different_identity__admission_low,rank_02_05,similarity_mid,quality_low,different_identity,admission_low,phase18a_czechlynx_2904,phase18a_czechlynx_2033,outputs/final_freeze/lynx-wild/images/czechlynx_2904__p16e_028878.jpg,outputs/final_freeze/lynx-wild/images/czechlynx_2033__p16e_044218.jpg,no,2,0.52871472,0.607793,0.55,0.55,0.55,0.691789,0.008167,0.683847,0.63506,review,evaluation,,,,,,,,Phase18N confirmatory reviewability packet; labels are not identity labels.
phase18n_megadescriptor_l_384_blind_0254,megadescriptor_l_384,confirmatory_stratified_blind_review,rank_01__similarity_mid__quality_low__same_identity__admission_mid,rank_01,similarity_mid,quality_low,same_identity,admission_mid,phase18a_czechlynx_2402,phase18a_czechlynx_2317,outputs/final_freeze/lynx-wild/images/czechlynx_2402__p16e_007828.jpg,outputs/final_freeze/lynx-wild/images/czechlynx_2317__p16e_007827.jpg,yes,1,0.57139373,0.697278,0.55,0.55,0.55,0.892273,0.027483,0.745068,0.709942,review,evaluation,,,,,,,,Phase18N confirmatory reviewability packet; labels are not identity labels.
phase18n_megadescriptor_l_384_blind_0255,megadescriptor_l_384,confirmatory_stratified_blind_review,rank_01__similarity_high__quality_low__same_identity__admission_low,rank_01,similarity_high,quality_low,same_identity,admission_low,phase18a_czechlynx_1434,phase18a_czechlynx_1433,outputs/final_freeze/lynx-wild/images/czechlynx_1434__p16e_044157.jpg,outputs/final_freeze/lynx-wild/images/czechlynx_1433__p16e_044158.jpg,yes,1,0.98297882,0.99965,0.391016,0.389941,0.389941,0.997253,0.39715,0.663541,0.792499,review,evaluation,,,,,,,,Phase18N confirmatory reviewability packet; labels are not identity labels.
phase18n_megadescriptor_l_384_blind_0256,megadescriptor_l_384,confirmatory_stratified_blind_review,rank_02_05__similarity_mid__quality_low__same_identity__admission_mid,rank_02_05,similarity_mid,quality_low,same_identity,admission_mid,phase18a_czechlynx_1492,phase18a_czechlynx_1609,outputs/final_freeze/lynx-wild/images/czechlynx_1492__p16e_028470.jpg,outputs/final_freeze/lynx-wild/images/czechlynx_1609__p16e_028482.jpg,yes,2,0.6376673,0.820297,0.55,0.55,0.55,0.919174,0.141086,0.742181,0.762396,review,evaluation,,,,,,,,Phase18N confirmatory reviewability packet; labels are not identity labels.
phase18n_megadescriptor_l_384_blind_0257,megadescriptor_l_384,confirmatory_stratified_blind_review,rank_11_20__similarity_mid__quality_low__same_identity__admission_low,rank_11_20,similarity_mid,quality_low,same_identity,admission_low,phase18a_czechlynx_1324,phase18a_czechlynx_1587,outputs/final_freeze/lynx-wild/images/czechlynx_1324__p16e_028504.jpg,outputs/final_freeze/lynx-wild/images/czechlynx_1587__p16e_028517.jpg,yes,12,0.65524173,0.848831,0.55,0.55,0.55,0.877492,0.184209,0.724739,0.764834,review,evaluation,,,,,,,,Phase18N confirmatory reviewability packet; labels are not identity labels.
phase18n_megadescriptor_l_384_blind_0258,megadescriptor_l_384,confirmatory_stratified_blind_review,rank_02_05__similarity_mid__quality_low__different_identity__admission_low,rank_02_05,similarity_mid,quality_low,different_identity,admission_low,phase18a_czechlynx_2692,phase18a_czechlynx_2494,outputs/final_freeze/lynx-wild/images/czechlynx_2692__p16e_028820.jpg,outputs/final_freeze/lynx-wild/images/czechlynx_2494__p16e_021024.jpg,no,3,0.58172208,0.716545,0.55,0.55,0.55,0.762066,0.092322,0.697569,0.69087,review,evaluation,,,,,,,,Phase18N confirmatory reviewability packet; labels are not identity labels.
phase18n_megadescriptor_l_384_blind_0259,megadescriptor_l_384,confirmatory_stratified_blind_review,rank_02_05__similarity_high__quality_low__same_identity__admission_high,rank_02_05,similarity_high,quality_low,same_identity,admission_high,phase18a_czechlynx_1688,phase18a_czechlynx_1633,outputs/final_freeze/lynx-wild/images/czechlynx_1688__p16e_028252.jpg,outputs/final_freeze/lynx-wild/images/czechlynx_1633__p16e_028523.jpg,yes,4,0.6707831,0.871948,0.55,0.55,0.55,0.966868,0.176044,0.753709,0.791808,review,evaluation,,,,,,,,Phase18N confirmatory reviewability packet; labels are not identity labels.
phase18n_megadescriptor_l_384_blind_0260,megadescriptor_l_384,confirmatory_stratified_blind_review,rank_02_05__similarity_high__quality_low__different_identity__admission_mid,rank_02_05,similarity_high,quality_low,different_identity,admission_mid,phase18a_czechlynx_2044,phase18a_czechlynx_2096,outputs/final_freeze/lynx-wild/images/czechlynx_2044__p16e_043670.jpg,outputs/final_freeze/lynx-wild/images/czechlynx_2096__p16e_043693.jpg,no,2,0.74010462,0.935616,0.55,0.55,0.55,0.966165,0.239958,0.747096,0.815987,review,evaluation,,,,,,,,Phase18N confirmatory reviewability packet; labels are not identity labels.
phase18n_megadescriptor_l_384_blind_0261,megadescriptor_l_384,confirmatory_stratified_blind_review,rank_01__similarity_low__quality_low__same_identity__admission_mid,rank_01,similarity_low,quality_low,same_identity,admission_mid,phase18a_czechlynx_2935,phase18a_czechlynx_2846,outputs/final_freeze/lynx-wild/images/czechlynx_2935__p16e_036194.jpg,outputs/final_freeze/lynx-wild/images/czechlynx_2846__p16e_036195.jpg,yes,1,0.4473173,0.38859,0.55,0.55,0.55,0.942882,0.0,0.733866,0.519795,review,evaluation,,,,,,,,Phase18N confirmatory reviewability packet; labels are not identity labels.
phase18n_megadescriptor_l_384_blind_0262,megadescriptor_l_384,confirmatory_stratified_blind_review,rank_11_20__similarity_high__quality_low__same_identity__admission_high,rank_11_20,similarity_high,quality_low,same_identity,admission_high,phase18a_czechlynx_1844,phase18a_czechlynx_1530,outputs/final_freeze/lynx-wild/images/czechlynx_1844__p16e_028324.jpg,outputs/final_freeze/lynx-wild/images/czechlynx_1530__p16e_028318.jpg,yes,14,0.89756995,0.986966,0.55,0.55,0.55,0.997279,0.280419,0.752851,0.841919,review,evaluation,,,,,,,,Phase18N confirmatory reviewability packet; labels are not identity labels.
phase18n_megadescriptor_l_384_blind_0263,megadescriptor_l_384,confirmatory_stratified_blind_review,rank_11_20__similarity_high__quality_low__different_identity__admission_high,rank_11_20,similarity_high,quality_low,different_identity,admission_high,phase18a_czechlynx_2420,phase18a_czechlynx_2208,outputs/final_freeze/lynx-wild/images/czechlynx_2420__p16e_042171.jpg,outputs/final_freeze/lynx-wild/images/czechlynx_2208__p16e_040441.jpg,no,20,0.67265064,0.874348,0.55,0.55,0.55,0.969422,0.17755,0.754363,0.793244,review,evaluation,,,,,,,,Phase18N confirmatory reviewability packet; labels are not identity labels.
phase18n_megadescriptor_l_384_blind_0264,megadescriptor_l_384,confirmatory_stratified_blind_review,rank_01__similarity_high__quality_low__different_identity__admission_mid,rank_01,similarity_high,quality_low,different_identity,admission_mid,phase18a_czechlynx_1745,phase18a_czechlynx_1821,outputs/final_freeze/lynx-wild/images/czechlynx_1745__p16e_037603.jpg,outputs/final_freeze/lynx-wild/images/czechlynx_1821__p16e_040722.jpg,no,1,0.69507086,0.900298,0.55,0.55,0.55,0.942173,0.213038,0.742231,0.797625,review,evaluation,,,,,,,,Phase18N confirmatory reviewability packet; labels are not identity labels.
phase18n_megadescriptor_l_384_blind_0265,megadescriptor_l_384,confirmatory_stratified_blind_review,rank_11_20__similarity_low__quality_low__same_identity__admission_mid,rank_11_20,similarity_low,quality_low,same_identity,admission_mid,phase18a_czechlynx_1852,phase18a_czechlynx_1619,outputs/final_freeze/lynx-wild/images/czechlynx_1852__p16e_028146.jpg,outputs/final_freeze/lynx-wild/images/czechlynx_1619__p16e_028365.jpg,yes,20,0.49760765,0.528859,0.55,0.55,0.55,0.907503,0.0,0.737987,0.608328,review,evaluation,,,,,,,,Phase18N confirmatory reviewability packet; labels are not identity labels.
phase18n_megadescriptor_l_384_blind_0266,megadescriptor_l_384,confirmatory_stratified_blind_review,rank_11_20__similarity_high__quality_low__same_identity__admission_high,rank_11_20,similarity_high,quality_low,same_identity,admission_high,phase18a_czechlynx_1807,phase18a_czechlynx_1779,outputs/final_freeze/lynx-wild/images/czechlynx_1807__p16e_028350.jpg,outputs/final_freeze/lynx-wild/images/czechlynx_1779__p16e_028348.jpg,yes,13,0.89817667,0.987033,0.55,0.55,0.55,0.999446,0.279727,0.753603,0.842384,review,evaluation,,,,,,,,Phase18N confirmatory reviewability packet; labels are not identity labels.
phase18n_megadescriptor_l_384_blind_0267,megadescriptor_l_384,confirmatory_stratified_blind_review,rank_01__similarity_high__quality_low__same_identity__admission_mid,rank_01,similarity_high,quality_low,same_identity,admission_mid,phase18a_czechlynx_1618,phase18a_czechlynx_1562,outputs/final_freeze/lynx-wild/images/czechlynx_1618__p16e_028524.jpg,outputs/final_freeze/lynx-wild/images/czechlynx_1562__p16e_028527.jpg,yes,1,0.8785848,0.9822,0.55,0.55,0.55,0.988511,0.278721,0.750259,0.838318,review,evaluation,,,,,,,,Phase18N confirmatory reviewability packet; labels are not identity labels.
phase18n_megadescriptor_l_384_blind_0268,megadescriptor_l_384,confirmatory_stratified_blind_review,rank_06_10__similarity_mid__quality_low__different_identity__admission_high,rank_06_10,similarity_mid,quality_low,different_identity,admission_high,phase18a_czechlynx_2803,phase18a_czechlynx_2831,outputs/final_freeze/lynx-wild/images/czechlynx_2803__p16e_043467.jpg,outputs/final_freeze/lynx-wild/images/czechlynx_2831__p16e_044587.jpg,no,6,0.60958409,0.769296,0.55,0.55,0.55,0.942498,0.081922,0.755445,0.747648,review,evaluation,,,,,,,,Phase18N confirmatory reviewability packet; labels are not identity labels.
phase18n_megadescriptor_l_384_blind_0269,megadescriptor_l_384,confirmatory_stratified_blind_review,rank_06_10__similarity_high__quality_low__same_identity__admission_low,rank_06_10,similarity_high,quality_low,same_identity,admission_low,phase18a_czechlynx_1548,phase18a_czechlynx_2126,outputs/final_freeze/lynx-wild/images/czechlynx_1548__p16e_028405.jpg,outputs/final_freeze/lynx-wild/images/czechlynx_2126__p16e_028327.jpg,yes,6,0.67183459,0.873431,0.55,0.55,0.55,0.863368,0.213752,0.717336,0.771365,review,evaluation,,,,,,,,Phase18N confirmatory reviewability packet; labels are not identity labels.
phase18n_megadescriptor_l_384_blind_0270,megadescriptor_l_384,confirmatory_stratified_blind_review,rank_02_05__similarity_mid__quality_low__different_identity__admission_low,rank_02_05,similarity_mid,quality_low,different_identity,admission_low,phase18a_czechlynx_1879,phase18a_czechlynx_2238,outputs/final_freeze/lynx-wild/images/czechlynx_1879__p16e_044205.jpg,outputs/final_freeze/lynx-wild/images/czechlynx_2238__p16e_044226.jpg,no,4,0.56537431,0.684945,0.55,0.55,0.55,0.846283,0.031246,0.730205,0.695894,review,evaluation,,,,,,,,Phase18N confirmatory reviewability packet; labels are not identity labels.
phase18n_megadescriptor_l_384_blind_0271,megadescriptor_l_384,confirmatory_stratified_blind_review,rank_06_10__similarity_low__quality_low__same_identity__admission_low,rank_06_10,similarity_low,quality_low,same_identity,admission_low,phase18a_czechlynx_1687,phase18a_czechlynx_1287,outputs/final_freeze/lynx-wild/images/czechlynx_1687__p16e_028447.jpg,outputs/final_freeze/lynx-wild/images/czechlynx_1287__p16e_028549.jpg,yes,6,0.47610539,0.469758,0.55,0.55,0.55,0.849955,0.0,0.715963,0.563316,review,evaluation,,,,,,,,Phase18N confirmatory reviewability packet; labels are not identity labels.
phase18n_megadescriptor_l_384_blind_0272,megadescriptor_l_384,confirmatory_stratified_blind_review,rank_06_10__similarity_mid__quality_low__different_identity__admission_low,rank_06_10,similarity_mid,quality_low,different_identity,admission_low,phase18a_czechlynx_1374,phase18a_czechlynx_1938,outputs/final_freeze/lynx-wild/images/czechlynx_1374__p16e_033046.jpg,outputs/final_freeze/lynx-wild/images/czechlynx_1938__p16e_031339.jpg,no,7,0.585585,0.724479,0.368457,0.472656,0.368457,0.877442,0.177877,0.637308,0.655778,review,evaluation,,,,,,,,Phase18N confirmatory reviewability packet; labels are not identity labels.
phase18n_megadescriptor_l_384_blind_0273,megadescriptor_l_384,confirmatory_stratified_blind_review,rank_11_20__similarity_low__quality_low__same_identity__admission_mid,rank_11_20,similarity_low,quality_low,same_identity,admission_mid,phase18a_czechlynx_1556,phase18a_czechlynx_1622,outputs/final_freeze/lynx-wild/images/czechlynx_1556__p16e_028473.jpg,outputs/final_freeze/lynx-wild/images/czechlynx_1622__p16e_028263.jpg,yes,18,0.47860819,0.477408,0.55,0.55,0.55,0.946415,0.0,0.743737,0.578613,review,evaluation,,,,,,,,Phase18N confirmatory reviewability packet; labels are not identity labels.
phase18n_megadescriptor_l_384_blind_0274,megadescriptor_l_384,confirmatory_stratified_blind_review,rank_11_20__similarity_low__quality_low__different_identity__admission_high,rank_11_20,similarity_low,quality_low,different_identity,admission_high,phase18a_czechlynx_2983,phase18a_czechlynx_2315,outputs/final_freeze/lynx-wild/images/czechlynx_2983__p16e_044398.jpg,outputs/final_freeze/lynx-wild/images/czechlynx_2315__p16e_037215.jpg,no,15,0.47235537,0.458891,0.55,0.55,0.55,0.995,0.0,0.755489,0.571598,review,evaluation,,,,,,,,Phase18N confirmatory reviewability packet; labels are not identity labels.
phase18n_megadescriptor_l_384_blind_0275,megadescriptor_l_384,confirmatory_stratified_blind_review,rank_01__similarity_low__quality_low__different_identity__admission_low,rank_01,similarity_low,quality_low,different_identity,admission_low,phase18a_czechlynx_2509,phase18a_czechlynx_1498,outputs/final_freeze/lynx-wild/images/czechlynx_2509__p16e_044839.jpg,outputs/final_freeze/lynx-wild/images/czechlynx_1498__p16e_042521.jpg,no,1,0.47066048,0.453858,0.55,0.55,0.55,0.870909,0.0,0.72024,0.555083,review,evaluation,,,,,,,,Phase18N confirmatory reviewability packet; labels are not identity labels.
phase18n_megadescriptor_l_384_blind_0276,megadescriptor_l_384,confirmatory_stratified_blind_review,rank_01__similarity_high__quality_low__same_identity__admission_high,rank_01,similarity_high,quality_low,same_identity,admission_high,phase18a_czechlynx_1763,phase18a_czechlynx_1704,outputs/final_freeze/lynx-wild/images/czechlynx_1763__p16e_028330.jpg,outputs/final_freeze/lynx-wild/images/czechlynx_1704__p16e_028331.jpg,yes,1,0.98656905,0.999867,0.55,0.55,0.55,1.0,0.292367,0.752513,0.847399,review,evaluation,,,,,,,,Phase18N confirmatory reviewability packet; labels are not identity labels.
phase18n_megadescriptor_l_384_blind_0277,megadescriptor_l_384,confirmatory_stratified_blind_review,rank_11_20__similarity_mid__quality_low__same_identity__admission_mid,rank_11_20,similarity_mid,quality_low,same_identity,admission_mid,phase18a_czechlynx_1352,phase18a_czechlynx_2069,outputs/final_freeze/lynx-wild/images/czechlynx_1352__p16e_028242.jpg,outputs/final_freeze/lynx-wild/images/czechlynx_2069__p16e_028315.jpg,yes,16,0.57430363,0.702628,0.55,0.55,0.55,0.888657,0.034098,0.743267,0.711251,review,evaluation,,,,,,,,Phase18N confirmatory reviewability packet; labels are not identity labels.
phase18n_megadescriptor_l_384_blind_0278,megadescriptor_l_384,confirmatory_stratified_blind_review,rank_11_20__similarity_high__quality_low__same_identity__admission_low,rank_11_20,similarity_high,quality_low,same_identity,admission_low,phase18a_czechlynx_1471,phase18a_czechlynx_1723,outputs/final_freeze/lynx-wild/images/czechlynx_1471__p16e_028378.jpg,outputs/final_freeze/lynx-wild/images/czechlynx_1723__p16e_028360.jpg,yes,17,0.82155323,0.969883,0.55,0.55,0.55,0.927811,0.287649,0.730246,0.821291,review,evaluation,,,,,,,,Phase18N confirmatory reviewability packet; labels are not identity labels.
phase18n_megadescriptor_l_384_blind_0279,megadescriptor_l_384,confirmatory_stratified_blind_review,rank_11_20__similarity_high__quality_low__same_identity__admission_high,rank_11_20,similarity_high,quality_low,same_identity,admission_high,phase18a_czechlynx_1652,phase18a_czechlynx_1814,outputs/final_freeze/lynx-wild/images/czechlynx_1652__p16e_028195.jpg,outputs/final_freeze/lynx-wild/images/czechlynx_1814__p16e_028197.jpg,yes,11,0.72267044,0.923849,0.55,0.55,0.55,0.990729,0.219594,0.75687,0.816478,review,evaluation,,,,,,,,Phase18N confirmatory reviewability packet; labels are not identity labels.
phase18n_megadescriptor_l_384_blind_0280,megadescriptor_l_384,confirmatory_stratified_blind_review,rank_11_20__similarity_low__quality_low__different_identity__admission_mid,rank_11_20,similarity_low,quality_low,different_identity,admission_mid,phase18a_czechlynx_1978,phase18a_czechlynx_2279,outputs/final_freeze/lynx-wild/images/czechlynx_1978__p16e_024500.jpg,outputs/final_freeze/lynx-wild/images/czechlynx_2279__p16e_020440.jpg,no,16,0.51897788,0.584193,0.55,0.55,0.55,0.881524,0.0,0.736246,0.641973,review,evaluation,,,,,,,,Phase18N confirmatory reviewability packet; labels are not identity labels.
phase18n_megadescriptor_l_384_blind_0281,megadescriptor_l_384,confirmatory_stratified_blind_review,rank_01__similarity_high__quality_low__same_identity__admission_mid,rank_01,similarity_high,quality_low,same_identity,admission_mid,phase18a_czechlynx_2434,phase18a_czechlynx_2436,outputs/final_freeze/lynx-wild/images/czechlynx_2434__p16e_008665.jpg,outputs/final_freeze/lynx-wild/images/czechlynx_2436__p16e_008668.jpg,yes,1,0.77823186,0.955599,0.55,0.55,0.55,0.944947,0.267368,0.737671,0.819313,review,evaluation,,,,,,,,Phase18N confirmatory reviewability packet; labels are not identity labels.
phase18n_megadescriptor_l_384_blind_0282,megadescriptor_l_384,confirmatory_stratified_blind_review,rank_06_10__similarity_high__quality_low__same_identity__admission_mid,rank_06_10,similarity_high,quality_low,same_identity,admission_mid,phase18a_czechlynx_1628,phase18a_czechlynx_1789,outputs/final_freeze/lynx-wild/images/czechlynx_1628__p16e_028375.jpg,outputs/final_freeze/lynx-wild/images/czechlynx_1789__p16e_028399.jpg,yes,8,0.67907238,0.882515,0.55,0.55,0.55,0.931078,0.199137,0.740126,0.78858,review,evaluation,,,,,,,,Phase18N confirmatory reviewability packet; labels are not identity labels.
phase18n_megadescriptor_l_384_blind_0283,megadescriptor_l_384,confirmatory_stratified_blind_review,rank_11_20__similarity_high__quality_low__different_identity__admission_low,rank_11_20,similarity_high,quality_low,different_identity,admission_low,phase18a_czechlynx_2596,phase18a_czechlynx_1766,outputs/final_freeze/lynx-wild/images/czechlynx_2596__p16e_045632.jpg,outputs/final_freeze/lynx-wild/images/czechlynx_1766__p16e_044740.jpg,no,20,0.76270312,0.948532,0.55,0.55,0.55,0.841036,0.29667,0.702009,0.79552,review,evaluation,,,,,,,,Phase18N confirmatory reviewability packet; labels are not identity labels.
phase18n_megadescriptor_l_384_blind_0284,megadescriptor_l_384,confirmatory_stratified_blind_review,rank_06_10__similarity_mid__quality_low__same_identity__admission_high,rank_06_10,similarity_mid,quality_low,same_identity,admission_high,phase18a_czechlynx_1462,phase18a_czechlynx_1473,outputs/final_freeze/lynx-wild/images/czechlynx_1462__p16e_028322.jpg,outputs/final_freeze/lynx-wild/images/czechlynx_1473__p16e_028281.jpg,yes,8,0.64755875,0.836664,0.55,0.55,0.55,0.98152,0.135632,0.762366,0.781304,review,evaluation,,,,,,,,Phase18N confirmatory reviewability packet; labels are not identity labels.
phase18n_megadescriptor_l_384_blind_0285,megadescriptor_l_384,confirmatory_stratified_blind_review,rank_06_10__similarity_low__quality_low__different_identity__admission_high,rank_06_10,similarity_low,quality_low,different_identity,admission_high,phase18a_czechlynx_2680,phase18a_czechlynx_2629,outputs/final_freeze/lynx-wild/images/czechlynx_2680__p16e_039778.jpg,outputs/final_freeze/lynx-wild/images/czechlynx_2629__p16e_039783.jpg,no,9,0.51077002,0.563743,0.55,0.55,0.55,0.952174,0.0,0.753983,0.636034,review,evaluation,,,,,,,,Phase18N confirmatory reviewability packet; labels are not identity labels.
phase18n_megadescriptor_l_384_blind_0286,megadescriptor_l_384,confirmatory_stratified_blind_review,rank_01__similarity_mid__quality_low__same_identity__admission_high,rank_01,similarity_mid,quality_low,same_identity,admission_high,phase18a_czechlynx_2855,phase18a_czechlynx_1498,outputs/final_freeze/lynx-wild/images/czechlynx_2855__p16e_042526.jpg,outputs/final_freeze/lynx-wild/images/czechlynx_1498__p16e_042521.jpg,yes,1,0.56449139,0.683245,0.55,0.55,0.55,0.997741,0.0,0.778692,0.719515,review,evaluation,,,,,,,,Phase18N confirmatory reviewability packet; labels are not identity labels.
phase18n_megadescriptor_l_384_blind_0287,megadescriptor_l_384,confirmatory_stratified_blind_review,rank_11_20__similarity_high__quality_low__different_identity__admission_mid,rank_11_20,similarity_high,quality_low,different_identity,admission_mid,phase18a_czechlynx_2420,phase18a_czechlynx_2130,outputs/final_freeze/lynx-wild/images/czechlynx_2420__p16e_042171.jpg,outputs/final_freeze/lynx-wild/images/czechlynx_2130__p16e_045596.jpg,no,12,0.7112574,0.915332,0.55,0.55,0.55,0.924446,0.234276,0.734523,0.799769,review,evaluation,,,,,,,,Phase18N confirmatory reviewability packet; labels are not identity labels.
phase18n_megadescriptor_l_384_blind_0288,megadescriptor_l_384,confirmatory_stratified_blind_review,rank_06_10__similarity_high__quality_low__same_identity__admission_high,rank_06_10,similarity_high,quality_low,same_identity,admission_high,phase18a_czechlynx_1542,phase18a_czechlynx_1829,outputs/final_freeze/lynx-wild/images/czechlynx_1542__p16e_028406.jpg,outputs/final_freeze/lynx-wild/images/czechlynx_1829__p16e_028400.jpg,yes,8,0.70405602,0.908665,0.55,0.55,0.55,0.99816,0.201809,0.76099,0.812187,review,evaluation,,,,,,,,Phase18N confirmatory reviewability packet; labels are not identity labels.
phase18n_megadescriptor_l_384_blind_0289,megadescriptor_l_384,confirmatory_stratified_blind_review,rank_11_20__similarity_mid__quality_low__different_identity__admission_high,rank_11_20,similarity_mid,quality_low,different_identity,admission_high,phase18a_czechlynx_2727,phase18a_czechlynx_1914,outputs/final_freeze/lynx-wild/images/czechlynx_2727__p16e_042909.jpg,outputs/final_freeze/lynx-wild/images/czechlynx_1914__p16e_037611.jpg,no,13,0.56495774,0.684095,0.55,0.55,0.55,0.9237,0.0033,0.757385,0.711285,review,evaluation,,,,,,,,Phase18N confirmatory reviewability packet; labels are not identity labels.
phase18n_megadescriptor_l_384_blind_0290,megadescriptor_l_384,confirmatory_stratified_blind_review,rank_02_05__similarity_high__quality_low__different_identity__admission_low,rank_02_05,similarity_high,quality_low,different_identity,admission_low,phase18a_czechlynx_2131,phase18a_czechlynx_1533,outputs/final_freeze/lynx-wild/images/czechlynx_2131__p16e_045629.jpg,outputs/final_freeze/lynx-wild/images/czechlynx_1533__p16e_037116.jpg,no,3,0.71075654,0.914815,0.55,0.55,0.55,0.851243,0.25938,0.708954,0.784712,review,evaluation,,,,,,,,Phase18N confirmatory reviewability packet; labels are not identity labels.
phase18n_megadescriptor_l_384_blind_0291,megadescriptor_l_384,confirmatory_stratified_blind_review,rank_11_20__similarity_mid__quality_low__same_identity__admission_high,rank_11_20,similarity_mid,quality_low,same_identity,admission_high,phase18a_czechlynx_1602,phase18a_czechlynx_1456,outputs/final_freeze/lynx-wild/images/czechlynx_1602__p16e_028363.jpg,outputs/final_freeze/lynx-wild/images/czechlynx_1456__p16e_028437.jpg,yes,14,0.53709698,0.627177,0.55,0.55,0.55,0.971642,0.0,0.765777,0.679845,review,evaluation,,,,,,,,Phase18N confirmatory reviewability packet; labels are not identity labels.
phase18n_megadescriptor_l_384_blind_0292,megadescriptor_l_384,confirmatory_stratified_blind_review,rank_02_05__similarity_mid__quality_low__same_identity__admission_low,rank_02_05,similarity_mid,quality_low,same_identity,admission_low,phase18a_czechlynx_2484,phase18a_czechlynx_1706,outputs/final_freeze/lynx-wild/images/czechlynx_2484__p16e_044849.jpg,outputs/final_freeze/lynx-wild/images/czechlynx_1706__p16e_044844.jpg,yes,4,0.55418086,0.661628,0.55,0.55,0.55,0.703596,0.057869,0.682596,0.658022,review,evaluation,,,,,,,,Phase18N confirmatory reviewability packet; labels are not identity labels.
phase18n_megadescriptor_l_384_blind_0293,megadescriptor_l_384,confirmatory_stratified_blind_review,rank_11_20__similarity_low__quality_low__different_identity__admission_high,rank_11_20,similarity_low,quality_low,different_identity,admission_high,phase18a_czechlynx_1879,phase18a_czechlynx_2602,outputs/final_freeze/lynx-wild/images/czechlynx_1879__p16e_044205.jpg,outputs/final_freeze/lynx-wild/images/czechlynx_2602__p16e_032538.jpg,no,19,0.49625605,0.525409,0.55,0.55,0.55,0.971497,0.0,0.75556,0.612866,review,evaluation,,,,,,,,Phase18N confirmatory reviewability packet; labels are not identity labels.
phase18n_megadescriptor_l_384_blind_0294,megadescriptor_l_384,confirmatory_stratified_blind_review,rank_06_10__similarity_mid__quality_low__same_identity__admission_high,rank_06_10,similarity_mid,quality_low,same_identity,admission_high,phase18a_czechlynx_2215,phase18a_czechlynx_1769,outputs/final_freeze/lynx-wild/images/czechlynx_2215__p16e_028192.jpg,outputs/final_freeze/lynx-wild/images/czechlynx_1769__p16e_028464.jpg,yes,6,0.59384966,0.740012,0.55,0.55,0.55,0.970929,0.042687,0.768324,0.742233,review,evaluation,,,,,,,,Phase18N confirmatory reviewability packet; labels are not identity labels.
phase18n_megadescriptor_l_384_blind_0295,megadescriptor_l_384,confirmatory_stratified_blind_review,rank_01__similarity_mid__quality_low__same_identity__admission_mid,rank_01,similarity_mid,quality_low,same_identity,admission_mid,phase18a_czechlynx_1605,phase18a_czechlynx_1858,outputs/final_freeze/lynx-wild/images/czechlynx_1605__p16e_028246.jpg,outputs/final_freeze/lynx-wild/images/czechlynx_1858__p16e_028456.jpg,yes,1,0.59803885,0.748446,0.55,0.55,0.55,0.876902,0.08403,0.734571,0.726367,review,evaluation,,,,,,,,Phase18N confirmatory reviewability packet; labels are not identity labels.
phase18n_megadescriptor_l_384_blind_0296,megadescriptor_l_384,confirmatory_stratified_blind_review,rank_02_05__similarity_high__quality_low__same_identity__admission_low,rank_02_05,similarity_high,quality_low,same_identity,admission_low,phase18a_czechlynx_2247,phase18a_czechlynx_1352,outputs/final_freeze/lynx-wild/images/czechlynx_2247__p16e_028198.jpg,outputs/final_freeze/lynx-wild/images/czechlynx_1352__p16e_028242.jpg,yes,5,0.67111433,0.872415,0.55,0.55,0.55,0.863796,0.212586,0.717587,0.771063,review,evaluation,,,,,,,,Phase18N confirmatory reviewability packet; labels are not identity labels.
phase18n_megadescriptor_l_384_blind_0297,megadescriptor_l_384,confirmatory_stratified_blind_review,rank_11_20__similarity_high__quality_low__same_identity__admission_low,rank_11_20,similarity_high,quality_low,same_identity,admission_low,phase18a_czechlynx_1398,phase18a_czechlynx_1587,outputs/final_freeze/lynx-wild/images/czechlynx_1398__p16e_028505.jpg,outputs/final_freeze/lynx-wild/images/czechlynx_1587__p16e_028517.jpg,yes,11,0.69909495,0.903882,0.55,0.55,0.55,0.889873,0.234926,0.723567,0.788377,review,evaluation,,,,,,,,Phase18N confirmatory reviewability packet; labels are not identity labels.
phase18n_megadescriptor_l_384_blind_0298,megadescriptor_l_384,confirmatory_stratified_blind_review,rank_06_10__similarity_low__quality_low__different_identity__admission_low,rank_06_10,similarity_low,quality_low,different_identity,admission_low,phase18a_czechlynx_1988,phase18a_czechlynx_2270,outputs/final_freeze/lynx-wild/images/czechlynx_1988__p16e_028811.jpg,outputs/final_freeze/lynx-wild/images/czechlynx_2270__p16e_019233.jpg,no,7,0.29871023,0.085685,0.55,0.55,0.55,0.97999,0.0,0.713966,0.324432,review,evaluation,,,,,,,,Phase18N confirmatory reviewability packet; labels are not identity labels.
phase18n_megadescriptor_l_384_blind_0299,megadescriptor_l_384,confirmatory_stratified_blind_review,rank_06_10__similarity_high__quality_low__same_identity__admission_low,rank_06_10,similarity_high,quality_low,same_identity,admission_low,phase18a_czechlynx_1909,phase18a_czechlynx_1638,outputs/final_freeze/lynx-wild/images/czechlynx_1909__p16e_028285.jpg,outputs/final_freeze/lynx-wild/images/czechlynx_1638__p16e_028377.jpg,yes,7,0.70304912,0.908015,0.55,0.55,0.55,0.910822,0.231727,0.730486,0.794209,review,evaluation,,,,,,,,Phase18N confirmatory reviewability packet; labels are not identity labels.
phase18n_megadescriptor_l_384_blind_0300,megadescriptor_l_384,confirmatory_stratified_blind_review,rank_02_05__similarity_low__quality_low__same_identity__admission_mid,rank_02_05,similarity_low,quality_low,same_identity,admission_mid,phase18a_czechlynx_1854,phase18a_czechlynx_1863,outputs/final_freeze/lynx-wild/images/czechlynx_1854__p16e_028460.jpg,outputs/final_freeze/lynx-wild/images/czechlynx_1863__p16e_028488.jpg,yes,5,0.43947193,0.367356,0.55,0.55,0.55,0.993251,0.0,0.745846,0.511182,review,evaluation,,,,,,,,Phase18N confirmatory reviewability packet; labels are not identity labels.
phase18n_megadescriptor_l_384_blind_0301,megadescriptor_l_384,confirmatory_stratified_blind_review,rank_06_10__similarity_high__quality_low__different_identity__admission_low,rank_06_10,similarity_high,quality_low,different_identity,admission_low,phase18a_czechlynx_1353,phase18a_czechlynx_2596,outputs/final_freeze/lynx-wild/images/czechlynx_1353__p16e_042049.jpg,outputs/final_freeze/lynx-wild/images/czechlynx_2596__p16e_045632.jpg,no,6,0.71398228,0.917549,0.55,0.55,0.55,0.77627,0.288354,0.68244,0.770537,review,evaluation,,,,,,,,Phase18N confirmatory reviewability packet; labels are not identity labels.
phase18n_megadescriptor_l_384_blind_0302,megadescriptor_l_384,confirmatory_stratified_blind_review,rank_02_05__similarity_mid__quality_low__same_identity__admission_mid,rank_02_05,similarity_mid,quality_low,same_identity,admission_mid,phase18a_czechlynx_1602,phase18a_czechlynx_1591,outputs/final_freeze/lynx-wild/images/czechlynx_1602__p16e_028363.jpg,outputs/final_freeze/lynx-wild/images/czechlynx_1591__p16e_028364.jpg,yes,3,0.64658427,0.835264,0.55,0.55,0.55,0.926816,0.153378,0.743359,0.769664,review,evaluation,,,,,,,,Phase18N confirmatory reviewability packet; labels are not identity labels.
phase18n_megadescriptor_l_384_blind_0303,megadescriptor_l_384,confirmatory_stratified_blind_review,rank_11_20__similarity_low__quality_low__different_identity__admission_low,rank_11_20,similarity_low,quality_low,different_identity,admission_low,phase18a_czechlynx_2918,phase18a_czechlynx_1576,outputs/final_freeze/lynx-wild/images/czechlynx_2918__p16e_006844.jpg,outputs/final_freeze/lynx-wild/images/czechlynx_1576__p16e_045910.jpg,no,15,0.31708682,0.109335,0.55,0.55,0.55,0.72529,0.0,0.645015,0.312893,review,evaluation,,,,,,,,Phase18N confirmatory reviewability packet; labels are not identity labels.
phase18n_megadescriptor_l_384_blind_0304,megadescriptor_l_384,confirmatory_stratified_blind_review,rank_11_20__similarity_mid__quality_low__different_identity__admission_low,rank_11_20,similarity_mid,quality_low,different_identity,admission_low,phase18a_czechlynx_1479,phase18a_czechlynx_1560,outputs/final_freeze/lynx-wild/images/czechlynx_1479__p16e_033045.jpg,outputs/final_freeze/lynx-wild/images/czechlynx_1560__p16e_038051.jpg,no,12,0.53977281,0.632711,0.385645,0.55,0.385645,0.756599,0.117232,0.613643,0.602018,review,evaluation,,,,,,,,Phase18N confirmatory reviewability packet; labels are not identity labels.
phase18n_megadescriptor_l_384_blind_0305,megadescriptor_l_384,confirmatory_stratified_blind_review,rank_01__similarity_high__quality_low__same_identity__admission_low,rank_01,similarity_high,quality_low,same_identity,admission_low,phase18a_czechlynx_1280,phase18a_czechlynx_1355,outputs/final_freeze/lynx-wild/images/czechlynx_1280__p16e_028453.jpg,outputs/final_freeze/lynx-wild/images/czechlynx_1355__p16e_028515.jpg,yes,1,0.78106183,0.956983,0.55,0.55,0.55,0.899338,0.284714,0.72157,0.810583,review,evaluation,,,,,,,,Phase18N confirmatory reviewability packet; labels are not identity labels.
phase18n_megadescriptor_l_384_blind_0306,megadescriptor_l_384,confirmatory_stratified_blind_review,rank_06_10__similarity_mid__quality_low__same_identity__admission_mid,rank_06_10,similarity_mid,quality_low,same_identity,admission_mid,phase18a_czechlynx_1833,phase18a_czechlynx_1669,outputs/final_freeze/lynx-wild/images/czechlynx_1833__p16e_028145.jpg,outputs/final_freeze/lynx-wild/images/czechlynx_1669__p16e_028467.jpg,yes,6,0.58366871,0.720462,0.55,0.55,0.55,0.867222,0.059434,0.733982,0.713713,review,evaluation,,,,,,,,Phase18N confirmatory reviewability packet; labels are not identity labels.
phase18n_megadescriptor_l_384_blind_0307,megadescriptor_l_384,confirmatory_stratified_blind_review,rank_02_05__similarity_high__quality_low__different_identity__admission_mid,rank_02_05,similarity_high,quality_low,different_identity,admission_mid,phase18a_czechlynx_2259,phase18a_czechlynx_1603,outputs/final_freeze/lynx-wild/images/czechlynx_2259__p16e_042179.jpg,outputs/final_freeze/lynx-wild/images/czechlynx_1603__p16e_045150.jpg,no,3,0.76290298,0.948616,0.55,0.55,0.55,0.965956,0.253031,0.745723,0.82091,review,evaluation,,,,,,,,Phase18N confirmatory reviewability packet; labels are not identity labels.
phase18n_megadescriptor_l_384_blind_0308,megadescriptor_l_384,confirmatory_stratified_blind_review,rank_06_10__similarity_mid__quality_low__different_identity__admission_low,rank_06_10,similarity_mid,quality_low,different_identity,admission_low,phase18a_czechlynx_2982,phase18a_czechlynx_2889,outputs/final_freeze/lynx-wild/images/czechlynx_2982__p16e_030718.jpg,outputs/final_freeze/lynx-wild/images/czechlynx_2889__p16e_016006.jpg,no,6,0.53458422,0.621477,0.55,0.55,0.55,0.762371,0.0,0.706612,0.653828,review,evaluation,,,,,,,,Phase18N confirmatory reviewability packet; labels are not identity labels.
phase18n_megadescriptor_l_384_blind_0309,megadescriptor_l_384,confirmatory_stratified_blind_review,rank_01__similarity_high__quality_low__same_identity__admission_mid,rank_01,similarity_high,quality_low,same_identity,admission_mid,phase18a_czechlynx_1764,phase18a_czechlynx_1519,outputs/final_freeze/lynx-wild/images/czechlynx_1764__p16e_028337.jpg,outputs/final_freeze/lynx-wild/images/czechlynx_1519__p16e_028336.jpg,yes,1,0.9398604,0.9958,0.55,0.55,0.55,0.997185,0.289285,0.751935,0.845274,review,evaluation,,,,,,,,Phase18N confirmatory reviewability packet; labels are not identity labels.
phase18n_megadescriptor_l_384_blind_0310,megadescriptor_l_384,confirmatory_stratified_blind_review,rank_01__similarity_mid__quality_low__same_identity__admission_high,rank_01,similarity_mid,quality_low,same_identity,admission_high,phase18a_czechlynx_1416,phase18a_czechlynx_1805,outputs/final_freeze/lynx-wild/images/czechlynx_1416__p16e_028412.jpg,outputs/final_freeze/lynx-wild/images/czechlynx_1805__p16e_028370.jpg,yes,1,0.636186,0.81733,0.55,0.55,0.55,0.981762,0.116214,0.764384,0.773968,review,evaluation,,,,,,,,Phase18N confirmatory reviewability packet; labels are not identity labels.
phase18n_megadescriptor_l_384_blind_0311,megadescriptor_l_384,confirmatory_stratified_blind_review,rank_01__similarity_mid__quality_low__different_identity__admission_high,rank_01,similarity_mid,quality_low,different_identity,admission_high,phase18a_czechlynx_2971,phase18a_czechlynx_2984,outputs/final_freeze/lynx-wild/images/czechlynx_2971__p16e_014122.jpg,outputs/final_freeze/lynx-wild/images/czechlynx_2984__p16e_019324.jpg,no,1,0.58225,0.717512,0.55,0.55,0.55,0.923335,0.036845,0.753916,0.723976,review,evaluation,,,,,,,,Phase18N confirmatory reviewability packet; labels are not identity labels.
phase18n_megadescriptor_l_384_blind_0312,megadescriptor_l_384,confirmatory_stratified_blind_review,rank_06_10__similarity_low__quality_low__same_identity__admission_mid,rank_06_10,similarity_low,quality_low,same_identity,admission_mid,phase18a_czechlynx_1794,phase18a_czechlynx_1602,outputs/final_freeze/lynx-wild/images/czechlynx_1794__p16e_028530.jpg,outputs/final_freeze/lynx-wild/images/czechlynx_1602__p16e_028363.jpg,yes,8,0.49761027,0.528875,0.55,0.55,0.55,0.90587,0.0,0.737531,0.608165,review,evaluation,,,,,,,,Phase18N confirmatory reviewability packet; labels are not identity labels.
phase18n_megadescriptor_l_384_blind_0313,megadescriptor_l_384,confirmatory_stratified_blind_review,rank_11_20__similarity_mid__quality_low__different_identity__admission_high,rank_11_20,similarity_mid,quality_low,different_identity,admission_high,phase18a_czechlynx_2238,phase18a_czechlynx_1540,outputs/final_freeze/lynx-wild/images/czechlynx_2238__p16e_044226.jpg,outputs/final_freeze/lynx-wild/images/czechlynx_1540__p16e_042771.jpg,no,13,0.52835619,0.606643,0.55,0.55,0.55,0.953087,0.0,0.758529,0.66436,review,evaluation,,,,,,,,Phase18N confirmatory reviewability packet; labels are not identity labels.
phase18n_megadescriptor_l_384_blind_0314,megadescriptor_l_384,confirmatory_stratified_blind_review,rank_02_05__similarity_mid__quality_low__different_identity__admission_low,rank_02_05,similarity_mid,quality_low,different_identity,admission_low,phase18a_czechlynx_1563,phase18a_czechlynx_1588,outputs/final_freeze/lynx-wild/images/czechlynx_1563__p16e_043393.jpg,outputs/final_freeze/lynx-wild/images/czechlynx_1588__p16e_040030.jpg,no,5,0.60163397,0.755196,0.55,0.55,0.55,0.598493,0.188223,0.636453,0.672429,review,evaluation,,,,,,,,Phase18N confirmatory reviewability packet; labels are not identity labels.
phase18n_megadescriptor_l_384_blind_0315,megadescriptor_l_384,confirmatory_stratified_blind_review,rank_02_05__similarity_high__quality_low__different_identity__admission_high,rank_02_05,similarity_high,quality_low,different_identity,admission_high,phase18a_czechlynx_2803,phase18a_czechlynx_2565,outputs/final_freeze/lynx-wild/images/czechlynx_2803__p16e_043467.jpg,outputs/final_freeze/lynx-wild/images/czechlynx_2565__p16e_036313.jpg,no,2,0.6708132,0.871981,0.55,0.55,0.55,0.974601,0.173371,0.756412,0.793391,review,evaluation,,,,,,,,Phase18N confirmatory reviewability packet; labels are not identity labels.
phase18n_megadescriptor_l_384_blind_0316,megadescriptor_l_384,confirmatory_stratified_blind_review,rank_02_05__similarity_low__quality_low__same_identity__admission_low,rank_02_05,similarity_low,quality_low,same_identity,admission_low,phase18a_czechlynx_2030,phase18a_czechlynx_1776,outputs/final_freeze/lynx-wild/images/czechlynx_2030__p16e_032529.jpg,outputs/final_freeze/lynx-wild/images/czechlynx_1776__p16e_032539.jpg,yes,5,0.40806362,0.285138,0.55,0.55,0.55,0.877583,0.0,0.705237,0.444776,review,evaluation,,,,,,,,Phase18N confirmatory reviewability packet; labels are not identity labels.
phase18n_megadescriptor_l_384_blind_0317,megadescriptor_l_384,confirmatory_stratified_blind_review,rank_11_20__similarity_mid__quality_low__same_identity__admission_low,rank_11_20,similarity_mid,quality_low,same_identity,admission_low,phase18a_czechlynx_1761,phase18a_czechlynx_1672,outputs/final_freeze/lynx-wild/images/czechlynx_1761__p16e_028442.jpg,outputs/final_freeze/lynx-wild/images/czechlynx_1672__p16e_028358.jpg,yes,17,0.52966511,0.61036,0.55,0.55,0.55,0.844982,0.0,0.728631,0.655303,review,evaluation,,,,,,,,Phase18N confirmatory reviewability packet; labels are not identity labels.
phase18n_megadescriptor_l_384_blind_0318,megadescriptor_l_384,confirmatory_stratified_blind_review,rank_02_05__similarity_low__quality_low__same_identity__admission_high,rank_02_05,similarity_low,quality_low,same_identity,admission_high,phase18a_czechlynx_2170,phase18a_czechlynx_1671,outputs/final_freeze/lynx-wild/images/czechlynx_2170__p16e_028565.jpg,outputs/final_freeze/lynx-wild/images/czechlynx_1671__p16e_028231.jpg,yes,4,0.47392458,0.463858,0.55,0.55,0.55,0.996908,0.0,0.75652,0.575069,review,evaluation,,,,,,,,Phase18N confirmatory reviewability packet; labels are not identity labels.
phase18n_megadescriptor_l_384_blind_0319,megadescriptor_l_384,confirmatory_stratified_blind_review,rank_02_05__similarity_mid__quality_low__same_identity__admission_high,rank_02_05,similarity_mid,quality_low,same_identity,admission_high,phase18a_czechlynx_2055,phase18a_czechlynx_1467,outputs/final_freeze/lynx-wild/images/czechlynx_2055__p16e_032536.jpg,outputs/final_freeze/lynx-wild/images/czechlynx_1467__p16e_032540.jpg,yes,3,0.52331048,0.593993,0.55,0.55,0.55,0.976362,0.0,0.763781,0.658513,review,evaluation,,,,,,,,Phase18N confirmatory reviewability packet; labels are not identity labels.
phase18n_megadescriptor_l_384_blind_0320,megadescriptor_l_384,confirmatory_stratified_blind_review,rank_06_10__similarity_low__quality_low__different_identity__admission_low,rank_06_10,similarity_low,quality_low,different_identity,admission_low,phase18a_czechlynx_2848,phase18a_czechlynx_2589,outputs/final_freeze/lynx-wild/images/czechlynx_2848__p16e_008691.jpg,outputs/final_freeze/lynx-wild/images/czechlynx_2589__p16e_023351.jpg,no,10,0.24522442,0.034617,0.55,0.52207,0.52207,0.768437,0.0,0.637893,0.263862,review,evaluation,,,,,,,,Phase18N confirmatory reviewability packet; labels are not identity labels.
phase18n_megadescriptor_l_384_blind_0321,megadescriptor_l_384,confirmatory_stratified_blind_review,rank_11_20__similarity_mid__quality_low__same_identity__admission_mid,rank_11_20,similarity_mid,quality_low,same_identity,admission_mid,phase18a_czechlynx_1579,phase18a_czechlynx_1728,outputs/final_freeze/lynx-wild/images/czechlynx_1579__p16e_028161.jpg,outputs/final_freeze/lynx-wild/images/czechlynx_1728__p16e_028440.jpg,yes,18,0.66940337,0.870065,0.55,0.55,0.55,0.961187,0.176149,0.751909,0.789936,review,evaluation,,,,,,,,Phase18N confirmatory reviewability packet; labels are not identity labels.
phase18n_megadescriptor_l_384_blind_0322,megadescriptor_l_384,confirmatory_stratified_blind_review,rank_06_10__similarity_mid__quality_low__different_identity__admission_mid,rank_06_10,similarity_mid,quality_low,different_identity,admission_mid,phase18a_czechlynx_2680,phase18a_czechlynx_2473,outputs/final_freeze/lynx-wild/images/czechlynx_2680__p16e_039778.jpg,outputs/final_freeze/lynx-wild/images/czechlynx_2473__p16e_034770.jpg,no,6,0.52026093,0.58741,0.55,0.55,0.55,0.924171,0.0,0.748509,0.648627,review,evaluation,,,,,,,,Phase18N confirmatory reviewability packet; labels are not identity labels.
phase18n_megadescriptor_l_384_blind_0323,megadescriptor_l_384,confirmatory_stratified_blind_review,rank_02_05__similarity_high__quality_low__same_identity__admission_low,rank_02_05,similarity_high,quality_low,same_identity,admission_low,phase18a_czechlynx_2016,phase18a_czechlynx_1542,outputs/final_freeze/lynx-wild/images/czechlynx_2016__p16e_028394.jpg,outputs/final_freeze/lynx-wild/images/czechlynx_1542__p16e_028406.jpg,yes,4,0.74482298,0.938482,0.55,0.55,0.55,0.909254,0.262743,0.726891,0.805529,review,evaluation,,,,,,,,Phase18N confirmatory reviewability packet; labels are not identity labels.
phase18n_megadescriptor_l_384_blind_0324,megadescriptor_l_384,confirmatory_stratified_blind_review,rank_06_10__similarity_mid__quality_low__same_identity__admission_mid,rank_06_10,similarity_mid,quality_low,same_identity,admission_mid,phase18a_czechlynx_2021,phase18a_czechlynx_1746,outputs/final_freeze/lynx-wild/images/czechlynx_2021__p16e_028395.jpg,outputs/final_freeze/lynx-wild/images/czechlynx_1746__p16e_028369.jpg,yes,9,0.63865763,0.82218,0.55,0.55,0.55,0.927905,0.139914,0.745049,0.764888,review,evaluation,,,,,,,,Phase18N confirmatory reviewability packet; labels are not identity labels.
phase18n_megadescriptor_l_384_blind_0325,megadescriptor_l_384,confirmatory_stratified_blind_review,rank_06_10__similarity_high__quality_low__different_identity__admission_high,rank_06_10,similarity_high,quality_low,different_identity,admission_high,phase18a_czechlynx_2259,phase18a_czechlynx_1528,outputs/final_freeze/lynx-wild/images/czechlynx_2259__p16e_042179.jpg,outputs/final_freeze/lynx-wild/images/czechlynx_1528__p16e_045112.jpg,no,6,0.67187536,0.873548,0.55,0.55,0.55,0.985505,0.171121,0.760072,0.796203,review,evaluation,,,,,,,,Phase18N confirmatory reviewability packet; labels are not identity labels.
phase18n_megadescriptor_l_384_blind_0326,megadescriptor_l_384,confirmatory_stratified_blind_review,rank_02_05__similarity_mid__quality_low__same_identity__admission_low,rank_02_05,similarity_mid,quality_low,same_identity,admission_low,phase18a_czechlynx_1673,phase18a_czechlynx_1280,outputs/final_freeze/lynx-wild/images/czechlynx_1673__p16e_029920.jpg,outputs/final_freeze/lynx-wild/images/czechlynx_1280__p16e_028453.jpg,yes,4,0.51997316,0.58661,0.55,0.55,0.55,0.81946,0.0,0.71911,0.63696,review,evaluation,,,,,,,,Phase18N confirmatory reviewability packet; labels are not identity labels.
phase18n_megadescriptor_l_384_blind_0327,megadescriptor_l_384,confirmatory_stratified_blind_review,rank_01__similarity_low__quality_low__different_identity__admission_low,rank_01,similarity_low,quality_low,different_identity,admission_low,phase18a_czechlynx_2073,phase18a_czechlynx_2949,outputs/final_freeze/lynx-wild/images/czechlynx_2073__p16e_031933.jpg,outputs/final_freeze/lynx-wild/images/czechlynx_2949__p16e_031851.jpg,no,1,0.45543545,0.410274,0.496289,0.55,0.496289,0.594951,0.0,0.616055,0.48847,review,evaluation,,,,,,,,Phase18N confirmatory reviewability packet; labels are not identity labels.
phase18n_megadescriptor_l_384_blind_0328,megadescriptor_l_384,confirmatory_stratified_blind_review,rank_06_10__similarity_low__quality_low__different_identity__admission_high,rank_06_10,similarity_low,quality_low,different_identity,admission_high,phase18a_czechlynx_0853,phase18a_czechlynx_2274,outputs/final_freeze/lynx-wild/images/czechlynx_0853__czlx_expanded_0222.jpg,outputs/final_freeze/lynx-wild/images/czechlynx_2274__p16e_035027.jpg,no,7,0.51011348,0.562243,0.55,0.55,0.55,0.981893,0.0,0.762154,0.638209,review,evaluation,,,,,,,,Phase18N confirmatory reviewability packet; labels are not identity labels.
phase18n_megadescriptor_l_384_blind_0329,megadescriptor_l_384,confirmatory_stratified_blind_review,rank_11_20__similarity_mid__quality_low__same_identity__admission_mid,rank_11_20,similarity_mid,quality_low,same_identity,admission_mid,phase18a_czechlynx_1957,phase18a_czechlynx_2112,outputs/final_freeze/lynx-wild/images/czechlynx_1957__p16e_028461.jpg,outputs/final_freeze/lynx-wild/images/czechlynx_2112__p16e_028181.jpg,yes,19,0.5629003,0.679678,0.55,0.55,0.55,0.906216,0.005002,0.751708,0.706049,review,evaluation,,,,,,,,Phase18N confirmatory reviewability packet; labels are not identity labels.
phase18n_megadescriptor_l_384_blind_0330,megadescriptor_l_384,confirmatory_stratified_blind_review,rank_11_20__similarity_mid__quality_low__same_identity__admission_low,rank_11_20,similarity_mid,quality_low,same_identity,admission_low,phase18a_czechlynx_1760,phase18a_czechlynx_2029,outputs/final_freeze/lynx-wild/images/czechlynx_1760__p16e_028152.jpg,outputs/final_freeze/lynx-wild/images/czechlynx_2029__p16e_028383.jpg,yes,16,0.62710309,0.801463,0.55,0.55,0.55,0.880415,0.135818,0.730499,0.747333,review,evaluation,,,,,,,,Phase18N confirmatory reviewability packet; labels are not identity labels.
phase18n_megadescriptor_l_384_blind_0331,megadescriptor_l_384,confirmatory_stratified_blind_review,rank_02_05__similarity_low__quality_low__different_identity__admission_mid,rank_02_05,similarity_low,quality_low,different_identity,admission_mid,phase18a_czechlynx_2520,phase18a_czechlynx_2166,outputs/final_freeze/lynx-wild/images/czechlynx_2520__p16e_006887.jpg,outputs/final_freeze/lynx-wild/images/czechlynx_2166__p16e_039800.jpg,no,2,0.50328314,0.544476,0.55,0.55,0.55,0.927294,0.0,0.74509,0.620709,review,evaluation,,,,,,,,Phase18N confirmatory reviewability packet; labels are not identity labels.
phase18n_megadescriptor_l_384_blind_0332,megadescriptor_l_384,confirmatory_stratified_blind_review,rank_06_10__similarity_low__quality_low__same_identity__admission_mid,rank_06_10,similarity_low,quality_low,same_identity,admission_mid,phase18a_czechlynx_1555,phase18a_czechlynx_1694,outputs/final_freeze/lynx-wild/images/czechlynx_1555__p16e_028049.jpg,outputs/final_freeze/lynx-wild/images/czechlynx_1694__p16e_028048.jpg,yes,10,0.49720719,0.527959,0.55,0.55,0.55,0.948124,0.0,0.749271,0.612057,review,evaluation,,,,,,,,Phase18N confirmatory reviewability packet; labels are not identity labels.
phase18n_megadescriptor_l_384_blind_0333,megadescriptor_l_384,confirmatory_stratified_blind_review,rank_11_20__similarity_mid__quality_low__different_identity__admission_high,rank_11_20,similarity_mid,quality_low,different_identity,admission_high,phase18a_czechlynx_2463,phase18a_czechlynx_2479,outputs/final_freeze/lynx-wild/images/czechlynx_2463__p16e_045905.jpg,outputs/final_freeze/lynx-wild/images/czechlynx_2479__p16e_044345.jpg,no,13,0.64993399,0.840781,0.55,0.55,0.55,0.965308,0.145423,0.75628,0.779586,review,evaluation,,,,,,,,Phase18N confirmatory reviewability packet; labels are not identity labels.
phase18n_megadescriptor_l_384_blind_0334,megadescriptor_l_384,confirmatory_stratified_blind_review,rank_02_05__similarity_mid__quality_low__different_identity__admission_high,rank_02_05,similarity_mid,quality_low,different_identity,admission_high,phase18a_czechlynx_1708,phase18a_czechlynx_1343,outputs/final_freeze/lynx-wild/images/czechlynx_1708__p16e_035036.jpg,outputs/final_freeze/lynx-wild/images/czechlynx_1343__p16e_037588.jpg,no,3,0.6435886,0.830231,0.55,0.55,0.55,0.995682,0.124242,0.767966,0.781722,review,evaluation,,,,,,,,Phase18N confirmatory reviewability packet; labels are not identity labels.
phase18n_megadescriptor_l_384_blind_0335,megadescriptor_l_384,confirmatory_stratified_blind_review,rank_01__similarity_mid__quality_low__different_identity__admission_low,rank_01,similarity_mid,quality_low,different_identity,admission_low,phase18a_czechlynx_2990,phase18a_czechlynx_2521,outputs/final_freeze/lynx-wild/images/czechlynx_2990__p16e_036892.jpg,outputs/final_freeze/lynx-wild/images/czechlynx_2521__p16e_035354.jpg,no,1,0.56897908,0.692512,0.55,0.55,0.55,0.605416,0.123116,0.645144,0.649889,review,evaluation,,,,,,,,Phase18N confirmatory reviewability packet; labels are not identity labels.
phase18n_megadescriptor_l_384_blind_0336,megadescriptor_l_384,confirmatory_stratified_blind_review,rank_06_10__similarity_high__quality_low__same_identity__admission_low,rank_06_10,similarity_high,quality_low,same_identity,admission_low,phase18a_czechlynx_1633,phase18a_czechlynx_1456,outputs/final_freeze/lynx-wild/images/czechlynx_1633__p16e_028523.jpg,outputs/final_freeze/lynx-wild/images/czechlynx_1456__p16e_028437.jpg,yes,6,0.72297406,0.924299,0.55,0.55,0.55,0.91801,0.245495,0.731374,0.801888,review,evaluation,,,,,,,,Phase18N confirmatory reviewability packet; labels are not identity labels.
phase18n_megadescriptor_l_384_blind_0337,megadescriptor_l_384,confirmatory_stratified_blind_review,rank_11_20__similarity_low__quality_low__different_identity__admission_high,rank_11_20,similarity_low,quality_low,different_identity,admission_high,phase18a_czechlynx_2716,phase18a_czechlynx_2260,outputs/final_freeze/lynx-wild/images/czechlynx_2716__p16e_041141.jpg,outputs/final_freeze/lynx-wild/images/czechlynx_2260__p16e_043144.jpg,no,12,0.47053719,0.453391,0.55,0.55,0.55,0.991522,0.0,0.753965,0.567609,review,evaluation,,,,,,,,Phase18N confirmatory reviewability packet; labels are not identity labels.
phase18n_megadescriptor_l_384_blind_0338,megadescriptor_l_384,confirmatory_stratified_blind_review,rank_06_10__similarity_high__quality_low__same_identity__admission_mid,rank_06_10,similarity_high,quality_low,same_identity,admission_mid,phase18a_czechlynx_1366,phase18a_czechlynx_1280,outputs/final_freeze/lynx-wild/images/czechlynx_1366__p16e_028516.jpg,outputs/final_freeze/lynx-wild/images/czechlynx_1280__p16e_028453.jpg,yes,10,0.71916521,0.921399,0.55,0.55,0.55,0.952826,0.23041,0.743849,0.807848,review,evaluation,,,,,,,,Phase18N confirmatory reviewability packet; labels are not identity labels.
phase18n_megadescriptor_l_384_blind_0339,megadescriptor_l_384,confirmatory_stratified_blind_review,rank_11_20__similarity_mid__quality_low__different_identity__admission_low,rank_11_20,similarity_mid,quality_low,different_identity,admission_low,phase18a_czechlynx_2044,phase18a_czechlynx_2049,outputs/final_freeze/lynx-wild/images/czechlynx_2044__p16e_043670.jpg,outputs/final_freeze/lynx-wild/images/czechlynx_2049__p16e_042868.jpg,no,17,0.64056951,0.82583,0.55,0.55,0.55,0.839099,0.174646,0.713602,0.748254,review,evaluation,,,,,,,,Phase18N confirmatory reviewability packet; labels are not identity labels.
phase18n_megadescriptor_l_384_blind_0340,megadescriptor_l_384,confirmatory_stratified_blind_review,rank_06_10__similarity_low__quality_low__different_identity__admission_high,rank_06_10,similarity_low,quality_low,different_identity,admission_high,phase18a_czechlynx_1896,phase18a_czechlynx_1390,outputs/final_freeze/lynx-wild/images/czechlynx_1896__p16e_032566.jpg,outputs/final_freeze/lynx-wild/images/czechlynx_1390__p16e_026828.jpg,no,7,0.51342201,0.570376,0.55,0.55,0.55,0.946249,0.0,0.752987,0.639768,review,evaluation,,,,,,,,Phase18N confirmatory reviewability packet; labels are not identity labels.
phase18n_megadescriptor_l_384_blind_0341,megadescriptor_l_384,confirmatory_stratified_blind_review,rank_01__similarity_mid__quality_low__same_identity__admission_high,rank_01,similarity_mid,quality_low,same_identity,admission_high,phase18a_czechlynx_2962,phase18a_czechlynx_2919,outputs/final_freeze/lynx-wild/images/czechlynx_2962__p16e_008856.jpg,outputs/final_freeze/lynx-wild/images/czechlynx_2919__p16e_008869.jpg,yes,1,0.5273124,0.604077,0.55,0.55,0.55,0.959026,0.0,0.759935,0.663303,review,evaluation,,,,,,,,Phase18N confirmatory reviewability packet; labels are not identity labels.
phase18n_megadescriptor_l_384_blind_0342,megadescriptor_l_384,confirmatory_stratified_blind_review,rank_11_20__similarity_high__quality_low__different_identity__admission_low,rank_11_20,similarity_high,quality_low,different_identity,admission_low,phase18a_czechlynx_2596,phase18a_czechlynx_1872,outputs/final_freeze/lynx-wild/images/czechlynx_2596__p16e_045632.jpg,outputs/final_freeze/lynx-wild/images/czechlynx_1872__p16e_045215.jpg,no,15,0.77925831,0.956249,0.55,0.55,0.55,0.899692,0.283857,0.721767,0.810375,review,evaluation,,,,,,,,Phase18N confirmatory reviewability packet; labels are not identity labels.
phase18n_megadescriptor_l_384_blind_0343,megadescriptor_l_384,confirmatory_stratified_blind_review,rank_11_20__similarity_low__quality_low__same_identity__admission_high,rank_11_20,similarity_low,quality_low,same_identity,admission_high,phase18a_czechlynx_2041,phase18a_czechlynx_1519,outputs/final_freeze/lynx-wild/images/czechlynx_2041__p16e_028414.jpg,outputs/final_freeze/lynx-wild/images/czechlynx_1519__p16e_028336.jpg,yes,17,0.46813959,0.446291,0.55,0.55,0.55,0.994933,0.0,0.75421,0.5633,review,evaluation,,,,,,,,Phase18N confirmatory reviewability packet; labels are not identity labels.
phase18n_megadescriptor_l_384_blind_0344,megadescriptor_l_384,confirmatory_stratified_blind_review,rank_06_10__similarity_high__quality_low__different_identity__admission_mid,rank_06_10,similarity_high,quality_low,different_identity,admission_mid,phase18a_czechlynx_2517,phase18a_czechlynx_1242,outputs/final_freeze/lynx-wild/images/czechlynx_2517__p16e_045622.jpg,outputs/final_freeze/lynx-wild/images/czechlynx_1242__czlx_expanded_0351.jpg,no,7,0.67035896,0.871365,0.55,0.55,0.55,0.925118,0.190073,0.739155,0.78311,review,evaluation,,,,,,,,Phase18N confirmatory reviewability packet; labels are not identity labels.
phase18n_megadescriptor_l_384_blind_0345,megadescriptor_l_384,confirmatory_stratified_blind_review,rank_02_05__similarity_high__quality_low__same_identity__admission_low,rank_02_05,similarity_high,quality_low,same_identity,admission_low,phase18a_czechlynx_2097,phase18a_czechlynx_1542,outputs/final_freeze/lynx-wild/images/czechlynx_2097__p16e_028393.jpg,outputs/final_freeze/lynx-wild/images/czechlynx_1542__p16e_028406.jpg,yes,5,0.72558415,0.926165,0.55,0.55,0.55,0.910159,0.25011,0.728439,0.801007,review,evaluation,,,,,,,,Phase18N confirmatory reviewability packet; labels are not identity labels.
phase18n_megadescriptor_l_384_blind_0346,megadescriptor_l_384,confirmatory_stratified_blind_review,rank_01__similarity_high__quality_low__different_identity__admission_low,rank_01,similarity_high,quality_low,different_identity,admission_low,phase18a_czechlynx_2522,phase18a_czechlynx_2565,outputs/final_freeze/lynx-wild/images/czechlynx_2522__p16e_044172.jpg,outputs/final_freeze/lynx-wild/images/czechlynx_2565__p16e_036313.jpg,no,1,0.69757444,0.902615,0.55,0.55,0.55,0.847969,0.248326,0.709028,0.779387,review,evaluation,,,,,,,,Phase18N confirmatory reviewability packet; labels are not identity labels.
phase18n_megadescriptor_l_384_blind_0347,megadescriptor_l_384,confirmatory_stratified_blind_review,rank_11_20__similarity_high__quality_low__different_identity__admission_low,rank_11_20,similarity_high,quality_low,different_identity,admission_low,phase18a_czechlynx_2420,phase18a_czechlynx_2479,outputs/final_freeze/lynx-wild/images/czechlynx_2420__p16e_042171.jpg,outputs/final_freeze/lynx-wild/images/czechlynx_2479__p16e_044345.jpg,no,16,0.68105346,0.884898,0.55,0.55,0.55,0.898061,0.213077,0.728331,0.782787,review,evaluation,,,,,,,,Phase18N confirmatory reviewability packet; labels are not identity labels.
phase18n_megadescriptor_l_384_blind_0348,megadescriptor_l_384,confirmatory_stratified_blind_review,rank_02_05__similarity_low__quality_low__same_identity__admission_low,rank_02_05,similarity_low,quality_low,same_identity,admission_low,phase18a_czechlynx_1514,phase18a_czechlynx_1308,outputs/final_freeze/lynx-wild/images/czechlynx_1514__p16e_028535.jpg,outputs/final_freeze/lynx-wild/images/czechlynx_1308__p16e_028499.jpg,yes,5,0.45177856,0.400473,0.55,0.55,0.55,0.862458,0.0,0.712536,0.519057,review,evaluation,,,,,,,,Phase18N confirmatory reviewability packet; labels are not identity labels.
phase18n_megadescriptor_l_384_blind_0349,megadescriptor_l_384,confirmatory_stratified_blind_review,rank_11_20__similarity_low__quality_low__different_identity__admission_low,rank_11_20,similarity_low,quality_low,different_identity,admission_low,phase18a_czechlynx_2972,phase18a_czechlynx_1282,outputs/final_freeze/lynx-wild/images/czechlynx_2972__p16e_042518.jpg,outputs/final_freeze/lynx-wild/images/czechlynx_1282__p16e_043471.jpg,no,11,0.38625377,0.231254,0.55,0.55,0.55,0.852553,0.0,0.69284,0.406657,review,evaluation,,,,,,,,Phase18N confirmatory reviewability packet; labels are not identity labels.
phase18n_megadescriptor_l_384_blind_0350,megadescriptor_l_384,confirmatory_stratified_blind_review,rank_01__similarity_low__quality_low__same_identity__admission_mid,rank_01,similarity_low,quality_low,same_identity,admission_mid,phase18a_czechlynx_2653,phase18a_czechlynx_2533,outputs/final_freeze/lynx-wild/images/czechlynx_2653__p16e_006761.jpg,outputs/final_freeze/lynx-wild/images/czechlynx_2533__p16e_006779.jpg,yes,1,0.4837437,0.491642,0.55,0.55,0.55,0.938033,0.0,0.742813,0.587087,review,evaluation,,,,,,,,Phase18N confirmatory reviewability packet; labels are not identity labels.
phase18n_megadescriptor_l_384_blind_0351,megadescriptor_l_384,confirmatory_stratified_blind_review,rank_01__similarity_low__quality_low__same_identity__admission_mid,rank_01,similarity_low,quality_low,same_identity,admission_mid,phase18a_czechlynx_2924,phase18a_czechlynx_2947,outputs/final_freeze/lynx-wild/images/czechlynx_2924__p16e_043594.jpg,outputs/final_freeze/lynx-wild/images/czechlynx_2947__p16e_042272.jpg,yes,1,0.43397248,0.352423,0.55,0.55,0.55,0.959458,0.0,0.73489,0.49776,review,evaluation,,,,,,,,Phase18N confirmatory reviewability packet; labels are not identity labels.
phase18n_megadescriptor_l_384_blind_0352,megadescriptor_l_384,confirmatory_stratified_blind_review,rank_02_05__similarity_mid__quality_low__different_identity__admission_high,rank_02_05,similarity_mid,quality_low,different_identity,admission_high,phase18a_czechlynx_2673,phase18a_czechlynx_2405,outputs/final_freeze/lynx-wild/images/czechlynx_2673__p16e_044129.jpg,outputs/final_freeze/lynx-wild/images/czechlynx_2405__p16e_040189.jpg,no,5,0.60606772,0.762779,0.55,0.55,0.55,0.949046,0.073113,0.758388,0.746488,review,evaluation,,,,,,,,Phase18N confirmatory reviewability packet; labels are not identity labels.
phase18n_megadescriptor_l_384_blind_0353,megadescriptor_l_384,confirmatory_stratified_blind_review,rank_02_05__similarity_mid__quality_low__different_identity__admission_high,rank_02_05,similarity_mid,quality_low,different_identity,admission_high,phase18a_czechlynx_2809,phase18a_czechlynx_2910,outputs/final_freeze/lynx-wild/images/czechlynx_2809__p16e_045355.jpg,outputs/final_freeze/lynx-wild/images/czechlynx_2910__p16e_013231.jpg,no,4,0.60245347,0.756513,0.55,0.55,0.55,0.974801,0.057832,0.768029,0.749322,review,evaluation,,,,,,,,Phase18N confirmatory reviewability packet; labels are not identity labels.
phase18n_megadescriptor_l_384_blind_0354,megadescriptor_l_384,confirmatory_stratified_blind_review,rank_01__similarity_mid__quality_low__different_identity__admission_high,rank_01,similarity_mid,quality_low,different_identity,admission_high,phase18a_czechlynx_2809,phase18a_czechlynx_2603,outputs/final_freeze/lynx-wild/images/czechlynx_2809__p16e_045355.jpg,outputs/final_freeze/lynx-wild/images/czechlynx_2603__p16e_046019.jpg,no,1,0.64443314,0.831697,0.55,0.55,0.55,0.980279,0.1311,0.762428,0.779155,review,evaluation,,,,,,,,Phase18N confirmatory reviewability packet; labels are not identity labels.
phase18n_megadescriptor_l_384_blind_0355,megadescriptor_l_384,confirmatory_stratified_blind_review,rank_11_20__similarity_low__quality_low__different_identity__admission_low,rank_11_20,similarity_low,quality_low,different_identity,admission_low,phase18a_czechlynx_1563,phase18a_czechlynx_1481,outputs/final_freeze/lynx-wild/images/czechlynx_1563__p16e_043393.jpg,outputs/final_freeze/lynx-wild/images/czechlynx_1481__p16e_034376.jpg,no,13,0.47495556,0.466508,0.55,0.55,0.55,0.692148,0.0,0.671452,0.544387,review,evaluation,,,,,,,,Phase18N confirmatory reviewability packet; labels are not identity labels.
phase18n_megadescriptor_l_384_blind_0356,megadescriptor_l_384,confirmatory_stratified_blind_review,rank_11_20__similarity_mid__quality_low__different_identity__admission_low,rank_11_20,similarity_mid,quality_low,different_identity,admission_low,phase18a_czechlynx_2463,phase18a_czechlynx_2839,outputs/final_freeze/lynx-wild/images/czechlynx_2463__p16e_045905.jpg,outputs/final_freeze/lynx-wild/images/czechlynx_2839__p16e_043660.jpg,no,20,0.64420176,0.831347,0.55,0.55,0.55,0.761123,0.207454,0.685758,0.734532,review,evaluation,,,,,,,,Phase18N confirmatory reviewability packet; labels are not identity labels.
phase18n_megadescriptor_l_384_blind_0357,megadescriptor_l_384,confirmatory_stratified_blind_review,rank_11_20__similarity_low__quality_low__different_identity__admission_high,rank_11_20,similarity_low,quality_low,different_identity,admission_high,phase18a_czechlynx_2680,phase18a_czechlynx_2732,outputs/final_freeze/lynx-wild/images/czechlynx_2680__p16e_039778.jpg,outputs/final_freeze/lynx-wild/images/czechlynx_2732__p16e_036602.jpg,no,19,0.48879945,0.505142,0.55,0.55,0.55,0.990659,0.0,0.758899,0.60157,review,evaluation,,,,,,,,Phase18N confirmatory reviewability packet; labels are not identity labels.
phase18n_megadescriptor_l_384_blind_0358,megadescriptor_l_384,confirmatory_stratified_blind_review,rank_11_20__similarity_low__quality_low__different_identity__admission_high,rank_11_20,similarity_low,quality_low,different_identity,admission_high,phase18a_czechlynx_2622,phase18a_czechlynx_2437,outputs/final_freeze/lynx-wild/images/czechlynx_2622__p16e_044942.jpg,outputs/final_freeze/lynx-wild/images/czechlynx_2437__p16e_045331.jpg,no,16,0.48174855,0.486025,0.55,0.55,0.55,0.97496,0.0,0.752591,0.58732,review,evaluation,,,,,,,,Phase18N confirmatory reviewability packet; labels are not identity labels.
phase18n_megadescriptor_l_384_blind_0359,megadescriptor_l_384,confirmatory_stratified_blind_review,rank_01__similarity_mid__quality_low__different_identity__admission_low,rank_01,similarity_mid,quality_low,different_identity,admission_low,phase18a_czechlynx_1801,phase18a_czechlynx_1708,outputs/final_freeze/lynx-wild/images/czechlynx_1801__p16e_033526.jpg,outputs/final_freeze/lynx-wild/images/czechlynx_1708__p16e_035036.jpg,no,1,0.62746143,0.802063,0.55,0.55,0.55,0.836356,0.151839,0.715018,0.738618,review,evaluation,,,,,,,,Phase18N confirmatory reviewability packet; labels are not identity labels.
phase18n_megadescriptor_l_384_blind_0360,megadescriptor_l_384,confirmatory_stratified_blind_review,rank_06_10__similarity_low__quality_low__same_identity__admission_high,rank_06_10,similarity_low,quality_low,same_identity,admission_high,phase18a_czechlynx_1826,phase18a_czechlynx_1494,outputs/final_freeze/lynx-wild/images/czechlynx_1826__p16e_028417.jpg,outputs/final_freeze/lynx-wild/images/czechlynx_1494__p16e_028188.jpg,yes,6,0.51856089,0.583076,0.55,0.55,0.55,0.981667,0.0,0.764174,0.651893,review,evaluation,,,,,,,,Phase18N confirmatory reviewability packet; labels are not identity labels.
phase18n_megadescriptor_l_384_blind_0361,megadescriptor_l_384,confirmatory_stratified_blind_review,rank_02_05__similarity_mid__quality_low__same_identity__admission_high,rank_02_05,similarity_mid,quality_low,same_identity,admission_high,phase18a_czechlynx_1813,phase18a_czechlynx_1861,outputs/final_freeze/lynx-wild/images/czechlynx_1813__p16e_028275.jpg,outputs/final_freeze/lynx-wild/images/czechlynx_1861__p16e_028269.jpg,yes,5,0.66685736,0.866581,0.55,0.55,0.55,0.96286,0.17208,0.752843,0.788945,review,evaluation,,,,,,,,Phase18N confirmatory reviewability packet; labels are not identity labels.
phase18n_megadescriptor_l_384_blind_0362,megadescriptor_l_384,confirmatory_stratified_blind_review,rank_02_05__similarity_mid__quality_low__different_identity__admission_mid,rank_02_05,similarity_mid,quality_low,different_identity,admission_mid,phase18a_czechlynx_1879,phase18a_czechlynx_2833,outputs/final_freeze/lynx-wild/images/czechlynx_1879__p16e_044205.jpg,outputs/final_freeze/lynx-wild/images/czechlynx_2833__p16e_016426.jpg,no,2,0.57397866,0.702012,0.55,0.55,0.55,0.913664,0.024729,0.752081,0.716092,review,evaluation,,,,,,,,Phase18N confirmatory reviewability packet; labels are not identity labels.
phase18n_megadescriptor_l_384_blind_0363,megadescriptor_l_384,confirmatory_stratified_blind_review,rank_01__similarity_high__quality_low__same_identity__admission_mid,rank_01,similarity_high,quality_low,same_identity,admission_mid,phase18a_czechlynx_2682,phase18a_czechlynx_2782,outputs/final_freeze/lynx-wild/images/czechlynx_2682__p16e_010750.jpg,outputs/final_freeze/lynx-wild/images/czechlynx_2782__p16e_010751.jpg,yes,1,0.82828319,0.971566,0.55,0.55,0.55,0.988662,0.268034,0.751375,0.834287,review,evaluation,,,,,,,,Phase18N confirmatory reviewability packet; labels are not identity labels.
phase18n_megadescriptor_l_384_blind_0364,megadescriptor_l_384,confirmatory_stratified_blind_review,rank_02_05__similarity_mid__quality_low__same_identity__admission_mid,rank_02_05,similarity_mid,quality_low,same_identity,admission_mid,phase18a_czechlynx_1421,phase18a_czechlynx_1367,outputs/final_freeze/lynx-wild/images/czechlynx_1421__p16e_028372.jpg,outputs/final_freeze/lynx-wild/images/czechlynx_1367__p16e_028380.jpg,yes,5,0.62060159,0.789946,0.55,0.55,0.55,0.939531,0.103611,0.752341,0.754934,review,evaluation,,,,,,,,Phase18N confirmatory reviewability packet; labels are not identity labels.
phase18n_megadescriptor_l_384_blind_0365,megadescriptor_l_384,confirmatory_stratified_blind_review,rank_01__similarity_low__quality_low__same_identity__admission_low,rank_01,similarity_low,quality_low,same_identity,admission_low,phase18a_czechlynx_1512,phase18a_czechlynx_1478,outputs/final_freeze/lynx-wild/images/czechlynx_1512__p16e_045672.jpg,outputs/final_freeze/lynx-wild/images/czechlynx_1478__p16e_045874.jpg,yes,1,0.45735246,0.415774,0.55,0.55,0.55,0.901354,0.0,0.724956,0.533263,review,evaluation,,,,,,,,Phase18N confirmatory reviewability packet; labels are not identity labels.
phase18n_megadescriptor_l_384_blind_0366,megadescriptor_l_384,confirmatory_stratified_blind_review,rank_06_10__similarity_mid__quality_low__different_identity__admission_mid,rank_06_10,similarity_mid,quality_low,different_identity,admission_mid,phase18a_czechlynx_2727,phase18a_czechlynx_2348,outputs/final_freeze/lynx-wild/images/czechlynx_2727__p16e_042909.jpg,outputs/final_freeze/lynx-wild/images/czechlynx_2348__p16e_037607.jpg,no,6,0.6092065,0.768679,0.55,0.55,0.55,0.921449,0.088672,0.748139,0.74314,review,evaluation,,,,,,,,Phase18N confirmatory reviewability packet; labels are not identity labels.
phase18n_megadescriptor_l_384_blind_0367,megadescriptor_l_384,confirmatory_stratified_blind_review,rank_11_20__similarity_low__quality_low__same_identity__admission_high,rank_11_20,similarity_low,quality_low,same_identity,admission_high,phase18a_czechlynx_1494,phase18a_czechlynx_1980,outputs/final_freeze/lynx-wild/images/czechlynx_1494__p16e_028188.jpg,outputs/final_freeze/lynx-wild/images/czechlynx_1980__p16e_028180.jpg,yes,16,0.49868429,0.531926,0.55,0.55,0.55,0.965796,0.0,0.754615,0.616548,review,evaluation,,,,,,,,Phase18N confirmatory reviewability packet; labels are not identity labels.
phase18n_megadescriptor_l_384_blind_0368,megadescriptor_l_384,confirmatory_stratified_blind_review,rank_06_10__similarity_mid__quality_low__different_identity__admission_low,rank_06_10,similarity_mid,quality_low,different_identity,admission_low,phase18a_czechlynx_1801,phase18a_czechlynx_2274,outputs/final_freeze/lynx-wild/images/czechlynx_1801__p16e_033526.jpg,outputs/final_freeze/lynx-wild/images/czechlynx_2274__p16e_035027.jpg,no,6,0.60979742,0.769596,0.55,0.55,0.55,0.816014,0.126491,0.711145,0.722087,review,evaluation,,,,,,,,Phase18N confirmatory reviewability packet; labels are not identity labels.
phase18n_megadescriptor_l_384_blind_0369,megadescriptor_l_384,confirmatory_stratified_blind_review,rank_11_20__similarity_low__quality_low__same_identity__admission_low,rank_11_20,similarity_low,quality_low,same_identity,admission_low,phase18a_czechlynx_1656,phase18a_czechlynx_1633,outputs/final_freeze/lynx-wild/images/czechlynx_1656__p16e_028046.jpg,outputs/final_freeze/lynx-wild/images/czechlynx_1633__p16e_028523.jpg,yes,18,0.37347186,0.20427,0.55,0.55,0.55,0.946733,0.0,0.716512,0.398922,review,evaluation,,,,,,,,Phase18N confirmatory reviewability packet; labels are not identity labels.
phase18n_megadescriptor_l_384_blind_0370,megadescriptor_l_384,confirmatory_stratified_blind_review,rank_02_05__similarity_high__quality_low__same_identity__admission_high,rank_02_05,similarity_high,quality_low,same_identity,admission_high,phase18a_czechlynx_1779,phase18a_czechlynx_1682,outputs/final_freeze/lynx-wild/images/czechlynx_1779__p16e_028348.jpg,outputs/final_freeze/lynx-wild/images/czechlynx_1682__p16e_028355.jpg,yes,3,0.89146042,0.985316,0.55,0.55,0.55,0.997332,0.27875,0.753035,0.841299,review,evaluation,,,,,,,,Phase18N confirmatory reviewability packet; labels are not identity labels.
phase18n_megadescriptor_l_384_blind_0371,megadescriptor_l_384,confirmatory_stratified_blind_review,rank_02_05__similarity_mid__quality_low__same_identity__admission_mid,rank_02_05,similarity_mid,quality_low,same_identity,admission_mid,phase18a_czechlynx_1722,phase18a_czechlynx_1669,outputs/final_freeze/lynx-wild/images/czechlynx_1722__p16e_028187.jpg,outputs/final_freeze/lynx-wild/images/czechlynx_1669__p16e_028467.jpg,yes,3,0.66859853,0.868998,0.55,0.55,0.55,0.919567,0.189649,0.737449,0.781079,review,evaluation,,,,,,,,Phase18N confirmatory reviewability packet; labels are not identity labels.
phase18n_megadescriptor_l_384_blind_0372,megadescriptor_l_384,confirmatory_stratified_blind_review,rank_06_10__similarity_mid__quality_low__different_identity__admission_mid,rank_06_10,similarity_mid,quality_low,different_identity,admission_mid,phase18a_czechlynx_2692,phase18a_czechlynx_2450,outputs/final_freeze/lynx-wild/images/czechlynx_2692__p16e_028820.jpg,outputs/final_freeze/lynx-wild/images/czechlynx_2450__p16e_020108.jpg,no,6,0.5610916,0.676245,0.55,0.55,0.55,0.8514,0.020755,0.732865,0.693609,review,evaluation,,,,,,,,Phase18N confirmatory reviewability packet; labels are not identity labels.
phase18n_megadescriptor_l_384_blind_0373,megadescriptor_l_384,confirmatory_stratified_blind_review,rank_11_20__similarity_low__quality_low__same_identity__admission_low,rank_11_20,similarity_low,quality_low,same_identity,admission_low,phase18a_czechlynx_1849,phase18a_czechlynx_2334,outputs/final_freeze/lynx-wild/images/czechlynx_1849__p16e_028459.jpg,outputs/final_freeze/lynx-wild/images/czechlynx_2334__p16e_028194.jpg,yes,19,0.47533345,0.467591,0.55,0.55,0.55,0.843502,0.0,0.71394,0.561204,review,evaluation,,,,,,,,Phase18N confirmatory reviewability packet; labels are not identity labels.
phase18n_megadescriptor_l_384_blind_0374,megadescriptor_l_384,confirmatory_stratified_blind_review,rank_02_05__similarity_high__quality_low__same_identity__admission_high,rank_02_05,similarity_high,quality_low,same_identity,admission_high,phase18a_czechlynx_1728,phase18a_czechlynx_1685,outputs/final_freeze/lynx-wild/images/czechlynx_1728__p16e_028440.jpg,outputs/final_freeze/lynx-wild/images/czechlynx_1685__p16e_028438.jpg,yes,2,0.83820838,0.974133,0.55,0.55,0.55,0.996746,0.267772,0.753948,0.836908,review,evaluation,,,,,,,,Phase18N confirmatory reviewability packet; labels are not identity labels.
phase18n_megadescriptor_l_384_blind_0375,megadescriptor_l_384,confirmatory_stratified_blind_review,rank_11_20__similarity_mid__quality_low__same_identity__admission_high,rank_11_20,similarity_mid,quality_low,same_identity,admission_high,phase18a_czechlynx_1984,phase18a_czechlynx_1724,outputs/final_freeze/lynx-wild/images/czechlynx_1984__p16e_028175.jpg,outputs/final_freeze/lynx-wild/images/czechlynx_1724__p16e_028309.jpg,yes,19,0.59245563,0.737546,0.55,0.55,0.55,0.929253,0.054807,0.753984,0.732831,review,evaluation,,,,,,,,Phase18N confirmatory reviewability packet; labels are not identity labels.
phase18n_megadescriptor_l_384_blind_0376,megadescriptor_l_384,confirmatory_stratified_blind_review,rank_06_10__similarity_low__quality_low__same_identity__admission_high,rank_06_10,similarity_low,quality_low,same_identity,admission_high,phase18a_czechlynx_1645,phase18a_czechlynx_1302,outputs/final_freeze/lynx-wild/images/czechlynx_1645__p16e_028501.jpg,outputs/final_freeze/lynx-wild/images/czechlynx_1302__p16e_028561.jpg,yes,9,0.49038172,0.509542,0.55,0.55,0.55,0.98153,0.0,0.756783,0.603493,review,evaluation,,,,,,,,Phase18N confirmatory reviewability packet; labels are not identity labels.
phase18n_megadescriptor_l_384_blind_0377,megadescriptor_l_384,confirmatory_stratified_blind_review,rank_06_10__similarity_high__quality_low__same_identity__admission_high,rank_06_10,similarity_high,quality_low,same_identity,admission_high,phase18a_czechlynx_1787,phase18a_czechlynx_1780,outputs/final_freeze/lynx-wild/images/czechlynx_1787__p16e_028183.jpg,outputs/final_freeze/lynx-wild/images/czechlynx_1780__p16e_028465.jpg,yes,9,0.75355124,0.943682,0.55,0.55,0.55,0.989071,0.240008,0.754307,0.823718,review,evaluation,,,,,,,,Phase18N confirmatory reviewability packet; labels are not identity labels.
phase18n_megadescriptor_l_384_blind_0378,megadescriptor_l_384,confirmatory_stratified_blind_review,rank_06_10__similarity_low__quality_low__different_identity__admission_low,rank_06_10,similarity_low,quality_low,different_identity,admission_low,phase18a_czechlynx_2529,phase18a_czechlynx_2313,outputs/final_freeze/lynx-wild/images/czechlynx_2529__p16e_007838.jpg,outputs/final_freeze/lynx-wild/images/czechlynx_2313__p16e_019882.jpg,no,8,0.21245119,0.018017,0.55,0.55,0.55,0.876017,0.0,0.678086,0.268843,review,evaluation,,,,,,,,Phase18N confirmatory reviewability packet; labels are not identity labels.
phase18n_megadescriptor_l_384_blind_0379,megadescriptor_l_384,confirmatory_stratified_blind_review,rank_02_05__similarity_high__quality_low__same_identity__admission_high,rank_02_05,similarity_high,quality_low,same_identity,admission_high,phase18a_czechlynx_2094,phase18a_czechlynx_1969,outputs/final_freeze/lynx-wild/images/czechlynx_2094__p16e_028422.jpg,outputs/final_freeze/lynx-wild/images/czechlynx_1969__p16e_028420.jpg,yes,2,0.87974751,0.982483,0.55,0.55,0.55,0.998993,0.275335,0.753899,0.840554,review,evaluation,,,,,,,,Phase18N confirmatory reviewability packet; labels are not identity labels.
phase18n_megadescriptor_l_384_blind_0380,megadescriptor_l_384,confirmatory_stratified_blind_review,rank_02_05__similarity_mid__quality_low__different_identity__admission_low,rank_02_05,similarity_mid,quality_low,different_identity,admission_low,phase18a_czechlynx_1578,phase18a_czechlynx_2037,outputs/final_freeze/lynx-wild/images/czechlynx_1578__p16e_010522.jpg,outputs/final_freeze/lynx-wild/images/czechlynx_2037__p16e_015946.jpg,no,3,0.56522071,0.684678,0.55,0.55,0.55,0.787859,0.051427,0.709783,0.683933,review,evaluation,,,,,,,,Phase18N confirmatory reviewability packet; labels are not identity labels.
phase18n_megadescriptor_l_384_blind_0381,megadescriptor_l_384,confirmatory_stratified_blind_review,rank_06_10__similarity_low__quality_low__same_identity__admission_high,rank_06_10,similarity_low,quality_low,same_identity,admission_high,phase18a_czechlynx_1556,phase18a_czechlynx_1956,outputs/final_freeze/lynx-wild/images/czechlynx_1556__p16e_028473.jpg,outputs/final_freeze/lynx-wild/images/czechlynx_1956__p16e_028214.jpg,yes,10,0.50584638,0.551426,0.55,0.55,0.55,0.958913,0.0,0.754638,0.628646,review,evaluation,,,,,,,,Phase18N confirmatory reviewability packet; labels are not identity labels.
phase18n_megadescriptor_l_384_blind_0382,megadescriptor_l_384,confirmatory_stratified_blind_review,rank_01__similarity_mid__quality_low__same_identity__admission_mid,rank_01,similarity_mid,quality_low,same_identity,admission_mid,phase18a_czechlynx_1896,phase18a_czechlynx_1481,outputs/final_freeze/lynx-wild/images/czechlynx_1896__p16e_032566.jpg,outputs/final_freeze/lynx-wild/images/czechlynx_1481__p16e_034376.jpg,yes,1,0.66110742,0.857898,0.55,0.55,0.55,0.930743,0.174638,0.74247,0.779108,review,evaluation,,,,,,,,Phase18N confirmatory reviewability packet; labels are not identity labels.
phase18n_megadescriptor_l_384_blind_0383,megadescriptor_l_384,confirmatory_stratified_blind_review,rank_06_10__similarity_high__quality_low__same_identity__admission_mid,rank_06_10,similarity_high,quality_low,same_identity,admission_mid,phase18a_czechlynx_1618,phase18a_czechlynx_1761,outputs/final_freeze/lynx-wild/images/czechlynx_1618__p16e_028524.jpg,outputs/final_freeze/lynx-wild/images/czechlynx_1761__p16e_028442.jpg,yes,7,0.74045235,0.935832,0.55,0.55,0.55,0.956562,0.243536,0.743713,0.81412,review,evaluation,,,,,,,,Phase18N confirmatory reviewability packet; labels are not identity labels.
phase18n_megadescriptor_l_384_blind_0384,megadescriptor_l_384,confirmatory_stratified_blind_review,rank_11_20__similarity_low__quality_low__different_identity__admission_mid,rank_11_20,similarity_low,quality_low,different_identity,admission_mid,phase18a_czechlynx_2728,phase18a_czechlynx_2750,outputs/final_freeze/lynx-wild/images/czechlynx_2728__p16e_045628.jpg,outputs/final_freeze/lynx-wild/images/czechlynx_2750__p16e_045148.jpg,no,20,0.3863776,0.231504,0.55,0.55,0.55,0.990601,0.0,0.731519,0.42151,review,evaluation,,,,,,,,Phase18N confirmatory reviewability packet; labels are not identity labels.
phase18n_megadescriptor_l_384_blind_0385,megadescriptor_l_384,confirmatory_stratified_blind_review,rank_06_10__similarity_high__quality_low__different_identity__admission_low,rank_06_10,similarity_high,quality_low,different_identity,admission_low,phase18a_czechlynx_1776,phase18a_czechlynx_2382,outputs/final_freeze/lynx-wild/images/czechlynx_1776__p16e_032539.jpg,outputs/final_freeze/lynx-wild/images/czechlynx_2382__p16e_043411.jpg,no,6,0.67266428,0.874381,0.55,0.55,0.55,0.679384,0.279097,0.652846,0.734378,review,evaluation,,,,,,,,Phase18N confirmatory reviewability packet; labels are not identity labels.
phase18n_megadescriptor_l_384_blind_0386,megadescriptor_l_384,confirmatory_stratified_blind_review,rank_02_05__similarity_low__quality_low__same_identity__admission_mid,rank_02_05,similarity_low,quality_low,same_identity,admission_mid,phase18a_czechlynx_2653,phase18a_czechlynx_2009,outputs/final_freeze/lynx-wild/images/czechlynx_2653__p16e_006761.jpg,outputs/final_freeze/lynx-wild/images/czechlynx_2009__p16e_007821.jpg,yes,5,0.41990602,0.315472,0.55,0.55,0.55,0.994756,0.0,0.741079,0.477203,review,evaluation,,,,,,,,Phase18N confirmatory reviewability packet; labels are not identity labels.
phase18n_megadescriptor_l_384_blind_0387,megadescriptor_l_384,confirmatory_stratified_blind_review,rank_06_10__similarity_high__quality_low__same_identity__admission_mid,rank_06_10,similarity_high,quality_low,same_identity,admission_mid,phase18a_czechlynx_1562,phase18a_czechlynx_1633,outputs/final_freeze/lynx-wild/images/czechlynx_1562__p16e_028527.jpg,outputs/final_freeze/lynx-wild/images/czechlynx_1633__p16e_028523.jpg,yes,10,0.68163931,0.885515,0.55,0.55,0.55,0.92679,0.203638,0.738325,0.788855,review,evaluation,,,,,,,,Phase18N confirmatory reviewability packet; labels are not identity labels.
phase18n_megadescriptor_l_384_blind_0388,megadescriptor_l_384,confirmatory_stratified_blind_review,rank_02_05__similarity_mid__quality_low__same_identity__admission_high,rank_02_05,similarity_mid,quality_low,same_identity,admission_high,phase18a_czechlynx_1619,phase18a_czechlynx_1542,outputs/final_freeze/lynx-wild/images/czechlynx_1619__p16e_028365.jpg,outputs/final_freeze/lynx-wild/images/czechlynx_1542__p16e_028406.jpg,yes,5,0.62728697,0.801713,0.55,0.55,0.55,0.990833,0.097422,0.76912,0.769843,review,evaluation,,,,,,,,Phase18N confirmatory reviewability packet; labels are not identity labels.
phase18n_megadescriptor_l_384_blind_0389,megadescriptor_l_384,confirmatory_stratified_blind_review,rank_01__similarity_low__quality_low__same_identity__admission_low,rank_01,similarity_low,quality_low,same_identity,admission_low,phase18a_czechlynx_2089,phase18a_czechlynx_2095,outputs/final_freeze/lynx-wild/images/czechlynx_2089__p16e_024848.jpg,outputs/final_freeze/lynx-wild/images/czechlynx_2095__p16e_024847.jpg,yes,1,0.47889465,0.478291,0.55,0.55,0.55,0.887794,0.0,0.727411,0.572957,review,evaluation,,,,,,,,Phase18N confirmatory reviewability packet; labels are not identity labels.
phase18n_megadescriptor_l_384_blind_0390,megadescriptor_l_384,confirmatory_stratified_blind_review,rank_06_10__similarity_high__quality_low__same_identity__admission_high,rank_06_10,similarity_high,quality_low,same_identity,admission_high,phase18a_czechlynx_1940,phase18a_czechlynx_2112,outputs/final_freeze/lynx-wild/images/czechlynx_1940__p16e_028174.jpg,outputs/final_freeze/lynx-wild/images/czechlynx_2112__p16e_028181.jpg,yes,6,0.76156986,0.947882,0.55,0.55,0.55,0.998179,0.24102,0.757074,0.827171,review,evaluation,,,,,,,,Phase18N confirmatory reviewability packet; labels are not identity labels.
phase18n_megadescriptor_l_384_blind_0391,megadescriptor_l_384,confirmatory_stratified_blind_review,rank_01__similarity_low__quality_low__different_identity__admission_low,rank_01,similarity_low,quality_low,different_identity,admission_low,phase18a_czechlynx_2760,phase18a_czechlynx_1949,outputs/final_freeze/lynx-wild/images/czechlynx_2760__p16e_044407.jpg,outputs/final_freeze/lynx-wild/images/czechlynx_1949__p16e_028387.jpg,no,1,0.26499629,0.050284,0.449023,0.55,0.449023,0.681164,0.0,0.584344,0.253227,review,evaluation,,,,,,,,Phase18N confirmatory reviewability packet; labels are not identity labels.
phase18n_megadescriptor_l_384_blind_0392,megadescriptor_l_384,confirmatory_stratified_blind_review,rank_02_05__similarity_low__quality_low__same_identity__admission_mid,rank_02_05,similarity_low,quality_low,same_identity,admission_mid,phase18a_czechlynx_2009,phase18a_czechlynx_2317,outputs/final_freeze/lynx-wild/images/czechlynx_2009__p16e_007821.jpg,outputs/final_freeze/lynx-wild/images/czechlynx_2317__p16e_007827.jpg,yes,3,0.5051614,0.549576,0.55,0.55,0.55,0.935544,0.0,0.74791,0.624943,review,evaluation,,,,,,,,Phase18N confirmatory reviewability packet; labels are not identity labels.
phase18n_megadescriptor_l_384_blind_0393,megadescriptor_l_384,confirmatory_stratified_blind_review,rank_06_10__similarity_mid__quality_low__same_identity__admission_high,rank_06_10,similarity_mid,quality_low,same_identity,admission_high,phase18a_czechlynx_1865,phase18a_czechlynx_1838,outputs/final_freeze/lynx-wild/images/czechlynx_1865__p16e_028158.jpg,outputs/final_freeze/lynx-wild/images/czechlynx_1838__p16e_028176.jpg,yes,9,0.58930671,0.731096,0.55,0.55,0.55,0.992229,0.026315,0.776671,0.743151,review,evaluation,,,,,,,,Phase18N confirmatory reviewability packet; labels are not identity labels.
phase18n_megadescriptor_l_384_blind_0394,megadescriptor_l_384,confirmatory_stratified_blind_review,rank_11_20__similarity_low__quality_low__same_identity__admission_mid,rank_11_20,similarity_low,quality_low,same_identity,admission_mid,phase18a_czechlynx_1748,phase18a_czechlynx_1622,outputs/final_freeze/lynx-wild/images/czechlynx_1748__p16e_028381.jpg,outputs/final_freeze/lynx-wild/images/czechlynx_1622__p16e_028263.jpg,yes,11,0.47389445,0.463758,0.55,0.55,0.55,0.963621,0.0,0.74719,0.571462,review,evaluation,,,,,,,,Phase18N confirmatory reviewability packet; labels are not identity labels.
phase18n_megadescriptor_l_384_blind_0395,megadescriptor_l_384,confirmatory_stratified_blind_review,rank_06_10__similarity_mid__quality_low__same_identity__admission_low,rank_06_10,similarity_mid,quality_low,same_identity,admission_low,phase18a_czechlynx_1986,phase18a_czechlynx_1780,outputs/final_freeze/lynx-wild/images/czechlynx_1986__p16e_028182.jpg,outputs/final_freeze/lynx-wild/images/czechlynx_1780__p16e_028465.jpg,yes,10,0.65639579,0.850848,0.55,0.55,0.55,0.881064,0.184975,0.725788,0.76633,review,evaluation,,,,,,,,Phase18N confirmatory reviewability packet; labels are not identity labels.
phase18n_megadescriptor_l_384_blind_0396,megadescriptor_l_384,confirmatory_stratified_blind_review,rank_01__similarity_mid__quality_low__different_identity__admission_low,rank_01,similarity_mid,quality_low,different_identity,admission_low,phase18a_czechlynx_2871,phase18a_czechlynx_2372,outputs/final_freeze/lynx-wild/images/czechlynx_2871__p16e_043339.jpg,outputs/final_freeze/lynx-wild/images/czechlynx_2372__p16e_034347.jpg,no,1,0.5612154,0.676445,0.55,0.55,0.55,0.675532,0.082508,0.671292,0.657985,review,evaluation,,,,,,,,Phase18N confirmatory reviewability packet; labels are not identity labels.
phase18n_megadescriptor_l_384_blind_0397,megadescriptor_l_384,confirmatory_stratified_blind_review,rank_02_05__similarity_mid__quality_low__same_identity__admission_mid,rank_02_05,similarity_mid,quality_low,same_identity,admission_mid,phase18a_czechlynx_1619,phase18a_czechlynx_2097,outputs/final_freeze/lynx-wild/images/czechlynx_1619__p16e_028365.jpg,outputs/final_freeze/lynx-wild/images/czechlynx_2097__p16e_028393.jpg,yes,4,0.6290164,0.804613,0.55,0.55,0.55,0.90249,0.131242,0.73791,0.753018,review,evaluation,,,,,,,,Phase18N confirmatory reviewability packet; labels are not identity labels.
phase18n_megadescriptor_l_384_blind_0398,megadescriptor_l_384,confirmatory_stratified_blind_review,rank_01__similarity_mid__quality_low__same_identity__admission_high,rank_01,similarity_mid,quality_low,same_identity,admission_high,phase18a_czechlynx_1778,phase18a_czechlynx_1722,outputs/final_freeze/lynx-wild/images/czechlynx_1778__p16e_028357.jpg,outputs/final_freeze/lynx-wild/images/czechlynx_1722__p16e_028187.jpg,yes,1,0.60912287,0.768513,0.55,0.55,0.55,0.993293,0.06336,0.773301,0.75766,review,evaluation,,,,,,,,Phase18N confirmatory reviewability packet; labels are not identity labels.
phase18n_megadescriptor_l_384_blind_0399,megadescriptor_l_384,confirmatory_stratified_blind_review,rank_11_20__similarity_mid__quality_low__different_identity__admission_mid,rank_11_20,similarity_mid,quality_low,different_identity,admission_mid,phase18a_czechlynx_2695,phase18a_czechlynx_1872,outputs/final_freeze/lynx-wild/images/czechlynx_2695__p16e_037602.jpg,outputs/final_freeze/lynx-wild/images/czechlynx_1872__p16e_045215.jpg,no,20,0.59626448,0.744512,0.55,0.55,0.55,0.905678,0.070025,0.745036,0.730706,review,evaluation,,,,,,,,Phase18N confirmatory reviewability packet; labels are not identity labels.
phase18n_megadescriptor_l_384_blind_0400,megadescriptor_l_384,confirmatory_stratified_blind_review,rank_06_10__similarity_mid__quality_low__different_identity__admission_high,rank_06_10,similarity_mid,quality_low,different_identity,admission_high,phase18a_czechlynx_2591,phase18a_czechlynx_2817,outputs/final_freeze/lynx-wild/images/czechlynx_2591__p16e_043470.jpg,outputs/final_freeze/lynx-wild/images/czechlynx_2817__p16e_044124.jpg,no,10,0.59156412,0.735596,0.55,0.55,0.55,0.959355,0.042321,0.764715,0.738197,review,evaluation,,,,,,,,Phase18N confirmatory reviewability packet; labels are not identity labels.
phase18n_megadescriptor_l_384_blind_0401,megadescriptor_l_384,confirmatory_stratified_blind_review,rank_11_20__similarity_mid__quality_low__same_identity__admission_high,rank_11_20,similarity_mid,quality_low,same_identity,admission_high,phase18a_czechlynx_2247,phase18a_czechlynx_1813,outputs/final_freeze/lynx-wild/images/czechlynx_2247__p16e_028198.jpg,outputs/final_freeze/lynx-wild/images/czechlynx_1813__p16e_028275.jpg,yes,12,0.59604967,0.744229,0.55,0.55,0.55,0.9397,0.057834,0.756972,0.737505,review,evaluation,,,,,,,,Phase18N confirmatory reviewability packet; labels are not identity labels.
phase18n_megadescriptor_l_384_blind_0402,megadescriptor_l_384,confirmatory_stratified_blind_review,rank_01__similarity_low__quality_low__different_identity__admission_low,rank_01,similarity_low,quality_low,different_identity,admission_low,phase18a_czechlynx_1278,phase18a_czechlynx_2096,outputs/final_freeze/lynx-wild/images/czechlynx_1278__p16e_045908.jpg,outputs/final_freeze/lynx-wild/images/czechlynx_2096__p16e_043693.jpg,no,1,0.44744089,0.388923,0.495215,0.55,0.495215,0.697801,0.0,0.642267,0.485194,review,evaluation,,,,,,,,Phase18N confirmatory reviewability packet; labels are not identity labels.
phase18n_megadescriptor_l_384_blind_0403,megadescriptor_l_384,confirmatory_stratified_blind_review,rank_02_05__similarity_mid__quality_low__different_identity__admission_high,rank_02_05,similarity_mid,quality_low,different_identity,admission_high,phase18a_czechlynx_2467,phase18a_czechlynx_2355,outputs/final_freeze/lynx-wild/images/czechlynx_2467__p16e_040860.jpg,outputs/final_freeze/lynx-wild/images/czechlynx_2355__p16e_040691.jpg,no,3,0.61455023,0.778113,0.55,0.55,0.55,0.937413,0.092518,0.752783,0.749984,review,evaluation,,,,,,,,Phase18N confirmatory reviewability packet; labels are not identity labels.
phase18n_megadescriptor_l_384_blind_0404,megadescriptor_l_384,confirmatory_stratified_blind_review,rank_06_10__similarity_low__quality_low__different_identity__admission_low,rank_06_10,similarity_low,quality_low,different_identity,admission_low,phase18a_czechlynx_2923,phase18a_czechlynx_2298,outputs/final_freeze/lynx-wild/images/czechlynx_2923__p16e_024895.jpg,outputs/final_freeze/lynx-wild/images/czechlynx_2298__p16e_025959.jpg,no,9,0.39860195,0.260854,0.55,0.316895,0.316895,0.572669,0.0,0.519529,0.359151,defer_low_evidence,evaluation,,,,,,,,Phase18N confirmatory reviewability packet; labels are not identity labels.
phase18n_megadescriptor_l_384_blind_0405,megadescriptor_l_384,confirmatory_stratified_blind_review,rank_01__similarity_high__quality_low__same_identity__admission_mid,rank_01,similarity_high,quality_low,same_identity,admission_mid,phase18a_czechlynx_1761,phase18a_czechlynx_1618,outputs/final_freeze/lynx-wild/images/czechlynx_1761__p16e_028442.jpg,outputs/final_freeze/lynx-wild/images/czechlynx_1618__p16e_028524.jpg,yes,1,0.74045235,0.935849,0.55,0.55,0.55,0.956562,0.243552,0.743712,0.814126,review,evaluation,,,,,,,,Phase18N confirmatory reviewability packet; labels are not identity labels.
phase18n_megadescriptor_l_384_blind_0406,megadescriptor_l_384,confirmatory_stratified_blind_review,rank_02_05__similarity_low__quality_low__different_identity__admission_mid,rank_02_05,similarity_low,quality_low,different_identity,admission_mid,phase18a_czechlynx_1681,phase18a_czechlynx_2545,outputs/final_freeze/lynx-wild/images/czechlynx_1681__p16e_028037.jpg,outputs/final_freeze/lynx-wild/images/czechlynx_2545__p16e_017286.jpg,no,3,0.49820858,0.530492,0.55,0.55,0.55,0.937767,0.0,0.746624,0.612622,review,evaluation,,,,,,,,Phase18N confirmatory reviewability packet; labels are not identity labels.
phase18n_megadescriptor_l_384_blind_0407,megadescriptor_l_384,confirmatory_stratified_blind_review,rank_06_10__similarity_mid__quality_low__different_identity__admission_high,rank_06_10,similarity_mid,quality_low,different_identity,admission_high,phase18a_czechlynx_1776,phase18a_czechlynx_2153,outputs/final_freeze/lynx-wild/images/czechlynx_1776__p16e_032539.jpg,outputs/final_freeze/lynx-wild/images/czechlynx_2153__p16e_019221.jpg,no,9,0.65963668,0.855498,0.55,0.55,0.55,0.978246,0.155611,0.759336,0.787834,review,evaluation,,,,,,,,Phase18N confirmatory reviewability packet; labels are not identity labels.
phase18n_megadescriptor_l_384_blind_0408,megadescriptor_l_384,confirmatory_stratified_blind_review,rank_06_10__similarity_high__quality_low__same_identity__admission_low,rank_06_10,similarity_high,quality_low,same_identity,admission_low,phase18a_czechlynx_1471,phase18a_czechlynx_1856,outputs/final_freeze/lynx-wild/images/czechlynx_1471__p16e_028378.jpg,outputs/final_freeze/lynx-wild/images/czechlynx_1856__p16e_028343.jpg,yes,7,0.83932447,0.97445,0.55,0.55,0.55,0.926339,0.292731,0.729274,0.822737,review,evaluation,,,,,,,,Phase18N confirmatory reviewability packet; labels are not identity labels.
phase18n_megadescriptor_l_384_blind_0409,megadescriptor_l_384,confirmatory_stratified_blind_review,rank_02_05__similarity_mid__quality_low__same_identity__admission_high,rank_02_05,similarity_mid,quality_low,same_identity,admission_high,phase18a_czechlynx_1301,phase18a_czechlynx_1490,outputs/final_freeze/lynx-wild/images/czechlynx_1301__p16e_028554.jpg,outputs/final_freeze/lynx-wild/images/czechlynx_1490__p16e_028413.jpg,yes,3,0.55944282,0.672511,0.55,0.55,0.55,0.931787,0.0,0.759151,0.705434,review,evaluation,,,,,,,,Phase18N confirmatory reviewability packet; labels are not identity labels.
phase18n_megadescriptor_l_384_blind_0410,megadescriptor_l_384,confirmatory_stratified_blind_review,rank_06_10__similarity_low__quality_low__same_identity__admission_mid,rank_06_10,similarity_low,quality_low,same_identity,admission_mid,phase18a_czechlynx_1645,phase18a_czechlynx_1936,outputs/final_freeze/lynx-wild/images/czechlynx_1645__p16e_028501.jpg,outputs/final_freeze/lynx-wild/images/czechlynx_1936__p16e_028390.jpg,yes,10,0.48806459,0.503025,0.55,0.55,0.55,0.933279,0.0,0.742621,0.594072,review,evaluation,,,,,,,,Phase18N confirmatory reviewability packet; labels are not identity labels.
phase18n_megadescriptor_l_384_blind_0411,megadescriptor_l_384,confirmatory_stratified_blind_review,rank_02_05__similarity_low__quality_low__different_identity__admission_low,rank_02_05,similarity_low,quality_low,different_identity,admission_low,phase18a_czechlynx_2268,phase18a_czechlynx_2926,outputs/final_freeze/lynx-wild/images/czechlynx_2268__p16e_008636.jpg,outputs/final_freeze/lynx-wild/images/czechlynx_2926__p16e_025067.jpg,no,5,0.30048138,0.087868,0.55,0.55,0.55,0.862228,0.0,0.681211,0.313338,review,evaluation,,,,,,,,Phase18N confirmatory reviewability packet; labels are not identity labels.
phase18n_megadescriptor_l_384_blind_0412,megadescriptor_l_384,confirmatory_stratified_blind_review,rank_11_20__similarity_mid__quality_low__different_identity__admission_high,rank_11_20,similarity_mid,quality_low,different_identity,admission_high,phase18a_czechlynx_2489,phase18a_czechlynx_2902,outputs/final_freeze/lynx-wild/images/czechlynx_2489__p16e_034265.jpg,outputs/final_freeze/lynx-wild/images/czechlynx_2902__p16e_043263.jpg,no,15,0.54062629,0.634244,0.55,0.55,0.55,0.944916,0.0,0.759001,0.681652,review,evaluation,,,,,,,,Phase18N confirmatory reviewability packet; labels are not identity labels.
phase18n_megadescriptor_l_384_blind_0413,megadescriptor_l_384,confirmatory_stratified_blind_review,rank_02_05__similarity_low__quality_low__different_identity__admission_low,rank_02_05,similarity_low,quality_low,different_identity,admission_low,phase18a_czechlynx_1860,phase18a_czechlynx_1566,outputs/final_freeze/lynx-wild/images/czechlynx_1860__p16e_039109.jpg,outputs/final_freeze/lynx-wild/images/czechlynx_1566__p16e_036515.jpg,no,5,0.46612304,0.440641,0.55,0.55,0.55,0.77179,0.0,0.691165,0.53584,review,evaluation,,,,,,,,Phase18N confirmatory reviewability packet; labels are not identity labels.
phase18n_megadescriptor_l_384_blind_0414,megadescriptor_l_384,confirmatory_stratified_blind_review,rank_06_10__similarity_high__quality_low__same_identity__admission_low,rank_06_10,similarity_high,quality_low,same_identity,admission_low,phase18a_czechlynx_1542,phase18a_czechlynx_2097,outputs/final_freeze/lynx-wild/images/czechlynx_1542__p16e_028406.jpg,outputs/final_freeze/lynx-wild/images/czechlynx_2097__p16e_028393.jpg,yes,6,0.72558415,0.926182,0.55,0.55,0.55,0.910159,0.250126,0.728438,0.801014,review,evaluation,,,,,,,,Phase18N confirmatory reviewability packet; labels are not identity labels.
phase18n_megadescriptor_l_384_blind_0415,megadescriptor_l_384,confirmatory_stratified_blind_review,rank_01__similarity_mid__quality_low__different_identity__admission_low,rank_01,similarity_mid,quality_low,different_identity,admission_low,phase18a_czechlynx_2975,phase18a_czechlynx_2424,outputs/final_freeze/lynx-wild/images/czechlynx_2975__p16e_035617.jpg,outputs/final_freeze/lynx-wild/images/czechlynx_2424__p16e_036609.jpg,no,1,0.63512534,0.81573,0.55,0.55,0.55,0.687909,0.217462,0.661695,0.713704,review,evaluation,,,,,,,,Phase18N confirmatory reviewability packet; labels are not identity labels.
phase18n_megadescriptor_l_384_blind_0416,megadescriptor_l_384,confirmatory_stratified_blind_review,rank_11_20__similarity_high__quality_low__same_identity__admission_high,rank_11_20,similarity_high,quality_low,same_identity,admission_high,phase18a_czechlynx_1768,phase18a_czechlynx_1581,outputs/final_freeze/lynx-wild/images/czechlynx_1768__p16e_028314.jpg,outputs/final_freeze/lynx-wild/images/czechlynx_1581__p16e_028302.jpg,yes,16,0.859761,0.978283,0.55,0.55,0.55,0.994529,0.272698,0.752757,0.838044,review,evaluation,,,,,,,,Phase18N confirmatory reviewability packet; labels are not identity labels.
phase18n_megadescriptor_l_384_blind_0417,megadescriptor_l_384,confirmatory_stratified_blind_review,rank_06_10__similarity_high__quality_low__same_identity__admission_low,rank_06_10,similarity_high,quality_low,same_identity,admission_low,phase18a_czechlynx_1367,phase18a_czechlynx_1779,outputs/final_freeze/lynx-wild/images/czechlynx_1367__p16e_028380.jpg,outputs/final_freeze/lynx-wild/images/czechlynx_1779__p16e_028348.jpg,yes,9,0.81031108,0.966499,0.55,0.55,0.55,0.929037,0.283836,0.731013,0.820247,review,evaluation,,,,,,,,Phase18N confirmatory reviewability packet; labels are not identity labels.
phase18n_megadescriptor_l_384_blind_0418,megadescriptor_l_384,confirmatory_stratified_blind_review,rank_11_20__similarity_mid__quality_low__same_identity__admission_mid,rank_11_20,similarity_mid,quality_low,same_identity,admission_mid,phase18a_czechlynx_1838,phase18a_czechlynx_1856,outputs/final_freeze/lynx-wild/images/czechlynx_1838__p16e_028176.jpg,outputs/final_freeze/lynx-wild/images/czechlynx_1856__p16e_028343.jpg,yes,18,0.6278953,0.80273,0.55,0.55,0.55,0.903991,0.128833,0.738624,0.752603,review,evaluation,,,,,,,,Phase18N confirmatory reviewability packet; labels are not identity labels.
phase18n_megadescriptor_l_384_blind_0419,megadescriptor_l_384,confirmatory_stratified_blind_review,rank_06_10__similarity_high__quality_low__different_identity__admission_high,rank_06_10,similarity_high,quality_low,different_identity,admission_high,phase18a_czechlynx_2044,phase18a_czechlynx_1952,outputs/final_freeze/lynx-wild/images/czechlynx_2044__p16e_043670.jpg,outputs/final_freeze/lynx-wild/images/czechlynx_1952__p16e_044198.jpg,no,6,0.67319018,0.874981,0.55,0.55,0.55,0.985915,0.172411,0.760072,0.796834,review,evaluation,,,,,,,,Phase18N confirmatory reviewability packet; labels are not identity labels.
phase18n_megadescriptor_l_384_blind_0420,megadescriptor_l_384,confirmatory_stratified_blind_review,rank_06_10__similarity_low__quality_low__same_identity__admission_mid,rank_06_10,similarity_low,quality_low,same_identity,admission_mid,phase18a_czechlynx_1341,phase18a_czechlynx_1308,outputs/final_freeze/lynx-wild/images/czechlynx_1341__p16e_028144.jpg,outputs/final_freeze/lynx-wild/images/czechlynx_1308__p16e_028499.jpg,yes,8,0.51788354,0.58121,0.55,0.55,0.55,0.876415,0.0,0.734517,0.639466,review,evaluation,,,,,,,,Phase18N confirmatory reviewability packet; labels are not identity labels.
phase18n_megadescriptor_l_384_blind_0421,megadescriptor_l_384,confirmatory_stratified_blind_review,rank_02_05__similarity_high__quality_low__different_identity__admission_mid,rank_02_05,similarity_high,quality_low,different_identity,admission_mid,phase18a_czechlynx_2426,phase18a_czechlynx_2228,outputs/final_freeze/lynx-wild/images/czechlynx_2426__p16e_044049.jpg,outputs/final_freeze/lynx-wild/images/czechlynx_2228__p16e_034342.jpg,no,5,0.70580387,0.910482,0.55,0.55,0.55,0.952908,0.219464,0.74497,0.803695,review,evaluation,,,,,,,,Phase18N confirmatory reviewability packet; labels are not identity labels.
phase18n_megadescriptor_l_384_blind_0422,megadescriptor_l_384,confirmatory_stratified_blind_review,rank_11_20__similarity_high__quality_low__same_identity__admission_low,rank_11_20,similarity_high,quality_low,same_identity,admission_low,phase18a_czechlynx_1490,phase18a_czechlynx_1633,outputs/final_freeze/lynx-wild/images/czechlynx_1490__p16e_028413.jpg,outputs/final_freeze/lynx-wild/images/czechlynx_1633__p16e_028523.jpg,yes,12,0.68300188,0.886898,0.55,0.55,0.55,0.899124,0.214705,0.728504,0.783767,review,evaluation,,,,,,,,Phase18N confirmatory reviewability packet; labels are not identity labels.
phase18n_megadescriptor_l_384_blind_0423,megadescriptor_l_384,confirmatory_stratified_blind_review,rank_01__similarity_mid__quality_low__different_identity__admission_low,rank_01,similarity_mid,quality_low,different_identity,admission_low,phase18a_czechlynx_2877,phase18a_czechlynx_1351,outputs/final_freeze/lynx-wild/images/czechlynx_2877__p16e_013419.jpg,outputs/final_freeze/lynx-wild/images/czechlynx_1351__p16e_019022.jpg,no,1,0.5679704,0.689995,0.55,0.55,0.55,0.662857,0.100495,0.6655,0.660588,review,evaluation,,,,,,,,Phase18N confirmatory reviewability packet; labels are not identity labels.
phase18n_megadescriptor_l_384_blind_0424,megadescriptor_l_384,confirmatory_stratified_blind_review,rank_11_20__similarity_low__quality_low__same_identity__admission_mid,rank_11_20,similarity_low,quality_low,same_identity,admission_mid,phase18a_czechlynx_1905,phase18a_czechlynx_1858,outputs/final_freeze/lynx-wild/images/czechlynx_1905__p16e_028415.jpg,outputs/final_freeze/lynx-wild/images/czechlynx_1858__p16e_028456.jpg,yes,17,0.50830913,0.557809,0.55,0.55,0.55,0.936519,0.0,0.749006,0.630464,review,evaluation,,,,,,,,Phase18N confirmatory reviewability packet; labels are not identity labels.
phase18n_megadescriptor_l_384_blind_0425,megadescriptor_l_384,confirmatory_stratified_blind_review,rank_01__similarity_low__quality_low__same_identity__admission_high,rank_01,similarity_low,quality_low,same_identity,admission_high,phase18a_czechlynx_2613,phase18a_czechlynx_1612,outputs/final_freeze/lynx-wild/images/czechlynx_2613__p16e_006767.jpg,outputs/final_freeze/lynx-wild/images/czechlynx_1612__p16e_006774.jpg,yes,1,0.50778031,0.556393,0.55,0.55,0.55,0.972814,0.0,0.759027,0.633394,review,evaluation,,,,,,,,Phase18N confirmatory reviewability packet; labels are not identity labels.
phase18n_megadescriptor_l_384_blind_0426,megadescriptor_l_384,confirmatory_stratified_blind_review,rank_11_20__similarity_low__quality_low__same_identity__admission_low,rank_11_20,similarity_low,quality_low,same_identity,admission_low,phase18a_czechlynx_1749,phase18a_czechlynx_1760,outputs/final_freeze/lynx-wild/images/czechlynx_1749__p16e_028567.jpg,outputs/final_freeze/lynx-wild/images/czechlynx_1760__p16e_028152.jpg,yes,19,0.35364711,0.165986,0.55,0.55,0.55,0.945406,0.0,0.712312,0.37359,review,evaluation,,,,,,,,Phase18N confirmatory reviewability packet; labels are not identity labels.
phase18n_megadescriptor_l_384_blind_0427,megadescriptor_l_384,confirmatory_stratified_blind_review,rank_06_10__similarity_high__quality_low__different_identity__admission_high,rank_06_10,similarity_high,quality_low,different_identity,admission_high,phase18a_czechlynx_2426,phase18a_czechlynx_2559,outputs/final_freeze/lynx-wild/images/czechlynx_2426__p16e_044049.jpg,outputs/final_freeze/lynx-wild/images/czechlynx_2559__p16e_036509.jpg,no,6,0.70054162,0.905648,0.55,0.55,0.55,0.989026,0.201989,0.758094,0.80918,review,evaluation,,,,,,,,Phase18N confirmatory reviewability packet; labels are not identity labels.
phase18n_megadescriptor_l_384_blind_0428,megadescriptor_l_384,confirmatory_stratified_blind_review,rank_02_05__similarity_mid__quality_low__same_identity__admission_high,rank_02_05,similarity_mid,quality_low,same_identity,admission_high,phase18a_czechlynx_1816,phase18a_czechlynx_1389,outputs/final_freeze/lynx-wild/images/czechlynx_1816__p16e_028435.jpg,outputs/final_freeze/lynx-wild/images/czechlynx_1389__p16e_028508.jpg,yes,5,0.62932134,0.80543,0.55,0.55,0.55,0.975068,0.106656,0.763231,0.768063,review,evaluation,,,,,,,,Phase18N confirmatory reviewability packet; labels are not identity labels.
phase18n_megadescriptor_l_384_blind_0429,megadescriptor_l_384,confirmatory_stratified_blind_review,rank_11_20__similarity_high__quality_low__same_identity__admission_high,rank_11_20,similarity_high,quality_low,same_identity,admission_high,phase18a_czechlynx_1581,phase18a_czechlynx_1792,outputs/final_freeze/lynx-wild/images/czechlynx_1581__p16e_028302.jpg,outputs/final_freeze/lynx-wild/images/czechlynx_1792__p16e_028313.jpg,yes,14,0.82912523,0.97185,0.55,0.55,0.55,0.995614,0.265885,0.75378,0.835806,review,evaluation,,,,,,,,Phase18N confirmatory reviewability packet; labels are not identity labels.
phase18n_megadescriptor_l_384_blind_0430,megadescriptor_l_384,confirmatory_stratified_blind_review,rank_06_10__similarity_mid__quality_low__different_identity__admission_high,rank_06_10,similarity_mid,quality_low,different_identity,admission_high,phase18a_czechlynx_2489,phase18a_czechlynx_2771,outputs/final_freeze/lynx-wild/images/czechlynx_2489__p16e_034265.jpg,outputs/final_freeze/lynx-wild/images/czechlynx_2771__p16e_045581.jpg,no,9,0.56876034,0.691928,0.55,0.55,0.55,0.983904,0.0,0.775686,0.723756,review,evaluation,,,,,,,,Phase18N confirmatory reviewability packet; labels are not identity labels.
phase18n_megadescriptor_l_384_blind_0431,megadescriptor_l_384,confirmatory_stratified_blind_review,rank_11_20__similarity_low__quality_low__different_identity__admission_high,rank_11_20,similarity_low,quality_low,different_identity,admission_high,phase18a_czechlynx_2797,phase18a_czechlynx_1443,outputs/final_freeze/lynx-wild/images/czechlynx_2797__p16e_044125.jpg,outputs/final_freeze/lynx-wild/images/czechlynx_1443__p16e_044586.jpg,no,16,0.49948767,0.534176,0.55,0.55,0.55,0.974825,0.0,0.757369,0.618989,review,evaluation,,,,,,,,Phase18N confirmatory reviewability packet; labels are not identity labels.
phase18n_megadescriptor_l_384_blind_0432,megadescriptor_l_384,confirmatory_stratified_blind_review,rank_02_05__similarity_low__quality_low__different_identity__admission_high,rank_02_05,similarity_low,quality_low,different_identity,admission_high,phase18a_czechlynx_2846,phase18a_czechlynx_1440,outputs/final_freeze/lynx-wild/images/czechlynx_2846__p16e_036195.jpg,outputs/final_freeze/lynx-wild/images/czechlynx_1440__p16e_020433.jpg,no,3,0.51665175,0.578326,0.55,0.55,0.55,0.988776,0.0,0.76569,0.649525,review,evaluation,,,,,,,,Phase18N confirmatory reviewability packet; labels are not identity labels.
phase18n_megadescriptor_l_384_blind_0433,megadescriptor_l_384,confirmatory_stratified_blind_review,rank_11_20__similarity_mid__quality_low__different_identity__admission_mid,rank_11_20,similarity_mid,quality_low,different_identity,admission_mid,phase18a_czechlynx_1598,phase18a_czechlynx_1968,outputs/final_freeze/lynx-wild/images/czechlynx_1598__p16e_039724.jpg,outputs/final_freeze/lynx-wild/images/czechlynx_1968__p16e_045313.jpg,no,11,0.63234067,0.81063,0.55,0.55,0.55,0.890694,0.141387,0.73318,0.752922,review,evaluation,,,,,,,,Phase18N confirmatory reviewability packet; labels are not identity labels.
phase18n_megadescriptor_l_384_blind_0434,megadescriptor_l_384,confirmatory_stratified_blind_review,rank_02_05__similarity_low__quality_low__same_identity__admission_low,rank_02_05,similarity_low,quality_low,same_identity,admission_low,phase18a_czechlynx_2485,phase18a_czechlynx_2084,outputs/final_freeze/lynx-wild/images/czechlynx_2485__p16e_024874.jpg,outputs/final_freeze/lynx-wild/images/czechlynx_2084__p16e_024890.jpg,yes,3,0.30703452,0.095602,0.55,0.55,0.55,0.916566,0.0,0.697199,0.324209,review,evaluation,,,,,,,,Phase18N confirmatory reviewability packet; labels are not identity labels.
phase18n_megadescriptor_l_384_blind_0435,megadescriptor_l_384,confirmatory_stratified_blind_review,rank_02_05__similarity_high__quality_low__same_identity__admission_mid,rank_02_05,similarity_high,quality_low,same_identity,admission_mid,phase18a_czechlynx_2034,phase18a_czechlynx_1987,outputs/final_freeze/lynx-wild/images/czechlynx_2034__p16e_028334.jpg,outputs/final_freeze/lynx-wild/images/czechlynx_1987__p16e_028335.jpg,yes,2,0.90894282,0.989683,0.55,0.55,0.55,0.994944,0.283953,0.751762,0.842483,review,evaluation,,,,,,,,Phase18N confirmatory reviewability packet; labels are not identity labels.
phase18n_megadescriptor_l_384_blind_0436,megadescriptor_l_384,confirmatory_stratified_blind_review,rank_06_10__similarity_low__quality_low__same_identity__admission_mid,rank_06_10,similarity_low,quality_low,same_identity,admission_mid,phase18a_czechlynx_2317,phase18a_czechlynx_2652,outputs/final_freeze/lynx-wild/images/czechlynx_2317__p16e_007827.jpg,outputs/final_freeze/lynx-wild/images/czechlynx_2652__p16e_006764.jpg,yes,6,0.45472786,0.407723,0.55,0.55,0.55,0.973891,0.0,0.744462,0.535684,review,evaluation,,,,,,,,Phase18N confirmatory reviewability packet; labels are not identity labels.
phase18n_megadescriptor_l_384_blind_0437,megadescriptor_l_384,confirmatory_stratified_blind_review,rank_01__similarity_low__quality_low__same_identity__admission_low,rank_01,similarity_low,quality_low,same_identity,admission_low,phase18a_czechlynx_2095,phase18a_czechlynx_2089,outputs/final_freeze/lynx-wild/images/czechlynx_2095__p16e_024847.jpg,outputs/final_freeze/lynx-wild/images/czechlynx_2089__p16e_024848.jpg,yes,1,0.47889465,0.478275,0.55,0.55,0.55,0.887794,0.0,0.72741,0.572946,review,evaluation,,,,,,,,Phase18N confirmatory reviewability packet; labels are not identity labels.
phase18n_megadescriptor_l_384_blind_0438,megadescriptor_l_384,confirmatory_stratified_blind_review,rank_11_20__similarity_mid__quality_low__same_identity__admission_mid,rank_11_20,similarity_mid,quality_low,same_identity,admission_mid,phase18a_czechlynx_1980,phase18a_czechlynx_1790,outputs/final_freeze/lynx-wild/images/czechlynx_1980__p16e_028180.jpg,outputs/final_freeze/lynx-wild/images/czechlynx_1790__p16e_028356.jpg,yes,18,0.63530707,0.816147,0.55,0.55,0.55,0.900582,0.143443,0.736089,0.757036,review,evaluation,,,,,,,,Phase18N confirmatory reviewability packet; labels are not identity labels.
phase18n_megadescriptor_l_384_blind_0439,megadescriptor_l_384,confirmatory_stratified_blind_review,rank_02_05__similarity_low__quality_low__same_identity__admission_low,rank_02_05,similarity_low,quality_low,same_identity,admission_low,phase18a_czechlynx_2342,phase18a_czechlynx_1813,outputs/final_freeze/lynx-wild/images/czechlynx_2342__p16e_028566.jpg,outputs/final_freeze/lynx-wild/images/czechlynx_1813__p16e_028275.jpg,yes,3,0.27982312,0.063318,0.55,0.55,0.55,0.931609,0.0,0.698182,0.304566,review,evaluation,,,,,,,,Phase18N confirmatory reviewability packet; labels are not identity labels.
phase18n_megadescriptor_l_384_blind_0440,megadescriptor_l_384,confirmatory_stratified_blind_review,rank_01__similarity_high__quality_low__same_identity__admission_low,rank_01,similarity_high,quality_low,same_identity,admission_low,phase18a_czechlynx_1479,phase18a_czechlynx_1374,outputs/final_freeze/lynx-wild/images/czechlynx_1479__p16e_033045.jpg,outputs/final_freeze/lynx-wild/images/czechlynx_1374__p16e_033046.jpg,yes,1,0.92766374,0.993967,0.385645,0.368457,0.368457,0.974179,0.413507,0.644217,0.77836,review,evaluation,,,,,,,,Phase18N confirmatory reviewability packet; labels are not identity labels.
phase18n_megadescriptor_l_384_blind_0441,megadescriptor_l_384,confirmatory_stratified_blind_review,rank_11_20__similarity_low__quality_low__different_identity__admission_low,rank_11_20,similarity_low,quality_low,different_identity,admission_low,phase18a_czechlynx_2672,phase18a_czechlynx_2766,outputs/final_freeze/lynx-wild/images/czechlynx_2672__p16e_028658.jpg,outputs/final_freeze/lynx-wild/images/czechlynx_2766__p16e_039801.jpg,no,19,0.31288791,0.103852,0.55,0.55,0.55,0.790931,0.0,0.662846,0.31627,review,evaluation,,,,,,,,Phase18N confirmatory reviewability packet; labels are not identity labels.
phase18n_megadescriptor_l_384_blind_0442,megadescriptor_l_384,confirmatory_stratified_blind_review,rank_11_20__similarity_low__quality_low__different_identity__admission_low,rank_11_20,similarity_low,quality_low,different_identity,admission_low,phase18a_czechlynx_2582,phase18a_czechlynx_2641,outputs/final_freeze/lynx-wild/images/czechlynx_2582__p16e_042996.jpg,outputs/final_freeze/lynx-wild/images/czechlynx_2641__p16e_044873.jpg,no,12,0.34070265,0.143352,0.55,0.55,0.55,0.740338,0.0,0.65263,0.336878,review,evaluation,,,,,,,,Phase18N confirmatory reviewability packet; labels are not identity labels.
phase18n_megadescriptor_l_384_blind_0443,megadescriptor_l_384,confirmatory_stratified_blind_review,rank_06_10__similarity_mid__quality_low__different_identity__admission_mid,rank_06_10,similarity_mid,quality_low,different_identity,admission_mid,phase18a_czechlynx_1879,phase18a_czechlynx_2636,outputs/final_freeze/lynx-wild/images/czechlynx_1879__p16e_044205.jpg,outputs/final_freeze/lynx-wild/images/czechlynx_2636__p16e_016181.jpg,no,6,0.55208415,0.657428,0.55,0.55,0.55,0.869591,0.0,0.740228,0.688892,review,evaluation,,,,,,,,Phase18N confirmatory reviewability packet; labels are not identity labels.
phase18n_megadescriptor_l_384_blind_0444,megadescriptor_l_384,confirmatory_stratified_blind_review,rank_06_10__similarity_mid__quality_low__different_identity__admission_low,rank_06_10,similarity_mid,quality_low,different_identity,admission_low,phase18a_czechlynx_2694,phase18a_czechlynx_1766,outputs/final_freeze/lynx-wild/images/czechlynx_2694__p16e_042582.jpg,outputs/final_freeze/lynx-wild/images/czechlynx_1766__p16e_044740.jpg,no,7,0.61988765,0.788763,0.55,0.55,0.55,0.822446,0.143407,0.71148,0.730714,review,evaluation,,,,,,,,Phase18N confirmatory reviewability packet; labels are not identity labels.
phase18n_megadescriptor_l_384_blind_0445,megadescriptor_l_384,confirmatory_stratified_blind_review,rank_11_20__similarity_mid__quality_low__same_identity__admission_mid,rank_11_20,similarity_mid,quality_low,same_identity,admission_mid,phase18a_czechlynx_1650,phase18a_czechlynx_1844,outputs/final_freeze/lynx-wild/images/czechlynx_1650__p16e_028366.jpg,outputs/final_freeze/lynx-wild/images/czechlynx_1844__p16e_028324.jpg,yes,20,0.60146272,0.754896,0.55,0.55,0.55,0.928389,0.07246,0.751947,0.739283,review,evaluation,,,,,,,,Phase18N confirmatory reviewability packet; labels are not identity labels.
phase18n_megadescriptor_l_384_blind_0446,megadescriptor_l_384,confirmatory_stratified_blind_review,rank_11_20__similarity_low__quality_low__same_identity__admission_high,rank_11_20,similarity_low,quality_low,same_identity,admission_high,phase18a_czechlynx_1875,phase18a_czechlynx_1800,outputs/final_freeze/lynx-wild/images/czechlynx_1875__p16e_028273.jpg,outputs/final_freeze/lynx-wild/images/czechlynx_1800__p16e_028171.jpg,yes,11,0.50233823,0.541826,0.55,0.55,0.55,0.956914,0.0,0.753118,0.622117,review,evaluation,,,,,,,,Phase18N confirmatory reviewability packet; labels are not identity labels.
phase18n_megadescriptor_l_384_blind_0447,megadescriptor_l_384,confirmatory_stratified_blind_review,rank_01__similarity_mid__quality_low__different_identity__admission_low,rank_01,similarity_mid,quality_low,different_identity,admission_low,phase18a_czechlynx_2982,phase18a_czechlynx_2908,outputs/final_freeze/lynx-wild/images/czechlynx_2982__p16e_030718.jpg,outputs/final_freeze/lynx-wild/images/czechlynx_2908__p16e_041013.jpg,no,1,0.57696563,0.707845,0.55,0.55,0.55,0.851475,0.052329,0.729732,0.705696,review,evaluation,,,,,,,,Phase18N confirmatory reviewability packet; labels are not identity labels.
phase18n_megadescriptor_l_384_blind_0448,megadescriptor_l_384,confirmatory_stratified_blind_review,rank_06_10__similarity_low__quality_low__same_identity__admission_low,rank_06_10,similarity_low,quality_low,same_identity,admission_low,phase18a_czechlynx_1298,phase18a_czechlynx_1366,outputs/final_freeze/lynx-wild/images/czechlynx_1298__p16e_028538.jpg,outputs/final_freeze/lynx-wild/images/czechlynx_1366__p16e_028516.jpg,yes,10,0.44119173,0.37149,0.55,0.55,0.55,0.911036,0.0,0.723239,0.505154,review,evaluation,,,,,,,,Phase18N confirmatory reviewability packet; labels are not identity labels.
phase18n_megadescriptor_l_384_blind_0449,megadescriptor_l_384,confirmatory_stratified_blind_review,rank_06_10__similarity_mid__quality_low__different_identity__admission_low,rank_06_10,similarity_mid,quality_low,different_identity,admission_low,phase18a_czechlynx_2757,phase18a_czechlynx_2194,outputs/final_freeze/lynx-wild/images/czechlynx_2757__p16e_043694.jpg,outputs/final_freeze/lynx-wild/images/czechlynx_2194__p16e_034341.jpg,no,10,0.66087341,0.857531,0.55,0.55,0.55,0.837863,0.206779,0.709999,0.760113,review,evaluation,,,,,,,,Phase18N confirmatory reviewability packet; labels are not identity labels.
phase18n_megadescriptor_l_384_blind_0450,megadescriptor_l_384,confirmatory_stratified_blind_review,rank_11_20__similarity_high__quality_low__same_identity__admission_low,rank_11_20,similarity_high,quality_low,same_identity,admission_low,phase18a_czechlynx_1353,phase18a_czechlynx_2694,outputs/final_freeze/lynx-wild/images/czechlynx_1353__p16e_042049.jpg,outputs/final_freeze/lynx-wild/images/czechlynx_2694__p16e_042582.jpg,yes,11,0.69412804,0.899082,0.55,0.55,0.55,0.894995,0.228333,0.72584,0.787583,review,evaluation,,,,,,,,Phase18N confirmatory reviewability packet; labels are not identity labels.
phase18n_megadescriptor_l_384_blind_0451,megadescriptor_l_384,confirmatory_stratified_blind_review,rank_02_05__similarity_high__quality_low__same_identity__admission_high,rank_02_05,similarity_high,quality_low,same_identity,admission_high,phase18a_czechlynx_1768,phase18a_czechlynx_1792,outputs/final_freeze/lynx-wild/images/czechlynx_1768__p16e_028314.jpg,outputs/final_freeze/lynx-wild/images/czechlynx_1792__p16e_028313.jpg,yes,4,0.9290902,0.994233,0.55,0.55,0.55,0.998906,0.287116,0.752694,0.845025,review,evaluation,,,,,,,,Phase18N confirmatory reviewability packet; labels are not identity labels.
phase18n_megadescriptor_l_384_blind_0452,megadescriptor_l_384,confirmatory_stratified_blind_review,rank_06_10__similarity_low__quality_low__different_identity__admission_mid,rank_06_10,similarity_low,quality_low,different_identity,admission_mid,phase18a_czechlynx_1480,phase18a_czechlynx_2586,outputs/final_freeze/lynx-wild/images/czechlynx_1480__p16e_032537.jpg,outputs/final_freeze/lynx-wild/images/czechlynx_2586__p16e_021009.jpg,no,7,0.4606204,0.425507,0.55,0.55,0.55,0.935758,0.0,0.735563,0.543328,review,evaluation,,,,,,,,Phase18N confirmatory reviewability packet; labels are not identity labels.
phase18n_megadescriptor_l_384_blind_0453,megadescriptor_l_384,confirmatory_stratified_blind_review,rank_01__similarity_high__quality_low__different_identity__admission_low,rank_01,similarity_high,quality_low,different_identity,admission_low,phase18a_czechlynx_2101,phase18a_czechlynx_2473,outputs/final_freeze/lynx-wild/images/czechlynx_2101__p16e_043454.jpg,outputs/final_freeze/lynx-wild/images/czechlynx_2473__p16e_034770.jpg,no,1,0.76251781,0.948399,0.55,0.55,0.55,0.888177,0.280037,0.718522,0.805038,review,evaluation,,,,,,,,Phase18N confirmatory reviewability packet; labels are not identity labels.
phase18n_megadescriptor_l_384_blind_0454,megadescriptor_l_384,confirmatory_stratified_blind_review,rank_06_10__similarity_mid__quality_low__same_identity__admission_mid,rank_06_10,similarity_mid,quality_low,same_identity,admission_mid,phase18a_czechlynx_1421,phase18a_czechlynx_1688,outputs/final_freeze/lynx-wild/images/czechlynx_1421__p16e_028372.jpg,outputs/final_freeze/lynx-wild/images/czechlynx_1688__p16e_028252.jpg,yes,9,0.5949313,0.742112,0.55,0.55,0.55,0.915295,0.064259,0.748642,0.731742,review,evaluation,,,,,,,,Phase18N confirmatory reviewability packet; labels are not identity labels.
phase18n_megadescriptor_l_384_blind_0455,megadescriptor_l_384,confirmatory_stratified_blind_review,rank_02_05__similarity_mid__quality_low__same_identity__admission_high,rank_02_05,similarity_mid,quality_low,same_identity,admission_high,phase18a_czechlynx_1957,phase18a_czechlynx_1408,outputs/final_freeze/lynx-wild/images/czechlynx_1957__p16e_028461.jpg,outputs/final_freeze/lynx-wild/images/czechlynx_1408__p16e_028250.jpg,yes,5,0.65457654,0.847914,0.55,0.55,0.55,0.958837,0.154821,0.753302,0.780997,review,evaluation,,,,,,,,Phase18N confirmatory reviewability packet; labels are not identity labels.
phase18n_megadescriptor_l_384_blind_0456,megadescriptor_l_384,confirmatory_stratified_blind_review,rank_11_20__similarity_mid__quality_low__same_identity__admission_low,rank_11_20,similarity_mid,quality_low,same_identity,admission_low,phase18a_czechlynx_1552,phase18a_czechlynx_1490,outputs/final_freeze/lynx-wild/images/czechlynx_1552__p16e_028436.jpg,outputs/final_freeze/lynx-wild/images/czechlynx_1490__p16e_028413.jpg,yes,20,0.61255682,0.774446,0.55,0.55,0.55,0.86382,0.114609,0.727392,0.733644,review,evaluation,,,,,,,,Phase18N confirmatory reviewability packet; labels are not identity labels.
phase18n_megadescriptor_l_384_blind_0457,megadescriptor_l_384,confirmatory_stratified_blind_review,rank_11_20__similarity_low__quality_low__same_identity__admission_mid,rank_11_20,similarity_low,quality_low,same_identity,admission_mid,phase18a_czechlynx_1865,phase18a_czechlynx_1790,outputs/final_freeze/lynx-wild/images/czechlynx_1865__p16e_028158.jpg,outputs/final_freeze/lynx-wild/images/czechlynx_1790__p16e_028356.jpg,yes,20,0.4833459,0.490242,0.55,0.55,0.55,0.90818,0.0,0.734315,0.582989,review,evaluation,,,,,,,,Phase18N confirmatory reviewability packet; labels are not identity labels.
phase18n_megadescriptor_l_384_blind_0458,megadescriptor_l_384,confirmatory_stratified_blind_review,rank_02_05__similarity_high__quality_low__same_identity__admission_mid,rank_02_05,similarity_high,quality_low,same_identity,admission_mid,phase18a_czechlynx_1355,phase18a_czechlynx_1324,outputs/final_freeze/lynx-wild/images/czechlynx_1355__p16e_028515.jpg,outputs/final_freeze/lynx-wild/images/czechlynx_1324__p16e_028504.jpg,yes,5,0.74603432,0.939366,0.55,0.55,0.55,0.960792,0.245588,0.744841,0.816329,review,evaluation,,,,,,,,Phase18N confirmatory reviewability packet; labels are not identity labels.
phase18n_megadescriptor_l_384_blind_0459,megadescriptor_l_384,confirmatory_stratified_blind_review,rank_02_05__similarity_mid__quality_low__different_identity__admission_high,rank_02_05,similarity_mid,quality_low,different_identity,admission_high,phase18a_czechlynx_2982,phase18a_czechlynx_2883,outputs/final_freeze/lynx-wild/images/czechlynx_2982__p16e_030718.jpg,outputs/final_freeze/lynx-wild/images/czechlynx_2883__p16e_030622.jpg,no,3,0.55844223,0.670628,0.55,0.55,0.55,0.913355,0.0,0.753802,0.702234,review,evaluation,,,,,,,,Phase18N confirmatory reviewability packet; labels are not identity labels.
phase18n_megadescriptor_l_384_blind_0460,megadescriptor_l_384,confirmatory_stratified_blind_review,rank_11_20__similarity_low__quality_low__same_identity__admission_low,rank_11_20,similarity_low,quality_low,same_identity,admission_low,phase18a_czechlynx_2125,phase18a_czechlynx_1684,outputs/final_freeze/lynx-wild/images/czechlynx_2125__p16e_028130.jpg,outputs/final_freeze/lynx-wild/images/czechlynx_1684__p16e_028403.jpg,yes,13,0.34415746,0.148552,0.55,0.55,0.55,0.881675,0.0,0.692724,0.355338,review,evaluation,,,,,,,,Phase18N confirmatory reviewability packet; labels are not identity labels.
phase18n_megadescriptor_l_384_blind_0461,megadescriptor_l_384,confirmatory_stratified_blind_review,rank_11_20__similarity_mid__quality_low__same_identity__admission_low,rank_11_20,similarity_mid,quality_low,same_identity,admission_low,phase18a_czechlynx_1774,phase18a_czechlynx_1525,outputs/final_freeze/lynx-wild/images/czechlynx_1774__p16e_028156.jpg,outputs/final_freeze/lynx-wild/images/czechlynx_1525__p16e_028376.jpg,yes,13,0.57421839,0.702478,0.55,0.55,0.55,0.841003,0.050627,0.726603,0.70152,review,evaluation,,,,,,,,Phase18N confirmatory reviewability packet; labels are not identity labels.
phase18n_megadescriptor_l_384_blind_0462,megadescriptor_l_384,confirmatory_stratified_blind_review,rank_06_10__similarity_low__quality_low__same_identity__admission_low,rank_06_10,similarity_low,quality_low,same_identity,admission_low,phase18a_czechlynx_2342,phase18a_czechlynx_2126,outputs/final_freeze/lynx-wild/images/czechlynx_2342__p16e_028566.jpg,outputs/final_freeze/lynx-wild/images/czechlynx_2126__p16e_028327.jpg,yes,7,0.26775616,0.052651,0.55,0.55,0.55,0.973764,0.0,0.708919,0.302033,review,evaluation,,,,,,,,Phase18N confirmatory reviewability packet; labels are not identity labels.
phase18n_megadescriptor_l_384_blind_0463,megadescriptor_l_384,confirmatory_stratified_blind_review,rank_02_05__similarity_mid__quality_low__different_identity__admission_mid,rank_02_05,similarity_mid,quality_low,different_identity,admission_mid,phase18a_czechlynx_2622,phase18a_czechlynx_2410,outputs/final_freeze/lynx-wild/images/czechlynx_2622__p16e_044942.jpg,outputs/final_freeze/lynx-wild/images/czechlynx_2410__p16e_044048.jpg,no,5,0.52056843,0.588143,0.55,0.55,0.55,0.910504,0.0,0.744755,0.647656,review,evaluation,,,,,,,,Phase18N confirmatory reviewability packet; labels are not identity labels.
phase18n_megadescriptor_l_384_blind_0464,megadescriptor_l_384,confirmatory_stratified_blind_review,rank_06_10__similarity_high__quality_low__different_identity__admission_mid,rank_06_10,similarity_high,quality_low,different_identity,admission_mid,phase18a_czechlynx_2596,phase18a_czechlynx_2344,outputs/final_freeze/lynx-wild/images/czechlynx_2596__p16e_045632.jpg,outputs/final_freeze/lynx-wild/images/czechlynx_2344__p16e_036341.jpg,no,7,0.81197107,0.966816,0.55,0.55,0.55,0.931144,0.283416,0.731719,0.820796,review,evaluation,,,,,,,,Phase18N confirmatory reviewability packet; labels are not identity labels.
phase18n_megadescriptor_l_384_blind_0465,megadescriptor_l_384,confirmatory_stratified_blind_review,rank_11_20__similarity_high__quality_low__same_identity__admission_low,rank_11_20,similarity_high,quality_low,same_identity,admission_low,phase18a_czechlynx_1633,phase18a_czechlynx_1490,outputs/final_freeze/lynx-wild/images/czechlynx_1633__p16e_028523.jpg,outputs/final_freeze/lynx-wild/images/czechlynx_1490__p16e_028413.jpg,yes,13,0.68300188,0.886915,0.55,0.55,0.55,0.899124,0.214721,0.728502,0.783774,review,evaluation,,,,,,,,Phase18N confirmatory reviewability packet; labels are not identity labels.
phase18n_megadescriptor_l_384_blind_0466,megadescriptor_l_384,confirmatory_stratified_blind_review,rank_02_05__similarity_mid__quality_low__same_identity__admission_high,rank_02_05,similarity_mid,quality_low,same_identity,admission_high,phase18a_czechlynx_1709,phase18a_czechlynx_1957,outputs/final_freeze/lynx-wild/images/czechlynx_1709__p16e_028469.jpg,outputs/final_freeze/lynx-wild/images/czechlynx_1957__p16e_028461.jpg,yes,3,0.64666557,0.835381,0.55,0.55,0.55,0.984084,0.133451,0.763391,0.781334,review,evaluation,,,,,,,,Phase18N confirmatory reviewability packet; labels are not identity labels.
phase18n_megadescriptor_l_384_blind_0467,megadescriptor_l_384,confirmatory_stratified_blind_review,rank_06_10__similarity_mid__quality_low__same_identity__admission_high,rank_06_10,similarity_mid,quality_low,same_identity,admission_high,phase18a_czechlynx_1738,phase18a_czechlynx_1530,outputs/final_freeze/lynx-wild/images/czechlynx_1738__p16e_028408.jpg,outputs/final_freeze/lynx-wild/images/czechlynx_1530__p16e_028318.jpg,yes,10,0.65716636,0.852098,0.55,0.55,0.55,0.972217,0.154322,0.757566,0.785311,review,evaluation,,,,,,,,Phase18N confirmatory reviewability packet; labels are not identity labels.
phase18n_megadescriptor_l_384_blind_0468,megadescriptor_l_384,confirmatory_stratified_blind_review,rank_02_05__similarity_low__quality_low__same_identity__admission_high,rank_02_05,similarity_low,quality_low,same_identity,admission_high,phase18a_czechlynx_1748,phase18a_czechlynx_1732,outputs/final_freeze/lynx-wild/images/czechlynx_1748__p16e_028381.jpg,outputs/final_freeze/lynx-wild/images/czechlynx_1732__p16e_028472.jpg,yes,4,0.49888396,0.532392,0.55,0.55,0.55,0.959056,0.0,0.752775,0.616138,review,evaluation,,,,,,,,Phase18N confirmatory reviewability packet; labels are not identity labels.
phase18n_megadescriptor_l_384_blind_0469,megadescriptor_l_384,confirmatory_stratified_blind_review,rank_06_10__similarity_mid__quality_low__same_identity__admission_high,rank_06_10,similarity_mid,quality_low,same_identity,admission_high,phase18a_czechlynx_1619,phase18a_czechlynx_1591,outputs/final_freeze/lynx-wild/images/czechlynx_1619__p16e_028365.jpg,outputs/final_freeze/lynx-wild/images/czechlynx_1591__p16e_028364.jpg,yes,10,0.60186732,0.755513,0.55,0.55,0.55,0.998129,0.048667,0.776294,0.753676,review,evaluation,,,,,,,,Phase18N confirmatory reviewability packet; labels are not identity labels.
phase18n_megadescriptor_l_384_blind_0470,megadescriptor_l_384,confirmatory_stratified_blind_review,rank_06_10__similarity_mid__quality_low__different_identity__admission_mid,rank_06_10,similarity_mid,quality_low,different_identity,admission_mid,phase18a_czechlynx_2567,phase18a_czechlynx_1464,outputs/final_freeze/lynx-wild/images/czechlynx_2567__p16e_042910.jpg,outputs/final_freeze/lynx-wild/images/czechlynx_1464__p16e_037608.jpg,no,6,0.52751851,0.604577,0.55,0.55,0.55,0.909598,0.0,0.746145,0.658373,review,evaluation,,,,,,,,Phase18N confirmatory reviewability packet; labels are not identity labels.
phase18n_megadescriptor_l_384_blind_0471,megadescriptor_l_384,confirmatory_stratified_blind_review,rank_02_05__similarity_mid__quality_low__same_identity__admission_mid,rank_02_05,similarity_mid,quality_low,same_identity,admission_mid,phase18a_czechlynx_1778,phase18a_czechlynx_1389,outputs/final_freeze/lynx-wild/images/czechlynx_1778__p16e_028357.jpg,outputs/final_freeze/lynx-wild/images/czechlynx_1389__p16e_028508.jpg,yes,3,0.56141627,0.676878,0.55,0.55,0.55,0.868651,0.01535,0.73884,0.697354,review,evaluation,,,,,,,,Phase18N confirmatory reviewability packet; labels are not identity labels.
phase18n_megadescriptor_l_384_blind_0472,megadescriptor_l_384,confirmatory_stratified_blind_review,rank_01__similarity_mid__quality_low__different_identity__admission_low,rank_01,similarity_mid,quality_low,different_identity,admission_low,phase18a_czechlynx_2591,phase18a_czechlynx_2360,outputs/final_freeze/lynx-wild/images/czechlynx_2591__p16e_043470.jpg,outputs/final_freeze/lynx-wild/images/czechlynx_2360__p16e_042546.jpg,no,1,0.65847623,0.854114,0.55,0.55,0.55,0.844414,0.201069,0.712634,0.760138,review,evaluation,,,,,,,,Phase18N confirmatory reviewability packet; labels are not identity labels.
phase18n_megadescriptor_l_384_blind_0473,megadescriptor_l_384,confirmatory_stratified_blind_review,rank_01__similarity_low__quality_low__same_identity__admission_low,rank_01,similarity_low,quality_low,same_identity,admission_low,phase18a_czechlynx_2918,phase18a_czechlynx_2402,outputs/final_freeze/lynx-wild/images/czechlynx_2918__p16e_006844.jpg,outputs/final_freeze/lynx-wild/images/czechlynx_2402__p16e_007828.jpg,yes,1,0.42364866,0.324872,0.55,0.55,0.55,0.69591,0.0,0.658342,0.451591,review,evaluation,,,,,,,,Phase18N confirmatory reviewability packet; labels are not identity labels.
phase18n_megadescriptor_l_384_blind_0474,megadescriptor_l_384,confirmatory_stratified_blind_review,rank_01__similarity_mid__quality_low__same_identity__admission_mid,rank_01,similarity_mid,quality_low,same_identity,admission_mid,phase18a_czechlynx_1550,phase18a_czechlynx_1498,outputs/final_freeze/lynx-wild/images/czechlynx_1550__p16e_042522.jpg,outputs/final_freeze/lynx-wild/images/czechlynx_1498__p16e_042521.jpg,yes,1,0.62212473,0.792563,0.55,0.55,0.55,0.904814,0.118378,0.739929,0.748887,review,evaluation,,,,,,,,Phase18N confirmatory reviewability packet; labels are not identity labels.
phase18n_megadescriptor_l_384_blind_0475,megadescriptor_l_384,confirmatory_stratified_blind_review,rank_01__similarity_mid__quality_low__same_identity__admission_mid,rank_01,similarity_mid,quality_low,same_identity,admission_mid,phase18a_czechlynx_2792,phase18a_czechlynx_2496,outputs/final_freeze/lynx-wild/images/czechlynx_2792__p16e_028779.jpg,outputs/final_freeze/lynx-wild/images/czechlynx_2496__p16e_028782.jpg,yes,1,0.52914459,0.608943,0.55,0.55,0.55,0.87939,0.0,0.738124,0.658032,review,evaluation,,,,,,,,Phase18N confirmatory reviewability packet; labels are not identity labels.
phase18n_megadescriptor_l_384_blind_0476,megadescriptor_l_384,confirmatory_stratified_blind_review,rank_01__similarity_mid__quality_low__different_identity__admission_mid,rank_01,similarity_mid,quality_low,different_identity,admission_mid,phase18a_czechlynx_2331,phase18a_czechlynx_2863,outputs/final_freeze/lynx-wild/images/czechlynx_2331__p16e_045945.jpg,outputs/final_freeze/lynx-wild/images/czechlynx_2863__p16e_041655.jpg,no,1,0.549299,0.652328,0.55,0.55,0.55,0.892107,0.0,0.746023,0.687932,review,evaluation,,,,,,,,Phase18N confirmatory reviewability packet; labels are not identity labels.
phase18n_megadescriptor_l_384_blind_0477,megadescriptor_l_384,confirmatory_stratified_blind_review,rank_06_10__similarity_mid__quality_low__different_identity__admission_low,rank_06_10,similarity_mid,quality_low,different_identity,admission_low,phase18a_czechlynx_2975,phase18a_czechlynx_2348,outputs/final_freeze/lynx-wild/images/czechlynx_2975__p16e_035617.jpg,outputs/final_freeze/lynx-wild/images/czechlynx_2348__p16e_037607.jpg,no,7,0.53715783,0.627277,0.55,0.55,0.55,0.649134,0.04258,0.666969,0.633844,review,evaluation,,,,,,,,Phase18N confirmatory reviewability packet; labels are not identity labels.
phase18n_megadescriptor_l_384_blind_0478,megadescriptor_l_384,confirmatory_stratified_blind_review,rank_06_10__similarity_mid__quality_low__same_identity__admission_high,rank_06_10,similarity_mid,quality_low,same_identity,admission_high,phase18a_czechlynx_1888,phase18a_czechlynx_1918,outputs/final_freeze/lynx-wild/images/czechlynx_1888__p16e_028243.jpg,outputs/final_freeze/lynx-wild/images/czechlynx_1918__p16e_028215.jpg,yes,9,0.61305553,0.775363,0.55,0.55,0.55,0.993117,0.070272,0.772555,0.760242,review,evaluation,,,,,,,,Phase18N confirmatory reviewability packet; labels are not identity labels.
phase18n_megadescriptor_l_384_blind_0479,megadescriptor_l_384,confirmatory_stratified_blind_review,rank_01__similarity_low__quality_low__same_identity__admission_mid,rank_01,similarity_low,quality_low,same_identity,admission_mid,phase18a_czechlynx_1298,phase18a_czechlynx_1749,outputs/final_freeze/lynx-wild/images/czechlynx_1298__p16e_028538.jpg,outputs/final_freeze/lynx-wild/images/czechlynx_1749__p16e_028567.jpg,yes,1,0.50706732,0.554459,0.55,0.55,0.55,0.945401,0.0,0.751158,0.629205,review,evaluation,,,,,,,,Phase18N confirmatory reviewability packet; labels are not identity labels.
phase18n_megadescriptor_l_384_blind_0480,megadescriptor_l_384,confirmatory_stratified_blind_review,rank_06_10__similarity_low__quality_low__same_identity__admission_high,rank_06_10,similarity_low,quality_low,same_identity,admission_high,phase18a_czechlynx_2496,phase18a_czechlynx_2822,outputs/final_freeze/lynx-wild/images/czechlynx_2496__p16e_028782.jpg,outputs/final_freeze/lynx-wild/images/czechlynx_2822__p16e_028814.jpg,yes,10,0.46816838,0.446391,0.55,0.55,0.55,0.999537,0.0,0.755509,0.563856,review,evaluation,,,,,,,,Phase18N confirmatory reviewability packet; labels are not identity labels.
phase18n_megadescriptor_l_384_blind_0481,megadescriptor_l_384,confirmatory_stratified_blind_review,rank_02_05__similarity_mid__quality_low__same_identity__admission_high,rank_02_05,similarity_mid,quality_low,same_identity,admission_high,phase18a_czechlynx_1521,phase18a_czechlynx_1473,outputs/final_freeze/lynx-wild/images/czechlynx_1521__p16e_028316.jpg,outputs/final_freeze/lynx-wild/images/czechlynx_1473__p16e_028281.jpg,yes,2,0.66053617,0.857031,0.55,0.55,0.55,0.977488,0.15741,0.758918,0.788266,review,evaluation,,,,,,,,Phase18N confirmatory reviewability packet; labels are not identity labels.
phase18n_megadescriptor_l_384_blind_0482,megadescriptor_l_384,confirmatory_stratified_blind_review,rank_02_05__similarity_mid__quality_low__same_identity__admission_high,rank_02_05,similarity_mid,quality_low,same_identity,admission_high,phase18a_czechlynx_1910,phase18a_czechlynx_1732,outputs/final_freeze/lynx-wild/images/czechlynx_1910__p16e_028454.jpg,outputs/final_freeze/lynx-wild/images/czechlynx_1732__p16e_028472.jpg,yes,3,0.62216562,0.792647,0.55,0.55,0.55,0.956193,0.100479,0.757903,0.759348,review,evaluation,,,,,,,,Phase18N confirmatory reviewability packet; labels are not identity labels.
phase18n_megadescriptor_l_384_blind_0483,megadescriptor_l_384,confirmatory_stratified_blind_review,rank_01__similarity_high__quality_low__same_identity__admission_high,rank_01,similarity_high,quality_low,same_identity,admission_high,phase18a_czechlynx_1758,phase18a_czechlynx_1590,outputs/final_freeze/lynx-wild/images/czechlynx_1758__p16e_028164.jpg,outputs/final_freeze/lynx-wild/images/czechlynx_1590__p16e_028168.jpg,yes,1,0.88212359,0.983066,0.55,0.55,0.55,1.0,0.275566,0.754193,0.840981,review,evaluation,,,,,,,,Phase18N confirmatory reviewability packet; labels are not identity labels.
phase18n_megadescriptor_l_384_blind_0484,megadescriptor_l_384,confirmatory_stratified_blind_review,rank_06_10__similarity_mid__quality_low__different_identity__admission_mid,rank_06_10,similarity_mid,quality_low,different_identity,admission_mid,phase18a_czechlynx_2591,phase18a_czechlynx_2831,outputs/final_freeze/lynx-wild/images/czechlynx_2591__p16e_043470.jpg,outputs/final_freeze/lynx-wild/images/czechlynx_2831__p16e_044587.jpg,no,8,0.59290749,0.738346,0.55,0.55,0.55,0.875842,0.074301,0.73521,0.722294,review,evaluation,,,,,,,,Phase18N confirmatory reviewability packet; labels are not identity labels.
phase18n_megadescriptor_l_384_blind_0485,megadescriptor_l_384,confirmatory_stratified_blind_review,rank_11_20__similarity_low__quality_low__same_identity__admission_low,rank_11_20,similarity_low,quality_low,same_identity,admission_low,phase18a_czechlynx_1673,phase18a_czechlynx_1587,outputs/final_freeze/lynx-wild/images/czechlynx_1673__p16e_029920.jpg,outputs/final_freeze/lynx-wild/images/czechlynx_1587__p16e_028517.jpg,yes,16,0.39080435,0.242054,0.55,0.55,0.55,0.777121,0.0,0.672799,0.405737,review,evaluation,,,,,,,,Phase18N confirmatory reviewability packet; labels are not identity labels.
phase18n_megadescriptor_l_384_blind_0486,megadescriptor_l_384,confirmatory_stratified_blind_review,rank_02_05__similarity_low__quality_low__different_identity__admission_low,rank_02_05,similarity_low,quality_low,different_identity,admission_low,phase18a_czechlynx_2807,phase18a_czechlynx_1630,outputs/final_freeze/lynx-wild/images/czechlynx_2807__p16e_028643.jpg,outputs/final_freeze/lynx-wild/images/czechlynx_1630__p16e_015666.jpg,no,3,0.4898653,0.508342,0.55,0.55,0.55,0.829718,0.0,0.714155,0.586551,review,evaluation,,,,,,,,Phase18N confirmatory reviewability packet; labels are not identity labels.
phase18n_megadescriptor_l_384_blind_0487,megadescriptor_l_384,confirmatory_stratified_blind_review,rank_06_10__similarity_low__quality_low__different_identity__admission_mid,rank_06_10,similarity_low,quality_low,different_identity,admission_mid,phase18a_czechlynx_1604,phase18a_czechlynx_2338,outputs/final_freeze/lynx-wild/images/czechlynx_1604__p16e_014115.jpg,outputs/final_freeze/lynx-wild/images/czechlynx_2338__p16e_010427.jpg,no,9,0.49880669,0.532226,0.55,0.55,0.55,0.928463,0.0,0.744192,0.612773,review,evaluation,,,,,,,,Phase18N confirmatory reviewability packet; labels are not identity labels.
phase18n_megadescriptor_l_384_blind_0488,megadescriptor_l_384,confirmatory_stratified_blind_review,rank_01__similarity_mid__quality_low__different_identity__admission_mid,rank_01,similarity_mid,quality_low,different_identity,admission_mid,phase18a_czechlynx_2523,phase18a_czechlynx_2577,outputs/final_freeze/lynx-wild/images/czechlynx_2523__p16e_044194.jpg,outputs/final_freeze/lynx-wild/images/czechlynx_2577__p16e_042254.jpg,no,1,0.66133147,0.858198,0.55,0.55,0.55,0.900711,0.185449,0.731929,0.773126,review,evaluation,,,,,,,,Phase18N confirmatory reviewability packet; labels are not identity labels.
phase18n_megadescriptor_l_384_blind_0489,megadescriptor_l_384,confirmatory_stratified_blind_review,rank_02_05__similarity_mid__quality_low__same_identity__admission_low,rank_02_05,similarity_mid,quality_low,same_identity,admission_low,phase18a_czechlynx_1672,phase18a_czechlynx_1280,outputs/final_freeze/lynx-wild/images/czechlynx_1672__p16e_028358.jpg,outputs/final_freeze/lynx-wild/images/czechlynx_1280__p16e_028453.jpg,yes,2,0.63953233,0.823847,0.55,0.55,0.55,0.88432,0.156835,0.729627,0.756676,review,evaluation,,,,,,,,Phase18N confirmatory reviewability packet; labels are not identity labels.
phase18n_megadescriptor_l_384_blind_0490,megadescriptor_l_384,confirmatory_stratified_blind_review,rank_02_05__similarity_mid__quality_low__same_identity__admission_low,rank_02_05,similarity_mid,quality_low,same_identity,admission_low,phase18a_czechlynx_1672,phase18a_czechlynx_1405,outputs/final_freeze/lynx-wild/images/czechlynx_1672__p16e_028358.jpg,outputs/final_freeze/lynx-wild/images/czechlynx_1405__p16e_028512.jpg,yes,5,0.6223141,0.79298,0.55,0.55,0.55,0.849723,0.138077,0.720605,0.737862,review,evaluation,,,,,,,,Phase18N confirmatory reviewability packet; labels are not identity labels.
phase18n_megadescriptor_l_384_blind_0491,megadescriptor_l_384,confirmatory_stratified_blind_review,rank_11_20__similarity_mid__quality_low__same_identity__admission_low,rank_11_20,similarity_mid,quality_low,same_identity,admission_low,phase18a_czechlynx_1618,phase18a_czechlynx_1587,outputs/final_freeze/lynx-wild/images/czechlynx_1618__p16e_028524.jpg,outputs/final_freeze/lynx-wild/images/czechlynx_1587__p16e_028517.jpg,yes,14,0.64510226,0.832581,0.55,0.55,0.55,0.857087,0.1751,0.719222,0.754484,review,evaluation,,,,,,,,Phase18N confirmatory reviewability packet; labels are not identity labels.
phase18n_megadescriptor_l_384_blind_0492,megadescriptor_l_384,confirmatory_stratified_blind_review,rank_02_05__similarity_low__quality_low__same_identity__admission_mid,rank_02_05,similarity_low,quality_low,same_identity,admission_mid,phase18a_czechlynx_2533,phase18a_czechlynx_2009,outputs/final_freeze/lynx-wild/images/czechlynx_2533__p16e_006779.jpg,outputs/final_freeze/lynx-wild/images/czechlynx_2009__p16e_007821.jpg,yes,2,0.49793771,0.529825,0.55,0.55,0.55,0.933442,0.0,0.745346,0.611723,review,evaluation,,,,,,,,Phase18N confirmatory reviewability packet; labels are not identity labels.
phase18n_megadescriptor_l_384_blind_0493,megadescriptor_l_384,confirmatory_stratified_blind_review,rank_11_20__similarity_low__quality_low__different_identity__admission_high,rank_11_20,similarity_low,quality_low,different_identity,admission_high,phase18a_czechlynx_1879,phase18a_czechlynx_2433,outputs/final_freeze/lynx-wild/images/czechlynx_1879__p16e_044205.jpg,outputs/final_freeze/lynx-wild/images/czechlynx_2433__p16e_014098.jpg,no,20,0.49389827,0.519325,0.55,0.55,0.55,0.980664,0.0,0.757518,0.609839,review,evaluation,,,,,,,,Phase18N confirmatory reviewability packet; labels are not identity labels.
phase18n_megadescriptor_l_384_blind_0494,megadescriptor_l_384,confirmatory_stratified_blind_review,rank_06_10__similarity_high__quality_low__same_identity__admission_high,rank_06_10,similarity_high,quality_low,same_identity,admission_high,phase18a_czechlynx_1834,phase18a_czechlynx_2091,outputs/final_freeze/lynx-wild/images/czechlynx_1834__p16e_028141.jpg,outputs/final_freeze/lynx-wild/images/czechlynx_2091__p16e_028463.jpg,yes,9,0.69857919,0.903498,0.55,0.55,0.55,0.984257,0.201508,0.75664,0.807391,review,evaluation,,,,,,,,Phase18N confirmatory reviewability packet; labels are not identity labels.
phase18n_megadescriptor_l_384_blind_0495,megadescriptor_l_384,confirmatory_stratified_blind_review,rank_02_05__similarity_high__quality_low__same_identity__admission_high,rank_02_05,similarity_high,quality_low,same_identity,admission_high,phase18a_czechlynx_2104,phase18a_czechlynx_2029,outputs/final_freeze/lynx-wild/images/czechlynx_2104__p16e_028388.jpg,outputs/final_freeze/lynx-wild/images/czechlynx_2029__p16e_028383.jpg,yes,4,0.71877396,0.921132,0.55,0.55,0.55,0.983234,0.2195,0.754519,0.813919,review,evaluation,,,,,,,,Phase18N confirmatory reviewability packet; labels are not identity labels.
phase18n_megadescriptor_l_384_blind_0496,megadescriptor_l_384,confirmatory_stratified_blind_review,rank_11_20__similarity_mid__quality_low__same_identity__admission_low,rank_11_20,similarity_mid,quality_low,same_identity,admission_low,phase18a_czechlynx_1833,phase18a_czechlynx_1713,outputs/final_freeze/lynx-wild/images/czechlynx_1833__p16e_028145.jpg,outputs/final_freeze/lynx-wild/images/czechlynx_1713__p16e_028518.jpg,yes,20,0.52588093,0.600343,0.55,0.55,0.55,0.850957,0.0,0.729302,0.649348,review,evaluation,,,,,,,,Phase18N confirmatory reviewability packet; labels are not identity labels.
phase18n_megadescriptor_l_384_blind_0497,megadescriptor_l_384,confirmatory_stratified_blind_review,rank_02_05__similarity_low__quality_low__different_identity__admission_high,rank_02_05,similarity_low,quality_low,different_identity,admission_high,phase18a_czechlynx_1418,phase18a_czechlynx_1481,outputs/final_freeze/lynx-wild/images/czechlynx_1418__p16e_026830.jpg,outputs/final_freeze/lynx-wild/images/czechlynx_1481__p16e_034376.jpg,no,5,0.50560296,0.550643,0.55,0.55,0.55,0.959715,0.0,0.754784,0.628216,review,evaluation,,,,,,,,Phase18N confirmatory reviewability packet; labels are not identity labels.
phase18n_megadescriptor_l_384_blind_0498,megadescriptor_l_384,confirmatory_stratified_blind_review,rank_11_20__similarity_mid__quality_low__different_identity__admission_high,rank_11_20,similarity_mid,quality_low,different_identity,admission_high,phase18a_czechlynx_2521,phase18a_czechlynx_1522,outputs/final_freeze/lynx-wild/images/czechlynx_2521__p16e_035354.jpg,outputs/final_freeze/lynx-wild/images/czechlynx_1522__p16e_040725.jpg,no,14,0.59419239,0.740729,0.55,0.55,0.55,0.92933,0.057964,0.753693,0.734063,review,evaluation,,,,,,,,Phase18N confirmatory reviewability packet; labels are not identity labels.
phase18n_megadescriptor_l_384_blind_0499,megadescriptor_l_384,confirmatory_stratified_blind_review,rank_11_20__similarity_low__quality_low__same_identity__admission_mid,rank_11_20,similarity_low,quality_low,same_identity,admission_mid,phase18a_czechlynx_1555,phase18a_czechlynx_1682,outputs/final_freeze/lynx-wild/images/czechlynx_1555__p16e_028049.jpg,outputs/final_freeze/lynx-wild/images/czechlynx_1682__p16e_028355.jpg,yes,19,0.43282199,0.349139,0.55,0.55,0.55,0.998332,0.0,0.745447,0.499736,review,evaluation,,,,,,,,Phase18N confirmatory reviewability packet; labels are not identity labels.
phase18n_megadescriptor_l_384_blind_0500,megadescriptor_l_384,confirmatory_stratified_blind_review,rank_01__similarity_mid__quality_low__different_identity__admission_high,rank_01,similarity_mid,quality_low,different_identity,admission_high,phase18a_czechlynx_2797,phase18a_czechlynx_2843,outputs/final_freeze/lynx-wild/images/czechlynx_2797__p16e_044125.jpg,outputs/final_freeze/lynx-wild/images/czechlynx_2843__p16e_039764.jpg,no,1,0.6587081,0.854448,0.55,0.55,0.55,0.990881,0.150139,0.763864,0.789998,review,evaluation,,,,,,,,Phase18N confirmatory reviewability packet; labels are not identity labels.
phase18n_megadescriptor_l_384_blind_0501,megadescriptor_l_384,confirmatory_stratified_blind_review,rank_02_05__similarity_mid__quality_low__same_identity__admission_low,rank_02_05,similarity_mid,quality_low,same_identity,admission_low,phase18a_czechlynx_1826,phase18a_czechlynx_1761,outputs/final_freeze/lynx-wild/images/czechlynx_1826__p16e_028417.jpg,outputs/final_freeze/lynx-wild/images/czechlynx_1761__p16e_028442.jpg,yes,3,0.55113232,0.655928,0.55,0.55,0.55,0.83688,0.00552,0.729815,0.682901,review,evaluation,,,,,,,,Phase18N confirmatory reviewability packet; labels are not identity labels.
phase18n_megadescriptor_l_384_blind_0502,megadescriptor_l_384,confirmatory_stratified_blind_review,rank_01__similarity_low__quality_low__different_identity__admission_low,rank_01,similarity_low,quality_low,different_identity,admission_low,phase18a_czechlynx_2421,phase18a_czechlynx_2983,outputs/final_freeze/lynx-wild/images/czechlynx_2421__p16e_044880.jpg,outputs/final_freeze/lynx-wild/images/czechlynx_2983__p16e_044398.jpg,no,1,0.47768712,0.474858,0.55,0.55,0.55,0.698609,0.0,0.674096,0.550568,review,evaluation,,,,,,,,Phase18N confirmatory reviewability packet; labels are not identity labels.
phase18n_megadescriptor_l_384_blind_0503,megadescriptor_l_384,confirmatory_stratified_blind_review,rank_01__similarity_low__quality_low__different_identity__admission_low,rank_01,similarity_low,quality_low,different_identity,admission_low,phase18a_czechlynx_2774,phase18a_czechlynx_2040,outputs/final_freeze/lynx-wild/images/czechlynx_2774__p16e_008367.jpg,outputs/final_freeze/lynx-wild/images/czechlynx_2040__p16e_044173.jpg,no,1,0.48907739,0.506008,0.55,0.55,0.55,0.691031,0.0,0.67509,0.570259,review,evaluation,,,,,,,,Phase18N confirmatory reviewability packet; labels are not identity labels.
phase18n_megadescriptor_l_384_blind_0504,megadescriptor_l_384,confirmatory_stratified_blind_review,rank_02_05__similarity_high__quality_low__same_identity__admission_low,rank_02_05,similarity_high,quality_low,same_identity,admission_low,phase18a_czechlynx_1949,phase18a_czechlynx_1548,outputs/final_freeze/lynx-wild/images/czechlynx_1949__p16e_028387.jpg,outputs/final_freeze/lynx-wild/images/czechlynx_1548__p16e_028405.jpg,yes,3,0.70881557,0.913332,0.55,0.55,0.55,0.908613,0.237817,0.729181,0.795791,review,evaluation,,,,,,,,Phase18N confirmatory reviewability packet; labels are not identity labels.
phase18n_megadescriptor_l_384_blind_0505,megadescriptor_l_384,confirmatory_stratified_blind_review,rank_06_10__similarity_low__quality_low__different_identity__admission_high,rank_06_10,similarity_low,quality_low,different_identity,admission_high,phase18a_czechlynx_1413,phase18a_czechlynx_2279,outputs/final_freeze/lynx-wild/images/czechlynx_1413__p16e_024496.jpg,outputs/final_freeze/lynx-wild/images/czechlynx_2279__p16e_020440.jpg,no,9,0.48149237,0.485475,0.55,0.55,0.55,0.990438,0.0,0.75687,0.588605,review,evaluation,,,,,,,,Phase18N confirmatory reviewability packet; labels are not identity labels.
phase18n_megadescriptor_l_384_blind_0506,megadescriptor_l_384,confirmatory_stratified_blind_review,rank_06_10__similarity_high__quality_low__different_identity__admission_low,rank_06_10,similarity_high,quality_low,different_identity,admission_low,phase18a_czechlynx_2757,phase18a_czechlynx_2130,outputs/final_freeze/lynx-wild/images/czechlynx_2757__p16e_043694.jpg,outputs/final_freeze/lynx-wild/images/czechlynx_2130__p16e_045596.jpg,no,7,0.67621076,0.879248,0.55,0.55,0.55,0.823147,0.233647,0.702677,0.765422,review,evaluation,,,,,,,,Phase18N confirmatory reviewability packet; labels are not identity labels.
phase18n_megadescriptor_l_384_blind_0507,megadescriptor_l_384,confirmatory_stratified_blind_review,rank_11_20__similarity_mid__quality_low__different_identity__admission_mid,rank_11_20,similarity_mid,quality_low,different_identity,admission_mid,phase18a_czechlynx_2463,phase18a_czechlynx_2360,outputs/final_freeze/lynx-wild/images/czechlynx_2463__p16e_045905.jpg,outputs/final_freeze/lynx-wild/images/czechlynx_2360__p16e_042546.jpg,no,16,0.6487931,0.838581,0.55,0.55,0.55,0.923012,0.158026,0.741696,0.770159,review,evaluation,,,,,,,,Phase18N confirmatory reviewability packet; labels are not identity labels.
phase18n_megadescriptor_l_384_blind_0508,megadescriptor_l_384,confirmatory_stratified_blind_review,rank_02_05__similarity_mid__quality_low__different_identity__admission_high,rank_02_05,similarity_mid,quality_low,different_identity,admission_high,phase18a_czechlynx_2591,phase18a_czechlynx_2375,outputs/final_freeze/lynx-wild/images/czechlynx_2591__p16e_043470.jpg,outputs/final_freeze/lynx-wild/images/czechlynx_2375__p16e_040190.jpg,no,5,0.60764885,0.765913,0.55,0.55,0.55,0.938993,0.079765,0.754556,0.745644,review,evaluation,,,,,,,,Phase18N confirmatory reviewability packet; labels are not identity labels.
phase18n_megadescriptor_l_384_blind_0509,megadescriptor_l_384,confirmatory_stratified_blind_review,rank_01__similarity_high__quality_low__same_identity__admission_mid,rank_01,similarity_high,quality_low,same_identity,admission_mid,phase18a_czechlynx_1671,phase18a_czechlynx_1645,outputs/final_freeze/lynx-wild/images/czechlynx_1671__p16e_028231.jpg,outputs/final_freeze/lynx-wild/images/czechlynx_1645__p16e_028501.jpg,yes,1,0.7303015,0.929882,0.55,0.55,0.55,0.965461,0.234471,0.747423,0.813653,review,evaluation,,,,,,,,Phase18N confirmatory reviewability packet; labels are not identity labels.
phase18n_megadescriptor_l_384_blind_0510,megadescriptor_l_384,confirmatory_stratified_blind_review,rank_06_10__similarity_mid__quality_low__different_identity__admission_high,rank_06_10,similarity_mid,quality_low,different_identity,admission_high,phase18a_czechlynx_2748,phase18a_czechlynx_2080,outputs/final_freeze/lynx-wild/images/czechlynx_2748__p16e_045026.jpg,outputs/final_freeze/lynx-wild/images/czechlynx_2080__p16e_039978.jpg,no,7,0.56026334,0.674411,0.55,0.55,0.55,0.94067,0.0,0.761829,0.70763,review,evaluation,,,,,,,,Phase18N confirmatory reviewability packet; labels are not identity labels.
phase18n_megadescriptor_l_384_blind_0511,megadescriptor_l_384,confirmatory_stratified_blind_review,rank_11_20__similarity_low__quality_low__same_identity__admission_high,rank_11_20,similarity_low,quality_low,same_identity,admission_high,phase18a_czechlynx_1875,phase18a_czechlynx_1808,outputs/final_freeze/lynx-wild/images/czechlynx_1875__p16e_028273.jpg,outputs/final_freeze/lynx-wild/images/czechlynx_1808__p16e_028293.jpg,yes,13,0.49397162,0.519575,0.55,0.55,0.55,0.984248,0.0,0.758547,0.610385,review,evaluation,,,,,,,,Phase18N confirmatory reviewability packet; labels are not identity labels.
phase18n_megadescriptor_l_384_blind_0512,megadescriptor_l_384,confirmatory_stratified_blind_review,rank_02_05__similarity_low__quality_low__same_identity__admission_mid,rank_02_05,similarity_low,quality_low,same_identity,admission_mid,phase18a_czechlynx_1311,phase18a_czechlynx_1826,outputs/final_freeze/lynx-wild/images/czechlynx_1311__p16e_028449.jpg,outputs/final_freeze/lynx-wild/images/czechlynx_1826__p16e_028417.jpg,yes,5,0.49167359,0.512625,0.55,0.55,0.55,0.957747,0.0,0.750432,0.602992,review,evaluation,,,,,,,,Phase18N confirmatory reviewability packet; labels are not identity labels.
phase18n_megadescriptor_l_384_blind_0513,megadescriptor_l_384,confirmatory_stratified_blind_review,rank_11_20__similarity_mid__quality_low__same_identity__admission_low,rank_11_20,similarity_mid,quality_low,same_identity,admission_low,phase18a_czechlynx_2673,phase18a_czechlynx_2236,outputs/final_freeze/lynx-wild/images/czechlynx_2673__p16e_044129.jpg,outputs/final_freeze/lynx-wild/images/czechlynx_2236__p16e_045033.jpg,yes,17,0.56158674,0.677245,0.55,0.55,0.55,0.761459,0.053234,0.701286,0.675734,review,evaluation,,,,,,,,Phase18N confirmatory reviewability packet; labels are not identity labels.
phase18n_megadescriptor_l_384_blind_0514,megadescriptor_l_384,confirmatory_stratified_blind_review,rank_06_10__similarity_low__quality_low__different_identity__admission_high,rank_06_10,similarity_low,quality_low,different_identity,admission_high,phase18a_czechlynx_2484,phase18a_czechlynx_1567,outputs/final_freeze/lynx-wild/images/czechlynx_2484__p16e_044849.jpg,outputs/final_freeze/lynx-wild/images/czechlynx_1567__p16e_038628.jpg,no,8,0.51084948,0.563909,0.55,0.55,0.55,0.973694,0.0,0.760025,0.638433,review,evaluation,,,,,,,,Phase18N confirmatory reviewability packet; labels are not identity labels.
phase18n_megadescriptor_l_384_blind_0515,megadescriptor_l_384,confirmatory_stratified_blind_review,rank_06_10__similarity_high__quality_low__same_identity__admission_high,rank_06_10,similarity_high,quality_low,same_identity,admission_high,phase18a_czechlynx_1561,phase18a_czechlynx_1986,outputs/final_freeze/lynx-wild/images/czechlynx_1561__p16e_028169.jpg,outputs/final_freeze/lynx-wild/images/czechlynx_1986__p16e_028182.jpg,yes,7,0.69341564,0.898248,0.55,0.55,0.55,0.993709,0.19295,0.760473,0.807304,review,evaluation,,,,,,,,Phase18N confirmatory reviewability packet; labels are not identity labels.
phase18n_megadescriptor_l_384_blind_0516,megadescriptor_l_384,confirmatory_stratified_blind_review,rank_06_10__similarity_mid__quality_low__same_identity__admission_low,rank_06_10,similarity_mid,quality_low,same_identity,admission_low,phase18a_czechlynx_1978,phase18a_czechlynx_1326,outputs/final_freeze/lynx-wild/images/czechlynx_1978__p16e_024500.jpg,outputs/final_freeze/lynx-wild/images/czechlynx_1326__p16e_024497.jpg,yes,6,0.60282999,0.757329,0.55,0.55,0.55,0.866072,0.096704,0.729892,0.727562,review,evaluation,,,,,,,,Phase18N confirmatory reviewability packet; labels are not identity labels.
phase18n_megadescriptor_l_384_blind_0517,megadescriptor_l_384,confirmatory_stratified_blind_review,rank_02_05__similarity_high__quality_low__different_identity__admission_high,rank_02_05,similarity_high,quality_low,different_identity,admission_high,phase18a_czechlynx_2131,phase18a_czechlynx_2166,outputs/final_freeze/lynx-wild/images/czechlynx_2131__p16e_045629.jpg,outputs/final_freeze/lynx-wild/images/czechlynx_2166__p16e_039800.jpg,no,2,0.72566724,0.926299,0.55,0.55,0.55,0.988377,0.222867,0.755802,0.816937,review,evaluation,,,,,,,,Phase18N confirmatory reviewability packet; labels are not identity labels.
phase18n_megadescriptor_l_384_blind_0518,megadescriptor_l_384,confirmatory_stratified_blind_review,rank_02_05__similarity_low__quality_low__same_identity__admission_low,rank_02_05,similarity_low,quality_low,same_identity,admission_low,phase18a_czechlynx_1478,phase18a_czechlynx_1512,outputs/final_freeze/lynx-wild/images/czechlynx_1478__p16e_045874.jpg,outputs/final_freeze/lynx-wild/images/czechlynx_1512__p16e_045672.jpg,yes,2,0.45735246,0.415757,0.55,0.55,0.55,0.901354,0.0,0.724955,0.533252,review,evaluation,,,,,,,,Phase18N confirmatory reviewability packet; labels are not identity labels.
phase18n_megadescriptor_l_384_blind_0519,megadescriptor_l_384,confirmatory_stratified_blind_review,rank_06_10__similarity_high__quality_low__same_identity__admission_low,rank_06_10,similarity_high,quality_low,same_identity,admission_low,phase18a_czechlynx_1638,phase18a_czechlynx_1909,outputs/final_freeze/lynx-wild/images/czechlynx_1638__p16e_028377.jpg,outputs/final_freeze/lynx-wild/images/czechlynx_1909__p16e_028285.jpg,yes,6,0.70304912,0.907998,0.55,0.55,0.55,0.910822,0.231711,0.730488,0.794202,review,evaluation,,,,,,,,Phase18N confirmatory reviewability packet; labels are not identity labels.
phase18n_megadescriptor_l_384_blind_0520,megadescriptor_l_384,confirmatory_stratified_blind_review,rank_11_20__similarity_mid__quality_low__same_identity__admission_high,rank_11_20,similarity_mid,quality_low,same_identity,admission_high,phase18a_czechlynx_1983,phase18a_czechlynx_1867,outputs/final_freeze/lynx-wild/images/czechlynx_1983__p16e_028416.jpg,outputs/final_freeze/lynx-wild/images/czechlynx_1867__p16e_028159.jpg,yes,17,0.55708879,0.668144,0.55,0.55,0.55,0.957736,0.0,0.765981,0.705322,review,evaluation,,,,,,,,Phase18N confirmatory reviewability packet; labels are not identity labels.
phase18n_megadescriptor_l_384_blind_0521,megadescriptor_l_384,confirmatory_stratified_blind_review,rank_06_10__similarity_high__quality_low__different_identity__admission_high,rank_06_10,similarity_high,quality_low,different_identity,admission_high,phase18a_czechlynx_2426,phase18a_czechlynx_2360,outputs/final_freeze/lynx-wild/images/czechlynx_2426__p16e_044049.jpg,outputs/final_freeze/lynx-wild/images/czechlynx_2360__p16e_042546.jpg,no,10,0.66964233,0.870565,0.55,0.55,0.55,0.979526,0.17023,0.758278,0.79385,review,evaluation,,,,,,,,Phase18N confirmatory reviewability packet; labels are not identity labels.
phase18n_megadescriptor_l_384_blind_0522,megadescriptor_l_384,confirmatory_stratified_blind_review,rank_06_10__similarity_mid__quality_low__different_identity__admission_mid,rank_06_10,similarity_mid,quality_low,different_identity,admission_mid,phase18a_czechlynx_2809,phase18a_czechlynx_2080,outputs/final_freeze/lynx-wild/images/czechlynx_2809__p16e_045355.jpg,outputs/final_freeze/lynx-wild/images/czechlynx_2080__p16e_039978.jpg,no,8,0.55401438,0.661228,0.55,0.55,0.55,0.87581,0.0,0.74235,0.692054,review,evaluation,,,,,,,,Phase18N confirmatory reviewability packet; labels are not identity labels.
phase18n_megadescriptor_l_384_blind_0523,megadescriptor_l_384,confirmatory_stratified_blind_review,rank_06_10__similarity_mid__quality_low__same_identity__admission_mid,rank_06_10,similarity_mid,quality_low,same_identity,admission_mid,phase18a_czechlynx_1829,phase18a_czechlynx_1917,outputs/final_freeze/lynx-wild/images/czechlynx_1829__p16e_028400.jpg,outputs/final_freeze/lynx-wild/images/czechlynx_1917__p16e_028329.jpg,yes,7,0.61594403,0.78068,0.55,0.55,0.55,0.879076,0.115503,0.732109,0.739122,review,evaluation,,,,,,,,Phase18N confirmatory reviewability packet; labels are not identity labels.
phase18n_megadescriptor_l_384_blind_0524,megadescriptor_l_384,confirmatory_stratified_blind_review,rank_01__similarity_low__quality_low__same_identity__admission_mid,rank_01,similarity_low,quality_low,same_identity,admission_mid,phase18a_czechlynx_2026,phase18a_czechlynx_1369,outputs/final_freeze/lynx-wild/images/czechlynx_2026__p16e_024651.jpg,outputs/final_freeze/lynx-wild/images/czechlynx_1369__p16e_024494.jpg,yes,1,0.46723917,0.443574,0.55,0.55,0.55,0.945533,0.0,0.740107,0.556257,review,evaluation,,,,,,,,Phase18N confirmatory reviewability packet; labels are not identity labels.
phase18n_megadescriptor_l_384_blind_0525,megadescriptor_l_384,confirmatory_stratified_blind_review,rank_11_20__similarity_mid__quality_low__same_identity__admission_high,rank_11_20,similarity_mid,quality_low,same_identity,admission_high,phase18a_czechlynx_1590,phase18a_czechlynx_2007,outputs/final_freeze/lynx-wild/images/czechlynx_1590__p16e_028168.jpg,outputs/final_freeze/lynx-wild/images/czechlynx_2007__p16e_028157.jpg,yes,18,0.61407137,0.777246,0.55,0.55,0.55,0.989245,0.073511,0.771011,0.760175,review,evaluation,,,,,,,,Phase18N confirmatory reviewability packet; labels are not identity labels.
phase18n_megadescriptor_l_384_blind_0526,megadescriptor_l_384,confirmatory_stratified_blind_review,rank_11_20__similarity_mid__quality_low__different_identity__admission_mid,rank_11_20,similarity_mid,quality_low,different_identity,admission_mid,phase18a_czechlynx_2817,phase18a_czechlynx_2375,outputs/final_freeze/lynx-wild/images/czechlynx_2817__p16e_044124.jpg,outputs/final_freeze/lynx-wild/images/czechlynx_2375__p16e_040190.jpg,no,19,0.56274778,0.679178,0.55,0.55,0.55,0.902827,0.005689,0.750572,0.70517,review,evaluation,,,,,,,,Phase18N confirmatory reviewability packet; labels are not identity labels.
phase18n_megadescriptor_l_384_blind_0527,megadescriptor_l_384,confirmatory_stratified_blind_review,rank_02_05__similarity_mid__quality_low__different_identity__admission_mid,rank_02_05,similarity_mid,quality_low,different_identity,admission_mid,phase18a_czechlynx_2352,phase18a_czechlynx_2058,outputs/final_freeze/lynx-wild/images/czechlynx_2352__p16e_033596.jpg,outputs/final_freeze/lynx-wild/images/czechlynx_2058__p16e_042193.jpg,no,2,0.56116986,0.676361,0.55,0.55,0.55,0.856089,0.01923,0.734495,0.694606,review,evaluation,,,,,,,,Phase18N confirmatory reviewability packet; labels are not identity labels.
phase18n_megadescriptor_l_384_blind_0528,megadescriptor_l_384,confirmatory_stratified_blind_review,rank_11_20__similarity_high__quality_low__same_identity__admission_mid,rank_11_20,similarity_high,quality_low,same_identity,admission_mid,phase18a_czechlynx_1684,phase18a_czechlynx_1904,outputs/final_freeze/lynx-wild/images/czechlynx_1684__p16e_028403.jpg,outputs/final_freeze/lynx-wild/images/czechlynx_1904__p16e_028344.jpg,yes,12,0.79516119,0.961866,0.55,0.55,0.55,0.959689,0.268475,0.742205,0.8247,review,evaluation,,,,,,,,Phase18N confirmatory reviewability packet; labels are not identity labels.
phase18n_megadescriptor_l_384_blind_0529,megadescriptor_l_384,confirmatory_stratified_blind_review,rank_06_10__similarity_high__quality_low__same_identity__admission_high,rank_06_10,similarity_high,quality_low,same_identity,admission_high,phase18a_czechlynx_1595,phase18a_czechlynx_1628,outputs/final_freeze/lynx-wild/images/czechlynx_1595__p16e_028407.jpg,outputs/final_freeze/lynx-wild/images/czechlynx_1628__p16e_028375.jpg,yes,8,0.68110728,0.884998,0.55,0.55,0.55,0.983603,0.183237,0.758261,0.800191,review,evaluation,,,,,,,,Phase18N confirmatory reviewability packet; labels are not identity labels.
phase18n_megadescriptor_l_384_blind_0530,megadescriptor_l_384,confirmatory_stratified_blind_review,rank_06_10__similarity_low__quality_low__same_identity__admission_mid,rank_06_10,similarity_low,quality_low,same_identity,admission_mid,phase18a_czechlynx_1311,phase18a_czechlynx_1587,outputs/final_freeze/lynx-wild/images/czechlynx_1311__p16e_028449.jpg,outputs/final_freeze/lynx-wild/images/czechlynx_1587__p16e_028517.jpg,yes,8,0.45398712,0.40604,0.55,0.55,0.55,0.970466,0.0,0.743334,0.534212,review,evaluation,,,,,,,,Phase18N confirmatory reviewability packet; labels are not identity labels.
phase18n_megadescriptor_l_384_blind_0531,megadescriptor_l_384,confirmatory_stratified_blind_review,rank_01__similarity_mid__quality_low__same_identity__admission_low,rank_01,similarity_mid,quality_low,same_identity,admission_low,phase18a_czechlynx_2145,phase18a_czechlynx_2238,outputs/final_freeze/lynx-wild/images/czechlynx_2145__p16e_044230.jpg,outputs/final_freeze/lynx-wild/images/czechlynx_2238__p16e_044226.jpg,yes,1,0.55695951,0.667878,0.55,0.55,0.55,0.841186,0.015963,0.730127,0.68834,review,evaluation,,,,,,,,Phase18N confirmatory reviewability packet; labels are not identity labels.
phase18n_megadescriptor_l_384_blind_0532,megadescriptor_l_384,confirmatory_stratified_blind_review,rank_02_05__similarity_low__quality_low__different_identity__admission_mid,rank_02_05,similarity_low,quality_low,different_identity,admission_mid,phase18a_czechlynx_2314,phase18a_czechlynx_2015,outputs/final_freeze/lynx-wild/images/czechlynx_2314__p16e_042763.jpg,outputs/final_freeze/lynx-wild/images/czechlynx_2015__p16e_040723.jpg,no,2,0.48371816,0.491525,0.55,0.55,0.55,0.9672,0.0,0.750968,0.590113,review,evaluation,,,,,,,,Phase18N confirmatory reviewability packet; labels are not identity labels.
phase18n_megadescriptor_l_384_blind_0533,megadescriptor_l_384,confirmatory_stratified_blind_review,rank_01__similarity_mid__quality_low__different_identity__admission_low,rank_01,similarity_mid,quality_low,different_identity,admission_low,phase18a_czechlynx_2469,phase18a_czechlynx_1832,outputs/final_freeze/lynx-wild/images/czechlynx_2469__p16e_012207.jpg,outputs/final_freeze/lynx-wild/images/czechlynx_1832__p16e_018708.jpg,no,1,0.53697741,0.62691,0.52207,0.55,0.52207,0.752137,0.024317,0.687695,0.645145,review,evaluation,,,,,,,,Phase18N confirmatory reviewability packet; labels are not identity labels.
phase18n_megadescriptor_l_384_blind_0534,megadescriptor_l_384,confirmatory_stratified_blind_review,rank_02_05__similarity_low__quality_low__different_identity__admission_high,rank_02_05,similarity_low,quality_low,different_identity,admission_high,phase18a_czechlynx_2145,phase18a_czechlynx_2811,outputs/final_freeze/lynx-wild/images/czechlynx_2145__p16e_044230.jpg,outputs/final_freeze/lynx-wild/images/czechlynx_2811__p16e_033300.jpg,no,4,0.50902319,0.560009,0.55,0.55,0.55,0.999003,0.0,0.766722,0.63856,review,evaluation,,,,,,,,Phase18N confirmatory reviewability packet; labels are not identity labels.
phase18n_megadescriptor_l_384_blind_0535,megadescriptor_l_384,confirmatory_stratified_blind_review,rank_02_05__similarity_high__quality_low__same_identity__admission_high,rank_02_05,similarity_high,quality_low,same_identity,admission_high,phase18a_czechlynx_1670,phase18a_czechlynx_1842,outputs/final_freeze/lynx-wild/images/czechlynx_1670__p16e_028312.jpg,outputs/final_freeze/lynx-wild/images/czechlynx_1842__p16e_028300.jpg,yes,5,0.90105605,0.987783,0.55,0.55,0.55,0.997259,0.281242,0.752762,0.842227,review,evaluation,,,,,,,,Phase18N confirmatory reviewability packet; labels are not identity labels.
phase18n_megadescriptor_l_384_blind_0536,megadescriptor_l_384,confirmatory_stratified_blind_review,rank_02_05__similarity_low__quality_low__same_identity__admission_mid,rank_02_05,similarity_low,quality_low,same_identity,admission_mid,phase18a_czechlynx_2317,phase18a_czechlynx_2009,outputs/final_freeze/lynx-wild/images/czechlynx_2317__p16e_007827.jpg,outputs/final_freeze/lynx-wild/images/czechlynx_2009__p16e_007821.jpg,yes,3,0.5051614,0.549559,0.55,0.55,0.55,0.935544,0.0,0.747908,0.624932,review,evaluation,,,,,,,,Phase18N confirmatory reviewability packet; labels are not identity labels.
phase18n_megadescriptor_l_384_blind_0537,megadescriptor_l_384,confirmatory_stratified_blind_review,rank_06_10__similarity_mid__quality_low__different_identity__admission_mid,rank_06_10,similarity_mid,quality_low,different_identity,admission_mid,phase18a_czechlynx_1745,phase18a_czechlynx_2288,outputs/final_freeze/lynx-wild/images/czechlynx_1745__p16e_037603.jpg,outputs/final_freeze/lynx-wild/images/czechlynx_2288__p16e_045974.jpg,no,10,0.59434408,0.740946,0.55,0.55,0.55,0.885386,0.073561,0.73829,0.725224,review,evaluation,,,,,,,,Phase18N confirmatory reviewability packet; labels are not identity labels.
phase18n_megadescriptor_l_384_blind_0538,megadescriptor_l_384,confirmatory_stratified_blind_review,rank_06_10__similarity_low__quality_low__different_identity__admission_mid,rank_06_10,similarity_low,quality_low,different_identity,admission_mid,phase18a_czechlynx_1839,phase18a_czechlynx_1845,outputs/final_freeze/lynx-wild/images/czechlynx_1839__p16e_042753.jpg,outputs/final_freeze/lynx-wild/images/czechlynx_1845__p16e_040719.jpg,no,6,0.47171786,0.457041,0.55,0.55,0.55,0.944462,0.0,0.741153,0.565004,review,evaluation,,,,,,,,Phase18N confirmatory reviewability packet; labels are not identity labels.
phase18n_megadescriptor_l_384_blind_0539,megadescriptor_l_384,confirmatory_stratified_blind_review,rank_01__similarity_high__quality_low__same_identity__admission_high,rank_01,similarity_high,quality_low,same_identity,admission_high,phase18a_czechlynx_1591,phase18a_czechlynx_1633,outputs/final_freeze/lynx-wild/images/czechlynx_1591__p16e_028364.jpg,outputs/final_freeze/lynx-wild/images/czechlynx_1633__p16e_028523.jpg,yes,1,0.73673046,0.933332,0.55,0.55,0.55,0.981466,0.232319,0.75268,0.818221,review,evaluation,,,,,,,,Phase18N confirmatory reviewability packet; labels are not identity labels.
phase18n_megadescriptor_l_384_blind_0540,megadescriptor_l_384,confirmatory_stratified_blind_review,rank_06_10__similarity_low__quality_low__same_identity__admission_mid,rank_06_10,similarity_low,quality_low,same_identity,admission_mid,phase18a_czechlynx_1445,phase18a_czechlynx_1415,outputs/final_freeze/lynx-wild/images/czechlynx_1445__p16e_028359.jpg,outputs/final_freeze/lynx-wild/images/czechlynx_1415__p16e_028519.jpg,yes,7,0.45252278,0.402223,0.55,0.55,0.55,0.939476,0.0,0.734276,0.528403,review,evaluation,,,,,,,,Phase18N confirmatory reviewability packet; labels are not identity labels.
phase18n_megadescriptor_l_384_blind_0541,megadescriptor_l_384,confirmatory_stratified_blind_review,rank_02_05__similarity_mid__quality_low__different_identity__admission_low,rank_02_05,similarity_mid,quality_low,different_identity,admission_low,phase18a_czechlynx_1745,phase18a_czechlynx_2355,outputs/final_freeze/lynx-wild/images/czechlynx_1745__p16e_037603.jpg,outputs/final_freeze/lynx-wild/images/czechlynx_2355__p16e_040691.jpg,no,4,0.63461816,0.81478,0.55,0.55,0.55,0.878877,0.149673,0.728629,0.752108,review,evaluation,,,,,,,,Phase18N confirmatory reviewability packet; labels are not identity labels.
phase18n_megadescriptor_l_384_blind_0542,megadescriptor_l_384,confirmatory_stratified_blind_review,rank_11_20__similarity_high__quality_low__same_identity__admission_mid,rank_11_20,similarity_high,quality_low,same_identity,admission_mid,phase18a_czechlynx_1654,phase18a_czechlynx_1904,outputs/final_freeze/lynx-wild/images/czechlynx_1654__p16e_028325.jpg,outputs/final_freeze/lynx-wild/images/czechlynx_1904__p16e_028344.jpg,yes,14,0.90992224,0.989833,0.55,0.55,0.55,0.987852,0.286585,0.749265,0.8411,review,evaluation,,,,,,,,Phase18N confirmatory reviewability packet; labels are not identity labels.
phase18n_megadescriptor_l_384_blind_0543,megadescriptor_l_384,confirmatory_stratified_blind_review,rank_11_20__similarity_mid__quality_low__same_identity__admission_low,rank_11_20,similarity_mid,quality_low,same_identity,admission_low,phase18a_czechlynx_2126,phase18a_czechlynx_1829,outputs/final_freeze/lynx-wild/images/czechlynx_2126__p16e_028327.jpg,outputs/final_freeze/lynx-wild/images/czechlynx_1829__p16e_028400.jpg,yes,18,0.61999309,0.789046,0.55,0.55,0.55,0.872412,0.126202,0.72894,0.740966,review,evaluation,,,,,,,,Phase18N confirmatory reviewability packet; labels are not identity labels.
phase18n_megadescriptor_l_384_blind_0544,megadescriptor_l_384,confirmatory_stratified_blind_review,rank_02_05__similarity_low__quality_low__same_identity__admission_low,rank_02_05,similarity_low,quality_low,same_identity,admission_low,phase18a_czechlynx_2349,phase18a_czechlynx_1965,outputs/final_freeze/lynx-wild/images/czechlynx_2349__p16e_034399.jpg,outputs/final_freeze/lynx-wild/images/czechlynx_1965__p16e_034428.jpg,yes,5,0.4434824,0.378173,0.55,0.55,0.55,0.867803,0.0,0.711802,0.504952,review,evaluation,,,,,,,,Phase18N confirmatory reviewability packet; labels are not identity labels.
phase18n_megadescriptor_l_384_blind_0545,megadescriptor_l_384,confirmatory_stratified_blind_review,rank_02_05__similarity_high__quality_low__same_identity__admission_high,rank_02_05,similarity_high,quality_low,same_identity,admission_high,phase18a_czechlynx_1888,phase18a_czechlynx_1747,outputs/final_freeze/lynx-wild/images/czechlynx_1888__p16e_028243.jpg,outputs/final_freeze/lynx-wild/images/czechlynx_1747__p16e_028220.jpg,yes,5,0.67383379,0.875848,0.55,0.55,0.55,0.986336,0.17313,0.760133,0.79725,review,evaluation,,,,,,,,Phase18N confirmatory reviewability packet; labels are not identity labels.
phase18n_megadescriptor_l_384_blind_0546,megadescriptor_l_384,confirmatory_stratified_blind_review,rank_01__similarity_mid__quality_low__different_identity__admission_mid,rank_01,similarity_mid,quality_low,different_identity,admission_mid,phase18a_czechlynx_2467,phase18a_czechlynx_2276,outputs/final_freeze/lynx-wild/images/czechlynx_2467__p16e_040860.jpg,outputs/final_freeze/lynx-wild/images/czechlynx_2276__p16e_043141.jpg,no,1,0.63703686,0.819047,0.55,0.55,0.55,0.919121,0.139855,0.742288,0.761908,review,evaluation,,,,,,,,Phase18N confirmatory reviewability packet; labels are not identity labels.
phase18n_megadescriptor_l_384_blind_0547,megadescriptor_l_384,confirmatory_stratified_blind_review,rank_02_05__similarity_mid__quality_low__same_identity__admission_mid,rank_02_05,similarity_mid,quality_low,same_identity,admission_mid,phase18a_czechlynx_1875,phase18a_czechlynx_1795,outputs/final_freeze/lynx-wild/images/czechlynx_1875__p16e_028273.jpg,outputs/final_freeze/lynx-wild/images/czechlynx_1795__p16e_028219.jpg,yes,5,0.61572134,0.780396,0.55,0.55,0.55,0.929543,0.097556,0.7498,0.749259,review,evaluation,,,,,,,,Phase18N confirmatory reviewability packet; labels are not identity labels.
phase18n_megadescriptor_l_384_blind_0548,megadescriptor_l_384,confirmatory_stratified_blind_review,rank_11_20__similarity_low__quality_low__different_identity__admission_mid,rank_11_20,similarity_low,quality_low,different_identity,admission_mid,phase18a_czechlynx_2692,phase18a_czechlynx_2869,outputs/final_freeze/lynx-wild/images/czechlynx_2692__p16e_028820.jpg,outputs/final_freeze/lynx-wild/images/czechlynx_2869__p16e_014175.jpg,no,20,0.4670603,0.442941,0.55,0.55,0.55,0.916737,0.0,0.73198,0.552776,review,evaluation,,,,,,,,Phase18N confirmatory reviewability packet; labels are not identity labels.
phase18n_megadescriptor_l_384_blind_0549,megadescriptor_l_384,confirmatory_stratified_blind_review,rank_06_10__similarity_mid__quality_low__same_identity__admission_high,rank_06_10,similarity_mid,quality_low,same_identity,admission_high,phase18a_czechlynx_1605,phase18a_czechlynx_1670,outputs/final_freeze/lynx-wild/images/czechlynx_1605__p16e_028246.jpg,outputs/final_freeze/lynx-wild/images/czechlynx_1670__p16e_028312.jpg,yes,8,0.57582164,0.705578,0.55,0.55,0.55,0.924503,0.024502,0.755518,0.719655,review,evaluation,,,,,,,,Phase18N confirmatory reviewability packet; labels are not identity labels.
phase18n_megadescriptor_l_384_blind_0550,megadescriptor_l_384,confirmatory_stratified_blind_review,rank_06_10__similarity_low__quality_low__different_identity__admission_high,rank_06_10,similarity_low,quality_low,different_identity,admission_high,phase18a_czechlynx_1604,phase18a_czechlynx_1796,outputs/final_freeze/lynx-wild/images/czechlynx_1604__p16e_014115.jpg,outputs/final_freeze/lynx-wild/images/czechlynx_1796__p16e_042760.jpg,no,7,0.50436866,0.547326,0.55,0.55,0.55,0.98107,0.0,0.760432,0.628306,review,evaluation,,,,,,,,Phase18N confirmatory reviewability packet; labels are not identity labels.
phase18n_megadescriptor_l_384_blind_0551,megadescriptor_l_384,confirmatory_stratified_blind_review,rank_06_10__similarity_mid__quality_low__same_identity__admission_low,rank_06_10,similarity_mid,quality_low,same_identity,admission_low,phase18a_czechlynx_0809,phase18a_czechlynx_2838,outputs/final_freeze/lynx-wild/images/czechlynx_0809__czlx_expanded_0456.jpg,outputs/final_freeze/lynx-wild/images/czechlynx_2838__p16e_032139.jpg,yes,8,0.56750339,0.689228,0.55,0.55,0.55,0.757478,0.066611,0.698694,0.679503,review,evaluation,,,,,,,,Phase18N confirmatory reviewability packet; labels are not identity labels.
phase18n_megadescriptor_l_384_blind_0552,megadescriptor_l_384,confirmatory_stratified_blind_review,rank_02_05__similarity_mid__quality_low__different_identity__admission_low,rank_02_05,similarity_mid,quality_low,different_identity,admission_low,phase18a_czechlynx_2523,phase18a_czechlynx_2051,outputs/final_freeze/lynx-wild/images/czechlynx_2523__p16e_044194.jpg,outputs/final_freeze/lynx-wild/images/czechlynx_2051__p16e_043425.jpg,no,4,0.58338451,0.719679,0.55,0.55,0.55,0.82901,0.072025,0.720686,0.705656,review,evaluation,,,,,,,,Phase18N confirmatory reviewability packet; labels are not identity labels.
phase18n_megadescriptor_l_384_blind_0553,megadescriptor_l_384,confirmatory_stratified_blind_review,rank_02_05__similarity_mid__quality_low__different_identity__admission_mid,rank_02_05,similarity_mid,quality_low,different_identity,admission_mid,phase18a_czechlynx_2167,phase18a_czechlynx_2297,outputs/final_freeze/lynx-wild/images/czechlynx_2167__p16e_024490.jpg,outputs/final_freeze/lynx-wild/images/czechlynx_2297__p16e_020425.jpg,no,2,0.52290118,0.59316,0.55,0.55,0.55,0.887258,0.0,0.738748,0.648483,review,evaluation,,,,,,,,Phase18N confirmatory reviewability packet; labels are not identity labels.
phase18n_megadescriptor_l_384_blind_0554,megadescriptor_l_384,confirmatory_stratified_blind_review,rank_11_20__similarity_high__quality_low__same_identity__admission_mid,rank_11_20,similarity_high,quality_low,same_identity,admission_mid,phase18a_czechlynx_1454,phase18a_czechlynx_1513,outputs/final_freeze/lynx-wild/images/czechlynx_1454__p16e_028149.jpg,outputs/final_freeze/lynx-wild/images/czechlynx_1513__p16e_028160.jpg,yes,14,0.70033163,0.905265,0.55,0.55,0.55,0.952045,0.214549,0.745189,0.801526,review,evaluation,,,,,,,,Phase18N confirmatory reviewability packet; labels are not identity labels.
phase18n_megadescriptor_l_384_blind_0555,megadescriptor_l_384,confirmatory_stratified_blind_review,rank_06_10__similarity_high__quality_low__different_identity__admission_low,rank_06_10,similarity_high,quality_low,different_identity,admission_low,phase18a_czechlynx_2757,phase18a_czechlynx_2096,outputs/final_freeze/lynx-wild/images/czechlynx_2757__p16e_043694.jpg,outputs/final_freeze/lynx-wild/images/czechlynx_2096__p16e_043693.jpg,no,6,0.69284308,0.897832,0.55,0.55,0.55,0.789481,0.264013,0.689035,0.765686,review,evaluation,,,,,,,,Phase18N confirmatory reviewability packet; labels are not identity labels.
phase18n_megadescriptor_l_384_blind_0556,megadescriptor_l_384,confirmatory_stratified_blind_review,rank_02_05__similarity_mid__quality_low__different_identity__admission_mid,rank_02_05,similarity_mid,quality_low,different_identity,admission_mid,phase18a_czechlynx_2797,phase18a_czechlynx_2771,outputs/final_freeze/lynx-wild/images/czechlynx_2797__p16e_044125.jpg,outputs/final_freeze/lynx-wild/images/czechlynx_2771__p16e_045581.jpg,no,3,0.57854015,0.710662,0.55,0.55,0.55,0.877764,0.045944,0.738651,0.712109,review,evaluation,,,,,,,,Phase18N confirmatory reviewability packet; labels are not identity labels.
phase18n_megadescriptor_l_384_blind_0557,megadescriptor_l_384,confirmatory_stratified_blind_review,rank_01__similarity_high__quality_low__same_identity__admission_low,rank_01,similarity_high,quality_low,same_identity,admission_low,phase18a_czechlynx_1433,phase18a_czechlynx_1434,outputs/final_freeze/lynx-wild/images/czechlynx_1433__p16e_044158.jpg,outputs/final_freeze/lynx-wild/images/czechlynx_1434__p16e_044157.jpg,yes,1,0.98297882,0.999667,0.389941,0.391016,0.389941,0.997253,0.397166,0.66354,0.792505,review,evaluation,,,,,,,,Phase18N confirmatory reviewability packet; labels are not identity labels.
phase18n_megadescriptor_l_384_blind_0558,megadescriptor_l_384,confirmatory_stratified_blind_review,rank_02_05__similarity_low__quality_low__different_identity__admission_high,rank_02_05,similarity_low,quality_low,different_identity,admission_high,phase18a_czechlynx_2613,phase18a_czechlynx_2093,outputs/final_freeze/lynx-wild/images/czechlynx_2613__p16e_006767.jpg,outputs/final_freeze/lynx-wild/images/czechlynx_2093__p16e_010000.jpg,no,2,0.50635427,0.552609,0.55,0.55,0.55,0.975503,0.0,0.759402,0.63119,review,evaluation,,,,,,,,Phase18N confirmatory reviewability packet; labels are not identity labels.
phase18n_megadescriptor_l_384_blind_0559,megadescriptor_l_384,confirmatory_stratified_blind_review,rank_11_20__similarity_high__quality_low__same_identity__admission_high,rank_11_20,similarity_high,quality_low,same_identity,admission_high,phase18a_czechlynx_2053,phase18a_czechlynx_2066,outputs/final_freeze/lynx-wild/images/czechlynx_2053__p16e_028439.jpg,outputs/final_freeze/lynx-wild/images/czechlynx_2066__p16e_028421.jpg,yes,14,0.69079816,0.895198,0.55,0.55,0.55,0.989111,0.191509,0.759169,0.805205,review,evaluation,,,,,,,,Phase18N confirmatory reviewability packet; labels are not identity labels.
phase18n_megadescriptor_l_384_blind_0560,megadescriptor_l_384,confirmatory_stratified_blind_review,rank_11_20__similarity_mid__quality_low__different_identity__admission_high,rank_11_20,similarity_mid,quality_low,different_identity,admission_high,phase18a_czechlynx_2645,phase18a_czechlynx_2817,outputs/final_freeze/lynx-wild/images/czechlynx_2645__p16e_034259.jpg,outputs/final_freeze/lynx-wild/images/czechlynx_2817__p16e_044124.jpg,no,11,0.58080065,0.714895,0.55,0.55,0.55,0.973387,0.01671,0.771696,0.733138,review,evaluation,,,,,,,,Phase18N confirmatory reviewability packet; labels are not identity labels.
phase18n_megadescriptor_l_384_blind_0561,megadescriptor_l_384,confirmatory_stratified_blind_review,rank_11_20__similarity_mid__quality_low__different_identity__admission_high,rank_11_20,similarity_mid,quality_low,different_identity,admission_high,phase18a_czechlynx_2530,phase18a_czechlynx_2325,outputs/final_freeze/lynx-wild/images/czechlynx_2530__p16e_045919.jpg,outputs/final_freeze/lynx-wild/images/czechlynx_2325__p16e_014859.jpg,no,18,0.55066848,0.655211,0.55,0.55,0.55,0.956362,0.0,0.764302,0.696666,review,evaluation,,,,,,,,Phase18N confirmatory reviewability packet; labels are not identity labels.
phase18n_megadescriptor_l_384_blind_0562,megadescriptor_l_384,confirmatory_stratified_blind_review,rank_01__similarity_low__quality_low__same_identity__admission_mid,rank_01,similarity_low,quality_low,same_identity,admission_mid,phase18a_czechlynx_2917,phase18a_czechlynx_2703,outputs/final_freeze/lynx-wild/images/czechlynx_2917__p16e_028622.jpg,outputs/final_freeze/lynx-wild/images/czechlynx_2703__p16e_028621.jpg,yes,1,0.51571679,0.576093,0.55,0.55,0.55,0.879816,0.0,0.734958,0.636462,review,evaluation,,,,,,,,Phase18N confirmatory reviewability packet; labels are not identity labels.
phase18n_megadescriptor_l_384_blind_0563,megadescriptor_l_384,confirmatory_stratified_blind_review,rank_11_20__similarity_high__quality_low__same_identity__admission_low,rank_11_20,similarity_high,quality_low,same_identity,admission_low,phase18a_czechlynx_1367,phase18a_czechlynx_1856,outputs/final_freeze/lynx-wild/images/czechlynx_1367__p16e_028380.jpg,outputs/final_freeze/lynx-wild/images/czechlynx_1856__p16e_028343.jpg,yes,16,0.79988194,0.963333,0.55,0.55,0.55,0.928554,0.280839,0.731161,0.81894,review,evaluation,,,,,,,,Phase18N confirmatory reviewability packet; labels are not identity labels.
phase18n_megadescriptor_l_384_blind_0564,megadescriptor_l_384,confirmatory_stratified_blind_review,rank_06_10__similarity_low__quality_low__same_identity__admission_mid,rank_06_10,similarity_low,quality_low,same_identity,admission_mid,phase18a_czechlynx_1302,phase18a_czechlynx_1945,outputs/final_freeze/lynx-wild/images/czechlynx_1302__p16e_028561.jpg,outputs/final_freeze/lynx-wild/images/czechlynx_1945__p16e_028213.jpg,yes,9,0.51455307,0.573126,0.55,0.55,0.55,0.9191,0.0,0.745661,0.638689,review,evaluation,,,,,,,,Phase18N confirmatory reviewability packet; labels are not identity labels.
phase18n_megadescriptor_l_384_blind_0565,megadescriptor_l_384,confirmatory_stratified_blind_review,rank_02_05__similarity_high__quality_low__different_identity__admission_low,rank_02_05,similarity_high,quality_low,different_identity,admission_low,phase18a_czechlynx_2426,phase18a_czechlynx_2463,outputs/final_freeze/lynx-wild/images/czechlynx_2426__p16e_044049.jpg,outputs/final_freeze/lynx-wild/images/czechlynx_2463__p16e_045905.jpg,no,2,0.73778051,0.933982,0.55,0.55,0.55,0.905399,0.259593,0.725991,0.803027,review,evaluation,,,,,,,,Phase18N confirmatory reviewability packet; labels are not identity labels.
phase18n_megadescriptor_l_384_blind_0566,megadescriptor_l_384,confirmatory_stratified_blind_review,rank_02_05__similarity_high__quality_low__same_identity__admission_high,rank_02_05,similarity_high,quality_low,same_identity,admission_high,phase18a_czechlynx_1760,phase18a_czechlynx_1758,outputs/final_freeze/lynx-wild/images/czechlynx_1760__p16e_028152.jpg,outputs/final_freeze/lynx-wild/images/czechlynx_1758__p16e_028164.jpg,yes,4,0.74383438,0.938182,0.55,0.55,0.55,0.989172,0.234472,0.754892,0.821638,review,evaluation,,,,,,,,Phase18N confirmatory reviewability packet; labels are not identity labels.
phase18n_megadescriptor_l_384_blind_0567,megadescriptor_l_384,confirmatory_stratified_blind_review,rank_11_20__similarity_low__quality_low__same_identity__admission_mid,rank_11_20,similarity_low,quality_low,same_identity,admission_mid,phase18a_czechlynx_1494,phase18a_czechlynx_1927,outputs/final_freeze/lynx-wild/images/czechlynx_1494__p16e_028188.jpg,outputs/final_freeze/lynx-wild/images/czechlynx_1927__p16e_028253.jpg,yes,17,0.4973115,0.528175,0.55,0.55,0.55,0.903228,0.0,0.736721,0.607423,review,evaluation,,,,,,,,Phase18N confirmatory reviewability packet; labels are not identity labels.
phase18n_megadescriptor_l_384_blind_0568,megadescriptor_l_384,confirmatory_stratified_blind_review,rank_06_10__similarity_mid__quality_low__different_identity__admission_low,rank_06_10,similarity_mid,quality_low,different_identity,admission_low,phase18a_czechlynx_2530,phase18a_czechlynx_2534,outputs/final_freeze/lynx-wild/images/czechlynx_2530__p16e_045919.jpg,outputs/final_freeze/lynx-wild/images/czechlynx_2534__p16e_039736.jpg,no,9,0.58138764,0.715912,0.55,0.55,0.55,0.819147,0.07171,0.71761,0.702215,review,evaluation,,,,,,,,Phase18N confirmatory reviewability packet; labels are not identity labels.
phase18n_megadescriptor_l_384_blind_0569,megadescriptor_l_384,confirmatory_stratified_blind_review,rank_06_10__similarity_mid__quality_low__different_identity__admission_high,rank_06_10,similarity_mid,quality_low,different_identity,admission_high,phase18a_czechlynx_2087,phase18a_czechlynx_2449,outputs/final_freeze/lynx-wild/images/czechlynx_2087__p16e_042765.jpg,outputs/final_freeze/lynx-wild/images/czechlynx_2449__p16e_010426.jpg,no,6,0.59288061,0.738296,0.55,0.55,0.55,0.962223,0.044018,0.765448,0.73981,review,evaluation,,,,,,,,Phase18N confirmatory reviewability packet; labels are not identity labels.
phase18n_megadescriptor_l_384_blind_0570,megadescriptor_l_384,confirmatory_stratified_blind_review,rank_01__similarity_low__quality_low__same_identity__admission_mid,rank_01,similarity_low,quality_low,same_identity,admission_mid,phase18a_czechlynx_1526,phase18a_czechlynx_2613,outputs/final_freeze/lynx-wild/images/czechlynx_1526__p16e_006775.jpg,outputs/final_freeze/lynx-wild/images/czechlynx_2613__p16e_006767.jpg,yes,1,0.46758556,0.444541,0.55,0.55,0.55,0.976871,0.0,0.748978,0.560227,review,evaluation,,,,,,,,Phase18N confirmatory reviewability packet; labels are not identity labels.
phase18n_megadescriptor_l_384_blind_0571,megadescriptor_l_384,confirmatory_stratified_blind_review,rank_11_20__similarity_low__quality_low__same_identity__admission_low,rank_11_20,similarity_low,quality_low,same_identity,admission_low,phase18a_czechlynx_2854,phase18a_czechlynx_2765,outputs/final_freeze/lynx-wild/images/czechlynx_2854__p16e_029010.jpg,outputs/final_freeze/lynx-wild/images/czechlynx_2765__p16e_028649.jpg,yes,11,0.34859562,0.156369,0.55,0.55,0.55,0.851519,0.0,0.685062,0.357273,review,evaluation,,,,,,,,Phase18N confirmatory reviewability packet; labels are not identity labels.
phase18n_megadescriptor_l_384_blind_0572,megadescriptor_l_384,confirmatory_stratified_blind_review,rank_11_20__similarity_low__quality_low__different_identity__admission_high,rank_11_20,similarity_low,quality_low,different_identity,admission_high,phase18a_czechlynx_1626,phase18a_czechlynx_2191,outputs/final_freeze/lynx-wild/images/czechlynx_1626__p16e_015664.jpg,outputs/final_freeze/lynx-wild/images/czechlynx_2191__p16e_039443.jpg,no,12,0.51413894,0.57211,0.55,0.55,0.55,0.947879,0.0,0.753617,0.641082,review,evaluation,,,,,,,,Phase18N confirmatory reviewability packet; labels are not identity labels.
phase18n_megadescriptor_l_384_blind_0573,megadescriptor_l_384,confirmatory_stratified_blind_review,rank_02_05__similarity_high__quality_low__different_identity__admission_low,rank_02_05,similarity_high,quality_low,different_identity,admission_low,phase18a_czechlynx_1776,phase18a_czechlynx_1770,outputs/final_freeze/lynx-wild/images/czechlynx_1776__p16e_032539.jpg,outputs/final_freeze/lynx-wild/images/czechlynx_1770__p16e_043405.jpg,no,3,0.75829685,0.946316,0.55,0.55,0.55,0.652984,0.360271,0.636413,0.756499,review,evaluation,,,,,,,,Phase18N confirmatory reviewability packet; labels are not identity labels.
phase18n_megadescriptor_l_384_blind_0574,megadescriptor_l_384,confirmatory_stratified_blind_review,rank_02_05__similarity_high__quality_low__same_identity__admission_low,rank_02_05,similarity_high,quality_low,same_identity,admission_low,phase18a_czechlynx_1647,phase18a_czechlynx_1352,outputs/final_freeze/lynx-wild/images/czechlynx_1647__p16e_028204.jpg,outputs/final_freeze/lynx-wild/images/czechlynx_1352__p16e_028242.jpg,yes,5,0.70485818,0.909582,0.55,0.55,0.55,0.874721,0.245929,0.717694,0.787479,review,evaluation,,,,,,,,Phase18N confirmatory reviewability packet; labels are not identity labels.
phase18n_megadescriptor_l_384_blind_0575,megadescriptor_l_384,confirmatory_stratified_blind_review,rank_02_05__similarity_low__quality_low__same_identity__admission_high,rank_02_05,similarity_low,quality_low,same_identity,admission_high,phase18a_czechlynx_2652,phase18a_czechlynx_2009,outputs/final_freeze/lynx-wild/images/czechlynx_2652__p16e_006764.jpg,outputs/final_freeze/lynx-wild/images/czechlynx_2009__p16e_007821.jpg,yes,2,0.49937323,0.533842,0.55,0.55,0.55,0.95877,0.0,0.75284,0.617061,review,evaluation,,,,,,,,Phase18N confirmatory reviewability packet; labels are not identity labels.
phase18n_megadescriptor_l_384_blind_0576,megadescriptor_l_384,confirmatory_stratified_blind_review,rank_06_10__similarity_low__quality_low__same_identity__admission_mid,rank_06_10,similarity_low,quality_low,same_identity,admission_mid,phase18a_czechlynx_1298,phase18a_czechlynx_1722,outputs/final_freeze/lynx-wild/images/czechlynx_1298__p16e_028538.jpg,outputs/final_freeze/lynx-wild/images/czechlynx_1722__p16e_028187.jpg,yes,9,0.44244671,0.375073,0.55,0.55,0.55,0.965655,0.0,0.738891,0.513324,review,evaluation,,,,,,,,Phase18N confirmatory reviewability packet; labels are not identity labels.
phase18n_megadescriptor_l_384_blind_0577,megadescriptor_l_384,confirmatory_stratified_blind_review,rank_06_10__similarity_low__quality_low__different_identity__admission_low,rank_06_10,similarity_low,quality_low,different_identity,admission_low,phase18a_czechlynx_1498,phase18a_czechlynx_2509,outputs/final_freeze/lynx-wild/images/czechlynx_1498__p16e_042521.jpg,outputs/final_freeze/lynx-wild/images/czechlynx_2509__p16e_044839.jpg,no,7,0.47066048,0.453841,0.55,0.55,0.55,0.870909,0.0,0.720239,0.555072,review,evaluation,,,,,,,,Phase18N confirmatory reviewability packet; labels are not identity labels.
phase18n_megadescriptor_l_384_blind_0578,megadescriptor_l_384,confirmatory_stratified_blind_review,rank_11_20__similarity_low__quality_low__different_identity__admission_low,rank_11_20,similarity_low,quality_low,different_identity,admission_low,phase18a_czechlynx_2193,phase18a_czechlynx_1481,outputs/final_freeze/lynx-wild/images/czechlynx_2193__p16e_029923.jpg,outputs/final_freeze/lynx-wild/images/czechlynx_1481__p16e_034376.jpg,no,20,0.34325075,0.146952,0.55,0.55,0.55,0.709888,0.0,0.644464,0.336007,review,evaluation,,,,,,,,Phase18N confirmatory reviewability packet; labels are not identity labels.
phase18n_megadescriptor_l_384_blind_0579,megadescriptor_l_384,confirmatory_stratified_blind_review,rank_11_20__similarity_low__quality_low__different_identity__admission_low,rank_11_20,similarity_low,quality_low,different_identity,admission_low,phase18a_czechlynx_1607,phase18a_czechlynx_2620,outputs/final_freeze/lynx-wild/images/czechlynx_1607__p16e_028492.jpg,outputs/final_freeze/lynx-wild/images/czechlynx_2620__p16e_030850.jpg,no,20,0.39646414,0.255838,0.55,0.383496,0.383496,0.685054,0.0,0.578467,0.378437,defer_low_evidence,evaluation,,,,,,,,Phase18N confirmatory reviewability packet; labels are not identity labels.
phase18n_megadescriptor_l_384_blind_0580,megadescriptor_l_384,confirmatory_stratified_blind_review,rank_06_10__similarity_high__quality_low__same_identity__admission_high,rank_06_10,similarity_high,quality_low,same_identity,admission_high,phase18a_czechlynx_1844,phase18a_czechlynx_1519,outputs/final_freeze/lynx-wild/images/czechlynx_1844__p16e_028324.jpg,outputs/final_freeze/lynx-wild/images/czechlynx_1519__p16e_028336.jpg,yes,8,0.91328168,0.99065,0.55,0.55,0.55,0.997849,0.283903,0.752682,0.843441,review,evaluation,,,,,,,,Phase18N confirmatory reviewability packet; labels are not identity labels.
phase18n_megadescriptor_l_384_blind_0581,megadescriptor_l_384,confirmatory_stratified_blind_review,rank_01__similarity_high__quality_low__different_identity__admission_mid,rank_01,similarity_high,quality_low,different_identity,admission_mid,phase18a_czechlynx_2521,phase18a_czechlynx_2049,outputs/final_freeze/lynx-wild/images/czechlynx_2521__p16e_035354.jpg,outputs/final_freeze/lynx-wild/images/czechlynx_2049__p16e_042868.jpg,no,1,0.73731112,0.933582,0.55,0.55,0.55,0.960266,0.239989,0.745235,0.814012,review,evaluation,,,,,,,,Phase18N confirmatory reviewability packet; labels are not identity labels.
phase18n_megadescriptor_l_384_blind_0582,megadescriptor_l_384,confirmatory_stratified_blind_review,rank_01__similarity_low__quality_low__same_identity__admission_low,rank_01,similarity_low,quality_low,same_identity,admission_low,phase18a_czechlynx_2084,phase18a_czechlynx_2770,outputs/final_freeze/lynx-wild/images/czechlynx_2084__p16e_024890.jpg,outputs/final_freeze/lynx-wild/images/czechlynx_2770__p16e_024887.jpg,yes,1,0.4601846,0.424207,0.55,0.55,0.55,0.828578,0.0,0.705423,0.531069,review,evaluation,,,,,,,,Phase18N confirmatory reviewability packet; labels are not identity labels.
phase18n_megadescriptor_l_384_blind_0583,megadescriptor_l_384,confirmatory_stratified_blind_review,rank_06_10__similarity_mid__quality_low__same_identity__admission_low,rank_06_10,similarity_mid,quality_low,same_identity,admission_low,phase18a_czechlynx_1413,phase18a_czechlynx_1978,outputs/final_freeze/lynx-wild/images/czechlynx_1413__p16e_024496.jpg,outputs/final_freeze/lynx-wild/images/czechlynx_1978__p16e_024500.jpg,yes,8,0.65692806,0.851731,0.55,0.55,0.55,0.889286,0.182981,0.728577,0.768336,review,evaluation,,,,,,,,Phase18N confirmatory reviewability packet; labels are not identity labels.
phase18n_megadescriptor_l_384_blind_0584,megadescriptor_l_384,confirmatory_stratified_blind_review,rank_02_05__similarity_mid__quality_low__different_identity__admission_low,rank_02_05,similarity_mid,quality_low,different_identity,admission_low,phase18a_czechlynx_2673,phase18a_czechlynx_2479,outputs/final_freeze/lynx-wild/images/czechlynx_2673__p16e_044129.jpg,outputs/final_freeze/lynx-wild/images/czechlynx_2479__p16e_044345.jpg,no,4,0.60996884,0.769879,0.55,0.55,0.55,0.866337,0.109162,0.72873,0.73241,review,evaluation,,,,,,,,Phase18N confirmatory reviewability packet; labels are not identity labels.
phase18n_megadescriptor_l_384_blind_0585,megadescriptor_l_384,confirmatory_stratified_blind_review,rank_01__similarity_low__quality_low__same_identity__admission_high,rank_01,similarity_low,quality_low,same_identity,admission_high,phase18a_czechlynx_2822,phase18a_czechlynx_2496,outputs/final_freeze/lynx-wild/images/czechlynx_2822__p16e_028814.jpg,outputs/final_freeze/lynx-wild/images/czechlynx_2496__p16e_028782.jpg,yes,1,0.46816838,0.446374,0.55,0.55,0.55,0.999537,0.0,0.755508,0.563845,review,evaluation,,,,,,,,Phase18N confirmatory reviewability packet; labels are not identity labels.
phase18n_megadescriptor_l_384_blind_0586,megadescriptor_l_384,confirmatory_stratified_blind_review,rank_11_20__similarity_mid__quality_low__different_identity__admission_low,rank_11_20,similarity_mid,quality_low,different_identity,admission_low,phase18a_czechlynx_2803,phase18a_czechlynx_2530,outputs/final_freeze/lynx-wild/images/czechlynx_2803__p16e_043467.jpg,outputs/final_freeze/lynx-wild/images/czechlynx_2530__p16e_045919.jpg,no,17,0.54078305,0.634511,0.55,0.55,0.55,0.841229,0.0,0.729995,0.670795,review,evaluation,,,,,,,,Phase18N confirmatory reviewability packet; labels are not identity labels.
phase18n_megadescriptor_l_384_blind_0587,megadescriptor_l_384,confirmatory_stratified_blind_review,rank_11_20__similarity_low__quality_low__same_identity__admission_low,rank_11_20,similarity_low,quality_low,same_identity,admission_low,phase18a_czechlynx_1748,phase18a_czechlynx_1789,outputs/final_freeze/lynx-wild/images/czechlynx_1748__p16e_028381.jpg,outputs/final_freeze/lynx-wild/images/czechlynx_1789__p16e_028399.jpg,yes,18,0.4592236,0.421374,0.55,0.55,0.55,0.913246,0.0,0.728846,0.538213,review,evaluation,,,,,,,,Phase18N confirmatory reviewability packet; labels are not identity labels.
phase18n_megadescriptor_l_384_blind_0588,megadescriptor_l_384,confirmatory_stratified_blind_review,rank_01__similarity_low__quality_low__different_identity__admission_mid,rank_01,similarity_low,quality_low,different_identity,admission_mid,phase18a_czechlynx_2770,phase18a_czechlynx_2916,outputs/final_freeze/lynx-wild/images/czechlynx_2770__p16e_024887.jpg,outputs/final_freeze/lynx-wild/images/czechlynx_2916__p16e_024943.jpg,no,1,0.49736282,0.528309,0.55,0.55,0.55,0.898974,0.0,0.735544,0.607058,review,evaluation,,,,,,,,Phase18N confirmatory reviewability packet; labels are not identity labels.
phase18n_megadescriptor_l_384_blind_0589,megadescriptor_l_384,confirmatory_stratified_blind_review,rank_01__similarity_low__quality_low__different_identity__admission_low,rank_01,similarity_low,quality_low,different_identity,admission_low,phase18a_czechlynx_2743,phase18a_czechlynx_1770,outputs/final_freeze/lynx-wild/images/czechlynx_2743__p16e_009388.jpg,outputs/final_freeze/lynx-wild/images/czechlynx_1770__p16e_043405.jpg,no,1,0.49142888,0.512092,0.55,0.55,0.55,0.710408,0.0,0.681123,0.576324,review,evaluation,,,,,,,,Phase18N confirmatory reviewability packet; labels are not identity labels.
phase18n_megadescriptor_l_384_blind_0590,megadescriptor_l_384,confirmatory_stratified_blind_review,rank_02_05__similarity_low__quality_low__same_identity__admission_low,rank_02_05,similarity_low,quality_low,same_identity,admission_low,phase18a_czechlynx_2770,phase18a_czechlynx_2084,outputs/final_freeze/lynx-wild/images/czechlynx_2770__p16e_024887.jpg,outputs/final_freeze/lynx-wild/images/czechlynx_2084__p16e_024890.jpg,yes,3,0.4601846,0.424224,0.55,0.55,0.55,0.828578,0.0,0.705424,0.53108,review,evaluation,,,,,,,,Phase18N confirmatory reviewability packet; labels are not identity labels.
phase18n_megadescriptor_l_384_blind_0591,megadescriptor_l_384,confirmatory_stratified_blind_review,rank_06_10__similarity_mid__quality_low__different_identity__admission_low,rank_06_10,similarity_mid,quality_low,different_identity,admission_low,phase18a_czechlynx_2692,phase18a_czechlynx_1786,outputs/final_freeze/lynx-wild/images/czechlynx_2692__p16e_028820.jpg,outputs/final_freeze/lynx-wild/images/czechlynx_1786__p16e_020271.jpg,no,8,0.53245974,0.61651,0.55,0.55,0.55,0.707933,0.011234,0.688625,0.641667,review,evaluation,,,,,,,,Phase18N confirmatory reviewability packet; labels are not identity labels.
phase18n_megadescriptor_l_384_blind_0592,megadescriptor_l_384,confirmatory_stratified_blind_review,rank_06_10__similarity_high__quality_low__different_identity__admission_high,rank_06_10,similarity_high,quality_low,different_identity,admission_high,phase18a_czechlynx_2517,phase18a_czechlynx_2051,outputs/final_freeze/lynx-wild/images/czechlynx_2517__p16e_045622.jpg,outputs/final_freeze/lynx-wild/images/czechlynx_2051__p16e_043425.jpg,no,6,0.67975342,0.883398,0.55,0.55,0.55,0.972722,0.185445,0.754613,0.797371,review,evaluation,,,,,,,,Phase18N confirmatory reviewability packet; labels are not identity labels.
phase18n_megadescriptor_l_384_blind_0593,megadescriptor_l_384,confirmatory_stratified_blind_review,rank_02_05__similarity_high__quality_low__different_identity__admission_low,rank_02_05,similarity_high,quality_low,different_identity,admission_low,phase18a_czechlynx_1353,phase18a_czechlynx_1766,outputs/final_freeze/lynx-wild/images/czechlynx_1353__p16e_042049.jpg,outputs/final_freeze/lynx-wild/images/czechlynx_1766__p16e_044740.jpg,no,5,0.72460085,0.925565,0.55,0.55,0.55,0.909144,0.249865,0.728144,0.800572,review,evaluation,,,,,,,,Phase18N confirmatory reviewability packet; labels are not identity labels.
phase18n_megadescriptor_l_384_blind_0594,megadescriptor_l_384,confirmatory_stratified_blind_review,rank_02_05__similarity_mid__quality_low__different_identity__admission_low,rank_02_05,similarity_mid,quality_low,different_identity,admission_low,phase18a_czechlynx_2393,phase18a_czechlynx_2745,outputs/final_freeze/lynx-wild/images/czechlynx_2393__p16e_009410.jpg,outputs/final_freeze/lynx-wild/images/czechlynx_2745__p16e_037141.jpg,no,5,0.55081886,0.655544,0.55,0.55,0.55,0.803155,0.01694,0.71805,0.675908,review,evaluation,,,,,,,,Phase18N confirmatory reviewability packet; labels are not identity labels.
phase18n_megadescriptor_l_384_blind_0595,megadescriptor_l_384,confirmatory_stratified_blind_review,rank_02_05__similarity_high__quality_low__different_identity__admission_mid,rank_02_05,similarity_high,quality_low,different_identity,admission_mid,phase18a_czechlynx_2236,phase18a_czechlynx_2420,outputs/final_freeze/lynx-wild/images/czechlynx_2236__p16e_045033.jpg,outputs/final_freeze/lynx-wild/images/czechlynx_2420__p16e_042171.jpg,no,5,0.68017823,0.883798,0.55,0.55,0.55,0.954503,0.192222,0.748196,0.793825,review,evaluation,,,,,,,,Phase18N confirmatory reviewability packet; labels are not identity labels.
phase18n_megadescriptor_l_384_blind_0596,megadescriptor_l_384,confirmatory_stratified_blind_review,rank_01__similarity_mid__quality_low__different_identity__admission_high,rank_01,similarity_mid,quality_low,different_identity,admission_high,phase18a_czechlynx_2806,phase18a_czechlynx_2958,outputs/final_freeze/lynx-wild/images/czechlynx_2806__p16e_028648.jpg,outputs/final_freeze/lynx-wild/images/czechlynx_2958__p16e_028627.jpg,no,1,0.57100409,0.696428,0.55,0.55,0.55,0.979878,0.0,0.775009,0.726289,review,evaluation,,,,,,,,Phase18N confirmatory reviewability packet; labels are not identity labels.
phase18n_megadescriptor_l_384_blind_0597,megadescriptor_l_384,confirmatory_stratified_blind_review,rank_06_10__similarity_mid__quality_low__same_identity__admission_high,rank_06_10,similarity_mid,quality_low,same_identity,admission_high,phase18a_czechlynx_1492,phase18a_czechlynx_1408,outputs/final_freeze/lynx-wild/images/czechlynx_1492__p16e_028470.jpg,outputs/final_freeze/lynx-wild/images/czechlynx_1408__p16e_028250.jpg,yes,9,0.57064271,0.695695,0.55,0.55,0.55,0.998226,0.0,0.780073,0.727759,accept_review_ready,evaluation,,,,,,,,Phase18N confirmatory reviewability packet; labels are not identity labels.
phase18n_megadescriptor_l_384_blind_0598,megadescriptor_l_384,confirmatory_stratified_blind_review,rank_11_20__similarity_high__quality_low__same_identity__admission_mid,rank_11_20,similarity_high,quality_low,same_identity,admission_mid,phase18a_czechlynx_1780,phase18a_czechlynx_1595,outputs/final_freeze/lynx-wild/images/czechlynx_1780__p16e_028465.jpg,outputs/final_freeze/lynx-wild/images/czechlynx_1595__p16e_028407.jpg,yes,18,0.70143914,0.906265,0.55,0.55,0.55,0.937963,0.220478,0.740161,0.79905,review,evaluation,,,,,,,,Phase18N confirmatory reviewability packet; labels are not identity labels.
phase18n_megadescriptor_l_384_blind_0599,megadescriptor_l_384,confirmatory_stratified_blind_review,rank_01__similarity_low__quality_low__same_identity__admission_high,rank_01,similarity_low,quality_low,same_identity,admission_high,phase18a_czechlynx_1612,phase18a_czechlynx_2613,outputs/final_freeze/lynx-wild/images/czechlynx_1612__p16e_006774.jpg,outputs/final_freeze/lynx-wild/images/czechlynx_2613__p16e_006767.jpg,yes,1,0.50778031,0.556376,0.55,0.55,0.55,0.972814,0.0,0.759026,0.633383,review,evaluation,,,,,,,,Phase18N confirmatory reviewability packet; labels are not identity labels.
phase18n_megadescriptor_l_384_blind_0600,megadescriptor_l_384,confirmatory_stratified_blind_review,rank_11_20__similarity_low__quality_low__same_identity__admission_high,rank_11_20,similarity_low,quality_low,same_identity,admission_high,phase18a_czechlynx_1556,phase18a_czechlynx_1542,outputs/final_freeze/lynx-wild/images/czechlynx_1556__p16e_028473.jpg,outputs/final_freeze/lynx-wild/images/czechlynx_1542__p16e_028406.jpg,yes,14,0.49348396,0.518025,0.55,0.55,0.55,0.977181,0.0,0.756413,0.608613,review,evaluation,,,,,,,,Phase18N confirmatory reviewability packet; labels are not identity labels.
