review_pair_id,query_image_path,candidate_image_path,reviewability_decision,not_ready_reason,secondary_reason,review_confidence,visibility_notes,reviewer_id,review_timestamp
phase18n_megadescriptor_l_384_blind_0001,outputs/final_freeze/lynx-wild/images/czechlynx_2838__p16e_032139.jpg,outputs/final_freeze/lynx-wild/images/czechlynx_2992__p16e_035931.jpg,,,,,,reviewer_1,
phase18n_megadescriptor_l_384_blind_0002,outputs/final_freeze/lynx-wild/images/czechlynx_2743__p16e_009388.jpg,outputs/final_freeze/lynx-wild/images/czechlynx_2235__p16e_019219.jpg,,,,,,reviewer_1,
phase18n_megadescriptor_l_384_blind_0003,outputs/final_freeze/lynx-wild/images/czechlynx_2101__p16e_043454.jpg,outputs/final_freeze/lynx-wild/images/czechlynx_2340__p16e_044078.jpg,,,,,,reviewer_1,
phase18n_megadescriptor_l_384_blind_0004,outputs/final_freeze/lynx-wild/images/czechlynx_2803__p16e_043467.jpg,outputs/final_freeze/lynx-wild/images/czechlynx_2559__p16e_036509.jpg,,,,,,reviewer_1,
phase18n_megadescriptor_l_384_blind_0005,outputs/final_freeze/lynx-wild/images/czechlynx_2420__p16e_042171.jpg,outputs/final_freeze/lynx-wild/images/czechlynx_0992__czlx_phase6_v2_0006.jpg,,,,,,reviewer_1,
phase18n_megadescriptor_l_384_blind_0006,outputs/final_freeze/lynx-wild/images/czechlynx_1480__p16e_032537.jpg,outputs/final_freeze/lynx-wild/images/czechlynx_1776__p16e_032539.jpg,,,,,,reviewer_1,
phase18n_megadescriptor_l_384_blind_0007,outputs/final_freeze/lynx-wild/images/czechlynx_1423__p16e_028507.jpg,outputs/final_freeze/lynx-wild/images/czechlynx_1787__p16e_028183.jpg,,,,,,reviewer_1,
phase18n_megadescriptor_l_384_blind_0008,outputs/final_freeze/lynx-wild/images/czechlynx_2170__p16e_028565.jpg,outputs/final_freeze/lynx-wild/images/czechlynx_1795__p16e_028219.jpg,,,,,,reviewer_1,
phase18n_megadescriptor_l_384_blind_0009,outputs/final_freeze/lynx-wild/images/czechlynx_2508__p16e_028725.jpg,outputs/final_freeze/lynx-wild/images/czechlynx_2763__p16e_017230.jpg,,,,,,reviewer_1,
phase18n_megadescriptor_l_384_blind_0010,outputs/final_freeze/lynx-wild/images/czechlynx_2146__p16e_028289.jpg,outputs/final_freeze/lynx-wild/images/czechlynx_1600__p16e_028404.jpg,,,,,,reviewer_1,
phase18n_megadescriptor_l_384_blind_0011,outputs/final_freeze/lynx-wild/images/czechlynx_2007__p16e_028157.jpg,outputs/final_freeze/lynx-wild/images/czechlynx_1758__p16e_028164.jpg,,,,,,reviewer_1,
phase18n_megadescriptor_l_384_blind_0012,outputs/final_freeze/lynx-wild/images/czechlynx_1352__p16e_028242.jpg,outputs/final_freeze/lynx-wild/images/czechlynx_1647__p16e_028204.jpg,,,,,,reviewer_1,
phase18n_megadescriptor_l_384_blind_0013,outputs/final_freeze/lynx-wild/images/czechlynx_1622__p16e_028263.jpg,outputs/final_freeze/lynx-wild/images/czechlynx_1473__p16e_028281.jpg,,,,,,reviewer_1,
phase18n_megadescriptor_l_384_blind_0014,outputs/final_freeze/lynx-wild/images/czechlynx_2026__p16e_024651.jpg,outputs/final_freeze/lynx-wild/images/czechlynx_2265__p16e_020446.jpg,,,,,,reviewer_1,
phase18n_megadescriptor_l_384_blind_0015,outputs/final_freeze/lynx-wild/images/czechlynx_1936__p16e_028390.jpg,outputs/final_freeze/lynx-wild/images/czechlynx_1840__p16e_028362.jpg,,,,,,reviewer_1,
phase18n_megadescriptor_l_384_blind_0016,outputs/final_freeze/lynx-wild/images/czechlynx_2703__p16e_028621.jpg,outputs/final_freeze/lynx-wild/images/czechlynx_2958__p16e_028627.jpg,,,,,,reviewer_1,
phase18n_megadescriptor_l_384_blind_0017,outputs/final_freeze/lynx-wild/images/czechlynx_2622__p16e_044942.jpg,outputs/final_freeze/lynx-wild/images/czechlynx_2229__p16e_043330.jpg,,,,,,reviewer_1,
phase18n_megadescriptor_l_384_blind_0018,outputs/final_freeze/lynx-wild/images/czechlynx_1672__p16e_028358.jpg,outputs/final_freeze/lynx-wild/images/czechlynx_1398__p16e_028505.jpg,,,,,,reviewer_1,
phase18n_megadescriptor_l_384_blind_0019,outputs/final_freeze/lynx-wild/images/czechlynx_1886__p16e_028534.jpg,outputs/final_freeze/lynx-wild/images/czechlynx_1341__p16e_028144.jpg,,,,,,reviewer_1,
phase18n_megadescriptor_l_384_blind_0020,outputs/final_freeze/lynx-wild/images/czechlynx_2596__p16e_045632.jpg,outputs/final_freeze/lynx-wild/images/czechlynx_2258__p16e_039781.jpg,,,,,,reviewer_1,
phase18n_megadescriptor_l_384_blind_0021,outputs/final_freeze/lynx-wild/images/czechlynx_1713__p16e_028518.jpg,outputs/final_freeze/lynx-wild/images/czechlynx_1619__p16e_028365.jpg,,,,,,reviewer_1,
phase18n_megadescriptor_l_384_blind_0022,outputs/final_freeze/lynx-wild/images/czechlynx_2757__p16e_043694.jpg,outputs/final_freeze/lynx-wild/images/czechlynx_2065__p16e_044056.jpg,,,,,,reviewer_1,
phase18n_megadescriptor_l_384_blind_0023,outputs/final_freeze/lynx-wild/images/czechlynx_2661__p16e_006883.jpg,outputs/final_freeze/lynx-wild/images/czechlynx_2393__p16e_009410.jpg,,,,,,reviewer_1,
phase18n_megadescriptor_l_384_blind_0024,outputs/final_freeze/lynx-wild/images/czechlynx_1979__p16e_028288.jpg,outputs/final_freeze/lynx-wild/images/czechlynx_1670__p16e_028312.jpg,,,,,,reviewer_1,
phase18n_megadescriptor_l_384_blind_0025,outputs/final_freeze/lynx-wild/images/czechlynx_1494__p16e_028188.jpg,outputs/final_freeze/lynx-wild/images/czechlynx_1826__p16e_028417.jpg,,,,,,reviewer_1,
phase18n_megadescriptor_l_384_blind_0026,outputs/final_freeze/lynx-wild/images/czechlynx_1932__p16e_028564.jpg,outputs/final_freeze/lynx-wild/images/czechlynx_2170__p16e_028565.jpg,,,,,,reviewer_1,
phase18n_megadescriptor_l_384_blind_0027,outputs/final_freeze/lynx-wild/images/czechlynx_1672__p16e_028358.jpg,outputs/final_freeze/lynx-wild/images/czechlynx_1407__p16e_028511.jpg,,,,,,reviewer_1,
phase18n_megadescriptor_l_384_blind_0028,outputs/final_freeze/lynx-wild/images/czechlynx_2497__p16e_008653.jpg,outputs/final_freeze/lynx-wild/images/czechlynx_2507__p16e_008654.jpg,,,,,,reviewer_1,
phase18n_megadescriptor_l_384_blind_0029,outputs/final_freeze/lynx-wild/images/czechlynx_2810__p16e_008366.jpg,outputs/final_freeze/lynx-wild/images/czechlynx_2774__p16e_008367.jpg,,,,,,reviewer_1,
phase18n_megadescriptor_l_384_blind_0030,outputs/final_freeze/lynx-wild/images/czechlynx_2645__p16e_034259.jpg,outputs/final_freeze/lynx-wild/images/czechlynx_2559__p16e_036509.jpg,,,,,,reviewer_1,
phase18n_megadescriptor_l_384_blind_0031,outputs/final_freeze/lynx-wild/images/czechlynx_2832__p16e_007699.jpg,outputs/final_freeze/lynx-wild/images/czechlynx_2374__p16e_040914.jpg,,,,,,reviewer_1,
phase18n_megadescriptor_l_384_blind_0032,outputs/final_freeze/lynx-wild/images/czechlynx_2964__p16e_041152.jpg,outputs/final_freeze/lynx-wild/images/czechlynx_2992__p16e_035931.jpg,,,,,,reviewer_1,
phase18n_megadescriptor_l_384_blind_0033,outputs/final_freeze/lynx-wild/images/czechlynx_2508__p16e_028725.jpg,outputs/final_freeze/lynx-wild/images/czechlynx_2795__p16e_020109.jpg,,,,,,reviewer_1,
phase18n_megadescriptor_l_384_blind_0034,outputs/final_freeze/lynx-wild/images/czechlynx_1471__p16e_028378.jpg,outputs/final_freeze/lynx-wild/images/czechlynx_1790__p16e_028356.jpg,,,,,,reviewer_1,
phase18n_megadescriptor_l_384_blind_0035,outputs/final_freeze/lynx-wild/images/czechlynx_2694__p16e_042582.jpg,outputs/final_freeze/lynx-wild/images/czechlynx_2727__p16e_042909.jpg,,,,,,reviewer_1,
phase18n_megadescriptor_l_384_blind_0036,outputs/final_freeze/lynx-wild/images/czechlynx_1716__p16e_028319.jpg,outputs/final_freeze/lynx-wild/images/czechlynx_1768__p16e_028314.jpg,,,,,,reviewer_1,
phase18n_megadescriptor_l_384_blind_0037,outputs/final_freeze/lynx-wild/images/czechlynx_1712__p16e_028295.jpg,outputs/final_freeze/lynx-wild/images/czechlynx_1704__p16e_028331.jpg,,,,,,reviewer_1,
phase18n_megadescriptor_l_384_blind_0038,outputs/final_freeze/lynx-wild/images/czechlynx_2904__p16e_028878.jpg,outputs/final_freeze/lynx-wild/images/czechlynx_2508__p16e_028725.jpg,,,,,,reviewer_1,
phase18n_megadescriptor_l_384_blind_0039,outputs/final_freeze/lynx-wild/images/czechlynx_2420__p16e_042171.jpg,outputs/final_freeze/lynx-wild/images/czechlynx_2696__p16e_037247.jpg,,,,,,reviewer_1,
phase18n_megadescriptor_l_384_blind_0040,outputs/final_freeze/lynx-wild/images/czechlynx_2553__p16e_034947.jpg,outputs/final_freeze/lynx-wild/images/czechlynx_2777__p16e_039448.jpg,,,,,,reviewer_1,
phase18n_megadescriptor_l_384_blind_0041,outputs/final_freeze/lynx-wild/images/czechlynx_2131__p16e_045629.jpg,outputs/final_freeze/lynx-wild/images/czechlynx_2487__p16e_036337.jpg,,,,,,reviewer_1,
phase18n_megadescriptor_l_384_blind_0042,outputs/final_freeze/lynx-wild/images/czechlynx_2964__p16e_041152.jpg,outputs/final_freeze/lynx-wild/images/czechlynx_2429__p16e_041890.jpg,,,,,,reviewer_1,
phase18n_megadescriptor_l_384_blind_0043,outputs/final_freeze/lynx-wild/images/czechlynx_1353__p16e_042049.jpg,outputs/final_freeze/lynx-wild/images/czechlynx_2476__p16e_033423.jpg,,,,,,reviewer_1,
phase18n_megadescriptor_l_384_blind_0044,outputs/final_freeze/lynx-wild/images/czechlynx_2420__p16e_042171.jpg,outputs/final_freeze/lynx-wild/images/czechlynx_2236__p16e_045033.jpg,,,,,,reviewer_1,
phase18n_megadescriptor_l_384_blind_0045,outputs/final_freeze/lynx-wild/images/czechlynx_2126__p16e_028327.jpg,outputs/final_freeze/lynx-wild/images/czechlynx_1473__p16e_028281.jpg,,,,,,reviewer_1,
phase18n_megadescriptor_l_384_blind_0046,outputs/final_freeze/lynx-wild/images/czechlynx_1604__p16e_014115.jpg,outputs/final_freeze/lynx-wild/images/czechlynx_1630__p16e_015666.jpg,,,,,,reviewer_1,
phase18n_megadescriptor_l_384_blind_0047,outputs/final_freeze/lynx-wild/images/czechlynx_2485__p16e_024874.jpg,outputs/final_freeze/lynx-wild/images/czechlynx_2884__p16e_024878.jpg,,,,,,reviewer_1,
phase18n_megadescriptor_l_384_blind_0048,outputs/final_freeze/lynx-wild/images/czechlynx_2155__p16e_042493.jpg,outputs/final_freeze/lynx-wild/images/czechlynx_1717__p16e_042492.jpg,,,,,,reviewer_1,
phase18n_megadescriptor_l_384_blind_0049,outputs/final_freeze/lynx-wild/images/czechlynx_2342__p16e_028566.jpg,outputs/final_freeze/lynx-wild/images/czechlynx_1909__p16e_028285.jpg,,,,,,reviewer_1,
phase18n_megadescriptor_l_384_blind_0050,outputs/final_freeze/lynx-wild/images/czechlynx_2832__p16e_007699.jpg,outputs/final_freeze/lynx-wild/images/czechlynx_2396__p16e_039367.jpg,,,,,,reviewer_1,
phase18n_megadescriptor_l_384_blind_0051,outputs/final_freeze/lynx-wild/images/czechlynx_1647__p16e_028204.jpg,outputs/final_freeze/lynx-wild/images/czechlynx_1962__p16e_028199.jpg,,,,,,reviewer_1,
phase18n_megadescriptor_l_384_blind_0052,outputs/final_freeze/lynx-wild/images/czechlynx_1375__p16e_032528.jpg,outputs/final_freeze/lynx-wild/images/czechlynx_1465__p16e_007876.jpg,,,,,,reviewer_1,
phase18n_megadescriptor_l_384_blind_0053,outputs/final_freeze/lynx-wild/images/czechlynx_1352__p16e_028242.jpg,outputs/final_freeze/lynx-wild/images/czechlynx_2247__p16e_028198.jpg,,,,,,reviewer_1,
phase18n_megadescriptor_l_384_blind_0054,outputs/final_freeze/lynx-wild/images/czechlynx_1490__p16e_028413.jpg,outputs/final_freeze/lynx-wild/images/czechlynx_1587__p16e_028517.jpg,,,,,,reviewer_1,
phase18n_megadescriptor_l_384_blind_0055,outputs/final_freeze/lynx-wild/images/czechlynx_1573__p16e_028423.jpg,outputs/final_freeze/lynx-wild/images/czechlynx_1633__p16e_028523.jpg,,,,,,reviewer_1,
phase18n_megadescriptor_l_384_blind_0056,outputs/final_freeze/lynx-wild/images/czechlynx_1353__p16e_042049.jpg,outputs/final_freeze/lynx-wild/images/czechlynx_2351__p16e_043667.jpg,,,,,,reviewer_1,
phase18n_megadescriptor_l_384_blind_0057,outputs/final_freeze/lynx-wild/images/czechlynx_2091__p16e_028463.jpg,outputs/final_freeze/lynx-wild/images/czechlynx_1935__p16e_028445.jpg,,,,,,reviewer_1,
phase18n_megadescriptor_l_384_blind_0058,outputs/final_freeze/lynx-wild/images/czechlynx_2530__p16e_045919.jpg,outputs/final_freeze/lynx-wild/images/czechlynx_2463__p16e_045905.jpg,,,,,,reviewer_1,
phase18n_megadescriptor_l_384_blind_0059,outputs/final_freeze/lynx-wild/images/czechlynx_1940__p16e_028174.jpg,outputs/final_freeze/lynx-wild/images/czechlynx_2057__p16e_028162.jpg,,,,,,reviewer_1,
phase18n_megadescriptor_l_384_blind_0060,outputs/final_freeze/lynx-wild/images/czechlynx_1353__p16e_042049.jpg,outputs/final_freeze/lynx-wild/images/czechlynx_2388__p16e_036605.jpg,,,,,,reviewer_1,
phase18n_megadescriptor_l_384_blind_0061,outputs/final_freeze/lynx-wild/images/czechlynx_1978__p16e_024500.jpg,outputs/final_freeze/lynx-wild/images/czechlynx_1384__p16e_024498.jpg,,,,,,reviewer_1,
phase18n_megadescriptor_l_384_blind_0062,outputs/final_freeze/lynx-wild/images/czechlynx_2268__p16e_008636.jpg,outputs/final_freeze/lynx-wild/images/czechlynx_2560__p16e_006778.jpg,,,,,,reviewer_1,
phase18n_megadescriptor_l_384_blind_0063,outputs/final_freeze/lynx-wild/images/czechlynx_2917__p16e_028622.jpg,outputs/final_freeze/lynx-wild/images/czechlynx_2958__p16e_028627.jpg,,,,,,reviewer_1,
phase18n_megadescriptor_l_384_blind_0064,outputs/final_freeze/lynx-wild/images/czechlynx_1865__p16e_028158.jpg,outputs/final_freeze/lynx-wild/images/czechlynx_1682__p16e_028355.jpg,,,,,,reviewer_1,
phase18n_megadescriptor_l_384_blind_0065,outputs/final_freeze/lynx-wild/images/czechlynx_1733__p16e_028267.jpg,outputs/final_freeze/lynx-wild/images/czechlynx_1909__p16e_028285.jpg,,,,,,reviewer_1,
phase18n_megadescriptor_l_384_blind_0066,outputs/final_freeze/lynx-wild/images/czechlynx_1458__p16e_028452.jpg,outputs/final_freeze/lynx-wild/images/czechlynx_1881__p16e_028268.jpg,,,,,,reviewer_1,
phase18n_megadescriptor_l_384_blind_0067,outputs/final_freeze/lynx-wild/images/czechlynx_1438__p16e_032527.jpg,outputs/final_freeze/lynx-wild/images/czechlynx_2602__p16e_032538.jpg,,,,,,reviewer_1,
phase18n_megadescriptor_l_384_blind_0068,outputs/final_freeze/lynx-wild/images/czechlynx_1978__p16e_024500.jpg,outputs/final_freeze/lynx-wild/images/czechlynx_1413__p16e_024496.jpg,,,,,,reviewer_1,
phase18n_megadescriptor_l_384_blind_0069,outputs/final_freeze/lynx-wild/images/czechlynx_1987__p16e_028335.jpg,outputs/final_freeze/lynx-wild/images/czechlynx_1548__p16e_028405.jpg,,,,,,reviewer_1,
phase18n_megadescriptor_l_384_blind_0070,outputs/final_freeze/lynx-wild/images/czechlynx_2004__p16e_028151.jpg,outputs/final_freeze/lynx-wild/images/czechlynx_1962__p16e_028199.jpg,,,,,,reviewer_1,
phase18n_megadescriptor_l_384_blind_0071,outputs/final_freeze/lynx-wild/images/czechlynx_1607__p16e_028492.jpg,outputs/final_freeze/lynx-wild/images/czechlynx_1609__p16e_028482.jpg,,,,,,reviewer_1,
phase18n_megadescriptor_l_384_blind_0072,outputs/final_freeze/lynx-wild/images/czechlynx_2044__p16e_043670.jpg,outputs/final_freeze/lynx-wild/images/czechlynx_2080__p16e_039978.jpg,,,,,,reviewer_1,
phase18n_megadescriptor_l_384_blind_0073,outputs/final_freeze/lynx-wild/images/czechlynx_2622__p16e_044942.jpg,outputs/final_freeze/lynx-wild/images/czechlynx_2080__p16e_039978.jpg,,,,,,reviewer_1,
phase18n_megadescriptor_l_384_blind_0074,outputs/final_freeze/lynx-wild/images/czechlynx_2469__p16e_012207.jpg,outputs/final_freeze/lynx-wild/images/czechlynx_1651__p16e_016994.jpg,,,,,,reviewer_1,
phase18n_megadescriptor_l_384_blind_0075,outputs/final_freeze/lynx-wild/images/czechlynx_1352__p16e_028242.jpg,outputs/final_freeze/lynx-wild/images/czechlynx_1724__p16e_028309.jpg,,,,,,reviewer_1,
phase18n_megadescriptor_l_384_blind_0076,outputs/final_freeze/lynx-wild/images/czechlynx_1595__p16e_028407.jpg,outputs/final_freeze/lynx-wild/images/czechlynx_2021__p16e_028395.jpg,,,,,,reviewer_1,
phase18n_megadescriptor_l_384_blind_0077,outputs/final_freeze/lynx-wild/images/czechlynx_2803__p16e_043467.jpg,outputs/final_freeze/lynx-wild/images/czechlynx_2411__p16e_041928.jpg,,,,,,reviewer_1,
phase18n_megadescriptor_l_384_blind_0078,outputs/final_freeze/lynx-wild/images/czechlynx_2832__p16e_007699.jpg,outputs/final_freeze/lynx-wild/images/czechlynx_1745__p16e_037603.jpg,,,,,,reviewer_1,
phase18n_megadescriptor_l_384_blind_0079,outputs/final_freeze/lynx-wild/images/czechlynx_2087__p16e_042765.jpg,outputs/final_freeze/lynx-wild/images/czechlynx_1796__p16e_042760.jpg,,,,,,reviewer_1,
phase18n_megadescriptor_l_384_blind_0080,outputs/final_freeze/lynx-wild/images/czechlynx_2109__p16e_028462.jpg,outputs/final_freeze/lynx-wild/images/czechlynx_1848__p16e_028458.jpg,,,,,,reviewer_1,
phase18n_megadescriptor_l_384_blind_0081,outputs/final_freeze/lynx-wild/images/czechlynx_1664__p16e_028342.jpg,outputs/final_freeze/lynx-wild/images/czechlynx_1519__p16e_028336.jpg,,,,,,reviewer_1,
phase18n_megadescriptor_l_384_blind_0082,outputs/final_freeze/lynx-wild/images/czechlynx_1576__p16e_045910.jpg,outputs/final_freeze/lynx-wild/images/czechlynx_2501__p16e_044696.jpg,,,,,,reviewer_1,
phase18n_megadescriptor_l_384_blind_0083,outputs/final_freeze/lynx-wild/images/czechlynx_1852__p16e_028146.jpg,outputs/final_freeze/lynx-wild/images/czechlynx_1962__p16e_028199.jpg,,,,,,reviewer_1,
phase18n_megadescriptor_l_384_blind_0084,outputs/final_freeze/lynx-wild/images/czechlynx_1828__p16e_028225.jpg,outputs/final_freeze/lynx-wild/images/czechlynx_1918__p16e_028215.jpg,,,,,,reviewer_1,
phase18n_megadescriptor_l_384_blind_0085,outputs/final_freeze/lynx-wild/images/czechlynx_2371__p16e_045666.jpg,outputs/final_freeze/lynx-wild/images/czechlynx_2849__p16e_037148.jpg,,,,,,reviewer_1,
phase18n_megadescriptor_l_384_blind_0086,outputs/final_freeze/lynx-wild/images/czechlynx_1847__p16e_028401.jpg,outputs/final_freeze/lynx-wild/images/czechlynx_1917__p16e_028329.jpg,,,,,,reviewer_1,
phase18n_megadescriptor_l_384_blind_0087,outputs/final_freeze/lynx-wild/images/czechlynx_2342__p16e_028566.jpg,outputs/final_freeze/lynx-wild/images/czechlynx_2062__p16e_028333.jpg,,,,,,reviewer_1,
phase18n_megadescriptor_l_384_blind_0088,outputs/final_freeze/lynx-wild/images/czechlynx_1826__p16e_028417.jpg,outputs/final_freeze/lynx-wild/images/czechlynx_1602__p16e_028363.jpg,,,,,,reviewer_1,
phase18n_megadescriptor_l_384_blind_0089,outputs/final_freeze/lynx-wild/images/czechlynx_1302__p16e_028561.jpg,outputs/final_freeze/lynx-wild/images/czechlynx_1936__p16e_028390.jpg,,,,,,reviewer_1,
phase18n_megadescriptor_l_384_blind_0090,outputs/final_freeze/lynx-wild/images/czechlynx_1607__p16e_028492.jpg,outputs/final_freeze/lynx-wild/images/czechlynx_1863__p16e_028488.jpg,,,,,,reviewer_1,
phase18n_megadescriptor_l_384_blind_0091,outputs/final_freeze/lynx-wild/images/czechlynx_1936__p16e_028390.jpg,outputs/final_freeze/lynx-wild/images/czechlynx_1812__p16e_028391.jpg,,,,,,reviewer_1,
phase18n_megadescriptor_l_384_blind_0092,outputs/final_freeze/lynx-wild/images/czechlynx_1415__p16e_028519.jpg,outputs/final_freeze/lynx-wild/images/czechlynx_1772__p16e_028196.jpg,,,,,,reviewer_1,
phase18n_megadescriptor_l_384_blind_0093,outputs/final_freeze/lynx-wild/images/czechlynx_2170__p16e_028565.jpg,outputs/final_freeze/lynx-wild/images/czechlynx_1888__p16e_028243.jpg,,,,,,reviewer_1,
phase18n_megadescriptor_l_384_blind_0094,outputs/final_freeze/lynx-wild/images/czechlynx_2426__p16e_044049.jpg,outputs/final_freeze/lynx-wild/images/czechlynx_2194__p16e_034341.jpg,,,,,,reviewer_1,
phase18n_megadescriptor_l_384_blind_0095,outputs/final_freeze/lynx-wild/images/czechlynx_1498__p16e_042521.jpg,outputs/final_freeze/lynx-wild/images/czechlynx_1550__p16e_042522.jpg,,,,,,reviewer_1,
phase18n_megadescriptor_l_384_blind_0096,outputs/final_freeze/lynx-wild/images/czechlynx_1642__p16e_028307.jpg,outputs/final_freeze/lynx-wild/images/czechlynx_1581__p16e_028302.jpg,,,,,,reviewer_1,
phase18n_megadescriptor_l_384_blind_0097,outputs/final_freeze/lynx-wild/images/czechlynx_1353__p16e_042049.jpg,outputs/final_freeze/lynx-wild/images/czechlynx_1872__p16e_045215.jpg,,,,,,reviewer_1,
phase18n_megadescriptor_l_384_blind_0098,outputs/final_freeze/lynx-wild/images/czechlynx_1687__p16e_028447.jpg,outputs/final_freeze/lynx-wild/images/czechlynx_2554__p16e_012029.jpg,,,,,,reviewer_1,
phase18n_megadescriptor_l_384_blind_0099,outputs/final_freeze/lynx-wild/images/czechlynx_2320__p16e_032848.jpg,outputs/final_freeze/lynx-wild/images/czechlynx_2130__p16e_045596.jpg,,,,,,reviewer_1,
phase18n_megadescriptor_l_384_blind_0100,outputs/final_freeze/lynx-wild/images/czechlynx_1921__p16e_025151.jpg,outputs/final_freeze/lynx-wild/images/czechlynx_2926__p16e_025067.jpg,,,,,,reviewer_1,
phase18n_megadescriptor_l_384_blind_0101,outputs/final_freeze/lynx-wild/images/czechlynx_2259__p16e_042179.jpg,outputs/final_freeze/lynx-wild/images/czechlynx_2249__p16e_045144.jpg,,,,,,reviewer_1,
phase18n_megadescriptor_l_384_blind_0102,outputs/final_freeze/lynx-wild/images/czechlynx_2463__p16e_045905.jpg,outputs/final_freeze/lynx-wild/images/czechlynx_2426__p16e_044049.jpg,,,,,,reviewer_1,
phase18n_megadescriptor_l_384_blind_0103,outputs/final_freeze/lynx-wild/images/czechlynx_2596__p16e_045632.jpg,outputs/final_freeze/lynx-wild/images/czechlynx_2476__p16e_033423.jpg,,,,,,reviewer_1,
phase18n_megadescriptor_l_384_blind_0104,outputs/final_freeze/lynx-wild/images/czechlynx_2247__p16e_028198.jpg,outputs/final_freeze/lynx-wild/images/czechlynx_1881__p16e_028268.jpg,,,,,,reviewer_1,
phase18n_megadescriptor_l_384_blind_0105,outputs/final_freeze/lynx-wild/images/czechlynx_2238__p16e_044226.jpg,outputs/final_freeze/lynx-wild/images/czechlynx_2033__p16e_044218.jpg,,,,,,reviewer_1,
phase18n_megadescriptor_l_384_blind_0106,outputs/final_freeze/lynx-wild/images/czechlynx_2791__p16e_028705.jpg,outputs/final_freeze/lynx-wild/images/czechlynx_2074__p16e_028706.jpg,,,,,,reviewer_1,
phase18n_megadescriptor_l_384_blind_0107,outputs/final_freeze/lynx-wild/images/czechlynx_1962__p16e_028199.jpg,outputs/final_freeze/lynx-wild/images/czechlynx_1352__p16e_028242.jpg,,,,,,reviewer_1,
phase18n_megadescriptor_l_384_blind_0108,outputs/final_freeze/lynx-wild/images/czechlynx_1574__p16e_024862.jpg,outputs/final_freeze/lynx-wild/images/czechlynx_1279__p16e_024336.jpg,,,,,,reviewer_1,
phase18n_megadescriptor_l_384_blind_0109,outputs/final_freeze/lynx-wild/images/czechlynx_1562__p16e_028527.jpg,outputs/final_freeze/lynx-wild/images/czechlynx_1639__p16e_028526.jpg,,,,,,reviewer_1,
phase18n_megadescriptor_l_384_blind_0110,outputs/final_freeze/lynx-wild/images/czechlynx_1681__p16e_028037.jpg,outputs/final_freeze/lynx-wild/images/czechlynx_2481__p16e_017287.jpg,,,,,,reviewer_1,
phase18n_megadescriptor_l_384_blind_0111,outputs/final_freeze/lynx-wild/images/czechlynx_1578__p16e_010522.jpg,outputs/final_freeze/lynx-wild/images/czechlynx_1640__p16e_023060.jpg,,,,,,reviewer_1,
phase18n_megadescriptor_l_384_blind_0112,outputs/final_freeze/lynx-wild/images/czechlynx_1502__p16e_028506.jpg,outputs/final_freeze/lynx-wild/images/czechlynx_1405__p16e_028512.jpg,,,,,,reviewer_1,
phase18n_megadescriptor_l_384_blind_0113,outputs/final_freeze/lynx-wild/images/czechlynx_1601__p16e_028468.jpg,outputs/final_freeze/lynx-wild/images/czechlynx_1590__p16e_028168.jpg,,,,,,reviewer_1,
phase18n_megadescriptor_l_384_blind_0114,outputs/final_freeze/lynx-wild/images/czechlynx_1672__p16e_028358.jpg,outputs/final_freeze/lynx-wild/images/czechlynx_1324__p16e_028504.jpg,,,,,,reviewer_1,
phase18n_megadescriptor_l_384_blind_0115,outputs/final_freeze/lynx-wild/images/czechlynx_2383__p16e_039107.jpg,outputs/final_freeze/lynx-wild/images/czechlynx_2475__p16e_015236.jpg,,,,,,reviewer_1,
phase18n_megadescriptor_l_384_blind_0116,outputs/final_freeze/lynx-wild/images/czechlynx_2645__p16e_034259.jpg,outputs/final_freeze/lynx-wild/images/czechlynx_2320__p16e_032848.jpg,,,,,,reviewer_1,
phase18n_megadescriptor_l_384_blind_0117,outputs/final_freeze/lynx-wild/images/czechlynx_1826__p16e_028417.jpg,outputs/final_freeze/lynx-wild/images/czechlynx_1672__p16e_028358.jpg,,,,,,reviewer_1,
phase18n_megadescriptor_l_384_blind_0118,outputs/final_freeze/lynx-wild/images/czechlynx_2990__p16e_036892.jpg,outputs/final_freeze/lynx-wild/images/czechlynx_2302__p16e_032255.jpg,,,,,,reviewer_1,
phase18n_megadescriptor_l_384_blind_0119,outputs/final_freeze/lynx-wild/images/czechlynx_1587__p16e_028517.jpg,outputs/final_freeze/lynx-wild/images/czechlynx_1618__p16e_028524.jpg,,,,,,reviewer_1,
phase18n_megadescriptor_l_384_blind_0120,outputs/final_freeze/lynx-wild/images/czechlynx_1741__p16e_028466.jpg,outputs/final_freeze/lynx-wild/images/czechlynx_2016__p16e_028394.jpg,,,,,,reviewer_1,
phase18n_megadescriptor_l_384_blind_0121,outputs/final_freeze/lynx-wild/images/czechlynx_2009__p16e_007821.jpg,outputs/final_freeze/lynx-wild/images/czechlynx_2560__p16e_006778.jpg,,,,,,reviewer_1,
phase18n_megadescriptor_l_384_blind_0122,outputs/final_freeze/lynx-wild/images/czechlynx_1852__p16e_028146.jpg,outputs/final_freeze/lynx-wild/images/czechlynx_1762__p16e_028308.jpg,,,,,,reviewer_1,
phase18n_megadescriptor_l_384_blind_0123,outputs/final_freeze/lynx-wild/images/czechlynx_1672__p16e_028358.jpg,outputs/final_freeze/lynx-wild/images/czechlynx_1456__p16e_028437.jpg,,,,,,reviewer_1,
phase18n_megadescriptor_l_384_blind_0124,outputs/final_freeze/lynx-wild/images/czechlynx_1525__p16e_028376.jpg,outputs/final_freeze/lynx-wild/images/czechlynx_1947__p16e_028457.jpg,,,,,,reviewer_1,
phase18n_megadescriptor_l_384_blind_0125,outputs/final_freeze/lynx-wild/images/czechlynx_2757__p16e_043694.jpg,outputs/final_freeze/lynx-wild/images/czechlynx_2820__p16e_037054.jpg,,,,,,reviewer_1,
phase18n_megadescriptor_l_384_blind_0126,outputs/final_freeze/lynx-wild/images/czechlynx_1663__p16e_028178.jpg,outputs/final_freeze/lynx-wild/images/czechlynx_1800__p16e_028171.jpg,,,,,,reviewer_1,
phase18n_megadescriptor_l_384_blind_0127,outputs/final_freeze/lynx-wild/images/czechlynx_2109__p16e_028462.jpg,outputs/final_freeze/lynx-wild/images/czechlynx_1876__p16e_028434.jpg,,,,,,reviewer_1,
phase18n_megadescriptor_l_384_blind_0128,outputs/final_freeze/lynx-wild/images/czechlynx_2694__p16e_042582.jpg,outputs/final_freeze/lynx-wild/images/czechlynx_1353__p16e_042049.jpg,,,,,,reviewer_1,
phase18n_megadescriptor_l_384_blind_0129,outputs/final_freeze/lynx-wild/images/czechlynx_2496__p16e_028782.jpg,outputs/final_freeze/lynx-wild/images/czechlynx_1308__p16e_028499.jpg,,,,,,reviewer_1,
phase18n_megadescriptor_l_384_blind_0130,outputs/final_freeze/lynx-wild/images/czechlynx_1789__p16e_028399.jpg,outputs/final_freeze/lynx-wild/images/czechlynx_1325__p16e_028522.jpg,,,,,,reviewer_1,
phase18n_megadescriptor_l_384_blind_0131,outputs/final_freeze/lynx-wild/images/czechlynx_1706__p16e_044844.jpg,outputs/final_freeze/lynx-wild/images/czechlynx_2484__p16e_044849.jpg,,,,,,reviewer_1,
phase18n_megadescriptor_l_384_blind_0132,outputs/final_freeze/lynx-wild/images/czechlynx_2854__p16e_029010.jpg,outputs/final_freeze/lynx-wild/images/czechlynx_2419__p16e_028890.jpg,,,,,,reviewer_1,
phase18n_megadescriptor_l_384_blind_0133,outputs/final_freeze/lynx-wild/images/czechlynx_2523__p16e_044194.jpg,outputs/final_freeze/lynx-wild/images/czechlynx_1242__czlx_expanded_0351.jpg,,,,,,reviewer_1,
phase18n_megadescriptor_l_384_blind_0134,outputs/final_freeze/lynx-wild/images/czechlynx_2591__p16e_043470.jpg,outputs/final_freeze/lynx-wild/images/czechlynx_2820__p16e_037054.jpg,,,,,,reviewer_1,
phase18n_megadescriptor_l_384_blind_0135,outputs/final_freeze/lynx-wild/images/czechlynx_1921__p16e_025151.jpg,outputs/final_freeze/lynx-wild/images/czechlynx_1997__p16e_032458.jpg,,,,,,reviewer_1,
phase18n_megadescriptor_l_384_blind_0136,outputs/final_freeze/lynx-wild/images/czechlynx_1849__p16e_028459.jpg,outputs/final_freeze/lynx-wild/images/czechlynx_1863__p16e_028488.jpg,,,,,,reviewer_1,
phase18n_megadescriptor_l_384_blind_0137,outputs/final_freeze/lynx-wild/images/czechlynx_2522__p16e_044172.jpg,outputs/final_freeze/lynx-wild/images/czechlynx_2530__p16e_045919.jpg,,,,,,reviewer_1,
phase18n_megadescriptor_l_384_blind_0138,outputs/final_freeze/lynx-wild/images/czechlynx_2936__p16e_042517.jpg,outputs/final_freeze/lynx-wild/images/czechlynx_2879__p16e_042534.jpg,,,,,,reviewer_1,
phase18n_megadescriptor_l_384_blind_0139,outputs/final_freeze/lynx-wild/images/czechlynx_2668__p16e_042273.jpg,outputs/final_freeze/lynx-wild/images/czechlynx_2948__p16e_043523.jpg,,,,,,reviewer_1,
phase18n_megadescriptor_l_384_blind_0140,outputs/final_freeze/lynx-wild/images/czechlynx_2947__p16e_042272.jpg,outputs/final_freeze/lynx-wild/images/czechlynx_2924__p16e_043594.jpg,,,,,,reviewer_1,
phase18n_megadescriptor_l_384_blind_0141,outputs/final_freeze/lynx-wild/images/czechlynx_1326__p16e_024497.jpg,outputs/final_freeze/lynx-wild/images/czechlynx_1413__p16e_024496.jpg,,,,,,reviewer_1,
phase18n_megadescriptor_l_384_blind_0142,outputs/final_freeze/lynx-wild/images/czechlynx_1414__p16e_028191.jpg,outputs/final_freeze/lynx-wild/images/czechlynx_1532__p16e_028173.jpg,,,,,,reviewer_1,
phase18n_megadescriptor_l_384_blind_0143,outputs/final_freeze/lynx-wild/images/czechlynx_0809__czlx_expanded_0456.jpg,outputs/final_freeze/lynx-wild/images/czechlynx_2502__p16e_040187.jpg,,,,,,reviewer_1,
phase18n_megadescriptor_l_384_blind_0144,outputs/final_freeze/lynx-wild/images/czechlynx_1828__p16e_028225.jpg,outputs/final_freeze/lynx-wild/images/czechlynx_1747__p16e_028220.jpg,,,,,,reviewer_1,
phase18n_megadescriptor_l_384_blind_0145,outputs/final_freeze/lynx-wild/images/czechlynx_2783__p16e_013409.jpg,outputs/final_freeze/lynx-wild/images/czechlynx_1788__p16e_034715.jpg,,,,,,reviewer_1,
phase18n_megadescriptor_l_384_blind_0146,outputs/final_freeze/lynx-wild/images/czechlynx_2264__p16e_028136.jpg,outputs/final_freeze/lynx-wild/images/czechlynx_1714__p16e_028279.jpg,,,,,,reviewer_1,
phase18n_megadescriptor_l_384_blind_0147,outputs/final_freeze/lynx-wild/images/czechlynx_1626__p16e_015664.jpg,outputs/final_freeze/lynx-wild/images/czechlynx_2059__p16e_040733.jpg,,,,,,reviewer_1,
phase18n_megadescriptor_l_384_blind_0148,outputs/final_freeze/lynx-wild/images/czechlynx_2426__p16e_044049.jpg,outputs/final_freeze/lynx-wild/images/czechlynx_2065__p16e_044056.jpg,,,,,,reviewer_1,
phase18n_megadescriptor_l_384_blind_0149,outputs/final_freeze/lynx-wild/images/czechlynx_1445__p16e_028359.jpg,outputs/final_freeze/lynx-wild/images/czechlynx_1633__p16e_028523.jpg,,,,,,reviewer_1,
phase18n_megadescriptor_l_384_blind_0150,outputs/final_freeze/lynx-wild/images/czechlynx_2757__p16e_043694.jpg,outputs/final_freeze/lynx-wild/images/czechlynx_2696__p16e_037247.jpg,,,,,,reviewer_1,
phase18n_megadescriptor_l_384_blind_0151,outputs/final_freeze/lynx-wild/images/czechlynx_1962__p16e_028199.jpg,outputs/final_freeze/lynx-wild/images/czechlynx_1808__p16e_028293.jpg,,,,,,reviewer_1,
phase18n_megadescriptor_l_384_blind_0152,outputs/final_freeze/lynx-wild/images/czechlynx_2314__p16e_042763.jpg,outputs/final_freeze/lynx-wild/images/czechlynx_1811__p16e_040721.jpg,,,,,,reviewer_1,
phase18n_megadescriptor_l_384_blind_0153,outputs/final_freeze/lynx-wild/images/czechlynx_1375__p16e_032528.jpg,outputs/final_freeze/lynx-wild/images/czechlynx_1770__p16e_043405.jpg,,,,,,reviewer_1,
phase18n_megadescriptor_l_384_blind_0154,outputs/final_freeze/lynx-wild/images/czechlynx_2846__p16e_036195.jpg,outputs/final_freeze/lynx-wild/images/czechlynx_1304__p16e_020441.jpg,,,,,,reviewer_1,
phase18n_megadescriptor_l_384_blind_0155,outputs/final_freeze/lynx-wild/images/czechlynx_1462__p16e_028322.jpg,outputs/final_freeze/lynx-wild/images/czechlynx_1521__p16e_028316.jpg,,,,,,reviewer_1,
phase18n_megadescriptor_l_384_blind_0156,outputs/final_freeze/lynx-wild/images/czechlynx_1645__p16e_028501.jpg,outputs/final_freeze/lynx-wild/images/czechlynx_1875__p16e_028273.jpg,,,,,,reviewer_1,
phase18n_megadescriptor_l_384_blind_0157,outputs/final_freeze/lynx-wild/images/czechlynx_1638__p16e_028377.jpg,outputs/final_freeze/lynx-wild/images/czechlynx_1949__p16e_028387.jpg,,,,,,reviewer_1,
phase18n_megadescriptor_l_384_blind_0158,outputs/final_freeze/lynx-wild/images/czechlynx_0853__czlx_expanded_0222.jpg,outputs/final_freeze/lynx-wild/images/czechlynx_2051__p16e_043425.jpg,,,,,,reviewer_1,
phase18n_megadescriptor_l_384_blind_0159,outputs/final_freeze/lynx-wild/images/czechlynx_1458__p16e_028452.jpg,outputs/final_freeze/lynx-wild/images/czechlynx_2029__p16e_028383.jpg,,,,,,reviewer_1,
phase18n_megadescriptor_l_384_blind_0160,outputs/final_freeze/lynx-wild/images/czechlynx_1687__p16e_028447.jpg,outputs/final_freeze/lynx-wild/images/czechlynx_1311__p16e_028449.jpg,,,,,,reviewer_1,
phase18n_megadescriptor_l_384_blind_0161,outputs/final_freeze/lynx-wild/images/czechlynx_2109__p16e_028462.jpg,outputs/final_freeze/lynx-wild/images/czechlynx_1880__p16e_028426.jpg,,,,,,reviewer_1,
phase18n_megadescriptor_l_384_blind_0162,outputs/final_freeze/lynx-wild/images/czechlynx_2167__p16e_024490.jpg,outputs/final_freeze/lynx-wild/images/czechlynx_2444__p16e_019250.jpg,,,,,,reviewer_1,
phase18n_megadescriptor_l_384_blind_0163,outputs/final_freeze/lynx-wild/images/czechlynx_2150__p16e_024850.jpg,outputs/final_freeze/lynx-wild/images/czechlynx_1875__p16e_028273.jpg,,,,,,reviewer_1,
phase18n_megadescriptor_l_384_blind_0164,outputs/final_freeze/lynx-wild/images/czechlynx_1673__p16e_029920.jpg,outputs/final_freeze/lynx-wild/images/czechlynx_1405__p16e_028512.jpg,,,,,,reviewer_1,
phase18n_megadescriptor_l_384_blind_0165,outputs/final_freeze/lynx-wild/images/czechlynx_2837__p16e_044840.jpg,outputs/final_freeze/lynx-wild/images/czechlynx_2284__p16e_019903.jpg,,,,,,reviewer_1,
phase18n_megadescriptor_l_384_blind_0166,outputs/final_freeze/lynx-wild/images/czechlynx_2808__p16e_029013.jpg,outputs/final_freeze/lynx-wild/images/czechlynx_2508__p16e_028725.jpg,,,,,,reviewer_1,
phase18n_megadescriptor_l_384_blind_0167,outputs/final_freeze/lynx-wild/images/czechlynx_2695__p16e_037602.jpg,outputs/final_freeze/lynx-wild/images/czechlynx_2258__p16e_039781.jpg,,,,,,reviewer_1,
phase18n_megadescriptor_l_384_blind_0168,outputs/final_freeze/lynx-wild/images/czechlynx_2076__p16e_024851.jpg,outputs/final_freeze/lynx-wild/images/czechlynx_2150__p16e_024850.jpg,,,,,,reviewer_1,
phase18n_megadescriptor_l_384_blind_0169,outputs/final_freeze/lynx-wild/images/czechlynx_1521__p16e_028316.jpg,outputs/final_freeze/lynx-wild/images/czechlynx_1462__p16e_028322.jpg,,,,,,reviewer_1,
phase18n_megadescriptor_l_384_blind_0170,outputs/final_freeze/lynx-wild/images/czechlynx_2135__p16e_044967.jpg,outputs/final_freeze/lynx-wild/images/czechlynx_0992__czlx_phase6_v2_0006.jpg,,,,,,reviewer_1,
phase18n_megadescriptor_l_384_blind_0171,outputs/final_freeze/lynx-wild/images/czechlynx_1542__p16e_028406.jpg,outputs/final_freeze/lynx-wild/images/czechlynx_1454__p16e_028149.jpg,,,,,,reviewer_1,
phase18n_megadescriptor_l_384_blind_0172,outputs/final_freeze/lynx-wild/images/czechlynx_2131__p16e_045629.jpg,outputs/final_freeze/lynx-wild/images/czechlynx_0972__czlx_expanded_0140.jpg,,,,,,reviewer_1,
phase18n_megadescriptor_l_384_blind_0173,outputs/final_freeze/lynx-wild/images/czechlynx_1578__p16e_010522.jpg,outputs/final_freeze/lynx-wild/images/czechlynx_2284__p16e_019903.jpg,,,,,,reviewer_1,
phase18n_megadescriptor_l_384_blind_0174,outputs/final_freeze/lynx-wild/images/czechlynx_2150__p16e_024850.jpg,outputs/final_freeze/lynx-wild/images/czechlynx_2076__p16e_024851.jpg,,,,,,reviewer_1,
phase18n_megadescriptor_l_384_blind_0175,outputs/final_freeze/lynx-wild/images/czechlynx_1842__p16e_028300.jpg,outputs/final_freeze/lynx-wild/images/czechlynx_1862__p16e_028282.jpg,,,,,,reviewer_1,
phase18n_megadescriptor_l_384_blind_0176,outputs/final_freeze/lynx-wild/images/czechlynx_2602__p16e_032538.jpg,outputs/final_freeze/lynx-wild/images/czechlynx_2358__p16e_043846.jpg,,,,,,reviewer_1,
phase18n_megadescriptor_l_384_blind_0177,outputs/final_freeze/lynx-wild/images/czechlynx_2919__p16e_008869.jpg,outputs/final_freeze/lynx-wild/images/czechlynx_2962__p16e_008856.jpg,,,,,,reviewer_1,
phase18n_megadescriptor_l_384_blind_0178,outputs/final_freeze/lynx-wild/images/czechlynx_1374__p16e_033046.jpg,outputs/final_freeze/lynx-wild/images/czechlynx_2257__p16e_043082.jpg,,,,,,reviewer_1,
phase18n_megadescriptor_l_384_blind_0179,outputs/final_freeze/lynx-wild/images/czechlynx_2485__p16e_024874.jpg,outputs/final_freeze/lynx-wild/images/czechlynx_2873__p16e_024892.jpg,,,,,,reviewer_1,
phase18n_megadescriptor_l_384_blind_0180,outputs/final_freeze/lynx-wild/images/czechlynx_2193__p16e_029923.jpg,outputs/final_freeze/lynx-wild/images/czechlynx_2610__p16e_029921.jpg,,,,,,reviewer_1,
phase18n_megadescriptor_l_384_blind_0181,outputs/final_freeze/lynx-wild/images/czechlynx_1511__p16e_036186.jpg,outputs/final_freeze/lynx-wild/images/czechlynx_1896__p16e_032566.jpg,,,,,,reviewer_1,
phase18n_megadescriptor_l_384_blind_0182,outputs/final_freeze/lynx-wild/images/czechlynx_1581__p16e_028302.jpg,outputs/final_freeze/lynx-wild/images/czechlynx_1762__p16e_028308.jpg,,,,,,reviewer_1,
phase18n_megadescriptor_l_384_blind_0183,outputs/final_freeze/lynx-wild/images/czechlynx_1471__p16e_028378.jpg,outputs/final_freeze/lynx-wild/images/czechlynx_1840__p16e_028362.jpg,,,,,,reviewer_1,
phase18n_megadescriptor_l_384_blind_0184,outputs/final_freeze/lynx-wild/images/czechlynx_2567__p16e_042910.jpg,outputs/final_freeze/lynx-wild/images/czechlynx_1507__p16e_043430.jpg,,,,,,reviewer_1,
phase18n_megadescriptor_l_384_blind_0185,outputs/final_freeze/lynx-wild/images/czechlynx_1326__p16e_024497.jpg,outputs/final_freeze/lynx-wild/images/czechlynx_1978__p16e_024500.jpg,,,,,,reviewer_1,
phase18n_megadescriptor_l_384_blind_0186,outputs/final_freeze/lynx-wild/images/czechlynx_2695__p16e_037602.jpg,outputs/final_freeze/lynx-wild/images/czechlynx_2351__p16e_043667.jpg,,,,,,reviewer_1,
phase18n_megadescriptor_l_384_blind_0187,outputs/final_freeze/lynx-wild/images/czechlynx_2155__p16e_042493.jpg,outputs/final_freeze/lynx-wild/images/czechlynx_1810__p16e_042482.jpg,,,,,,reviewer_1,
phase18n_megadescriptor_l_384_blind_0188,outputs/final_freeze/lynx-wild/images/czechlynx_1749__p16e_028567.jpg,outputs/final_freeze/lynx-wild/images/czechlynx_1298__p16e_028538.jpg,,,,,,reviewer_1,
phase18n_megadescriptor_l_384_blind_0189,outputs/final_freeze/lynx-wild/images/czechlynx_2352__p16e_033596.jpg,outputs/final_freeze/lynx-wild/images/czechlynx_2340__p16e_044078.jpg,,,,,,reviewer_1,
phase18n_megadescriptor_l_384_blind_0190,outputs/final_freeze/lynx-wild/images/czechlynx_2757__p16e_043694.jpg,outputs/final_freeze/lynx-wild/images/czechlynx_2360__p16e_042546.jpg,,,,,,reviewer_1,
phase18n_megadescriptor_l_384_blind_0191,outputs/final_freeze/lynx-wild/images/czechlynx_2808__p16e_029013.jpg,outputs/final_freeze/lynx-wild/images/czechlynx_2791__p16e_028705.jpg,,,,,,reviewer_1,
phase18n_megadescriptor_l_384_blind_0192,outputs/final_freeze/lynx-wild/images/czechlynx_1905__p16e_028415.jpg,outputs/final_freeze/lynx-wild/images/czechlynx_2091__p16e_028463.jpg,,,,,,reviewer_1,
phase18n_megadescriptor_l_384_blind_0193,outputs/final_freeze/lynx-wild/images/czechlynx_2264__p16e_028136.jpg,outputs/final_freeze/lynx-wild/images/czechlynx_2104__p16e_028388.jpg,,,,,,reviewer_1,
phase18n_megadescriptor_l_384_blind_0194,outputs/final_freeze/lynx-wild/images/czechlynx_1595__p16e_028407.jpg,outputs/final_freeze/lynx-wild/images/czechlynx_1789__p16e_028399.jpg,,,,,,reviewer_1,
phase18n_megadescriptor_l_384_blind_0195,outputs/final_freeze/lynx-wild/images/czechlynx_2560__p16e_006778.jpg,outputs/final_freeze/lynx-wild/images/czechlynx_2009__p16e_007821.jpg,,,,,,reviewer_1,
phase18n_megadescriptor_l_384_blind_0196,outputs/final_freeze/lynx-wild/images/czechlynx_2053__p16e_028439.jpg,outputs/final_freeze/lynx-wild/images/czechlynx_1594__p16e_028433.jpg,,,,,,reviewer_1,
phase18n_megadescriptor_l_384_blind_0197,outputs/final_freeze/lynx-wild/images/czechlynx_1598__p16e_039724.jpg,outputs/final_freeze/lynx-wild/images/czechlynx_1603__p16e_045150.jpg,,,,,,reviewer_1,
phase18n_megadescriptor_l_384_blind_0198,outputs/final_freeze/lynx-wild/images/czechlynx_2838__p16e_032139.jpg,outputs/final_freeze/lynx-wild/images/czechlynx_1963__p16e_035502.jpg,,,,,,reviewer_1,
phase18n_megadescriptor_l_384_blind_0199,outputs/final_freeze/lynx-wild/images/czechlynx_2809__p16e_045355.jpg,outputs/final_freeze/lynx-wild/images/czechlynx_2229__p16e_043330.jpg,,,,,,reviewer_1,
phase18n_megadescriptor_l_384_blind_0200,outputs/final_freeze/lynx-wild/images/czechlynx_1985__p16e_040699.jpg,outputs/final_freeze/lynx-wild/images/czechlynx_2416__p16e_033958.jpg,,,,,,reviewer_1,
phase18n_megadescriptor_l_384_blind_0201,outputs/final_freeze/lynx-wild/images/czechlynx_1778__p16e_028357.jpg,outputs/final_freeze/lynx-wild/images/czechlynx_1622__p16e_028263.jpg,,,,,,reviewer_1,
phase18n_megadescriptor_l_384_blind_0202,outputs/final_freeze/lynx-wild/images/czechlynx_1367__p16e_028380.jpg,outputs/final_freeze/lynx-wild/images/czechlynx_1695__p16e_028349.jpg,,,,,,reviewer_1,
phase18n_megadescriptor_l_384_blind_0203,outputs/final_freeze/lynx-wild/images/czechlynx_2591__p16e_043470.jpg,outputs/final_freeze/lynx-wild/images/czechlynx_2769__p16e_045599.jpg,,,,,,reviewer_1,
phase18n_megadescriptor_l_384_blind_0204,outputs/final_freeze/lynx-wild/images/czechlynx_2803__p16e_043467.jpg,outputs/final_freeze/lynx-wild/images/czechlynx_2872__p16e_044577.jpg,,,,,,reviewer_1,
phase18n_megadescriptor_l_384_blind_0205,outputs/final_freeze/lynx-wild/images/czechlynx_1834__p16e_028141.jpg,outputs/final_freeze/lynx-wild/images/czechlynx_2334__p16e_028194.jpg,,,,,,reviewer_1,
phase18n_megadescriptor_l_384_blind_0206,outputs/final_freeze/lynx-wild/images/czechlynx_1534__p16e_028424.jpg,outputs/final_freeze/lynx-wild/images/czechlynx_1618__p16e_028524.jpg,,,,,,reviewer_1,
phase18n_megadescriptor_l_384_blind_0207,outputs/final_freeze/lynx-wild/images/czechlynx_2069__p16e_028315.jpg,outputs/final_freeze/lynx-wild/images/czechlynx_1724__p16e_028309.jpg,,,,,,reviewer_1,
phase18n_megadescriptor_l_384_blind_0208,outputs/final_freeze/lynx-wild/images/czechlynx_2135__p16e_044967.jpg,outputs/final_freeze/lynx-wild/images/czechlynx_2130__p16e_045596.jpg,,,,,,reviewer_1,
phase18n_megadescriptor_l_384_blind_0209,outputs/final_freeze/lynx-wild/images/czechlynx_1802__p16e_028444.jpg,outputs/final_freeze/lynx-wild/images/czechlynx_1913__p16e_028155.jpg,,,,,,reviewer_1,
phase18n_megadescriptor_l_384_blind_0210,outputs/final_freeze/lynx-wild/images/czechlynx_2238__p16e_044226.jpg,outputs/final_freeze/lynx-wild/images/czechlynx_2694__p16e_042582.jpg,,,,,,reviewer_1,
phase18n_megadescriptor_l_384_blind_0211,outputs/final_freeze/lynx-wild/images/czechlynx_2126__p16e_028327.jpg,outputs/final_freeze/lynx-wild/images/czechlynx_2034__p16e_028334.jpg,,,,,,reviewer_1,
phase18n_megadescriptor_l_384_blind_0212,outputs/final_freeze/lynx-wild/images/czechlynx_1983__p16e_028416.jpg,outputs/final_freeze/lynx-wild/images/czechlynx_1905__p16e_028415.jpg,,,,,,reviewer_1,
phase18n_megadescriptor_l_384_blind_0213,outputs/final_freeze/lynx-wild/images/czechlynx_2511__p16e_035168.jpg,outputs/final_freeze/lynx-wild/images/czechlynx_2558__p16e_017223.jpg,,,,,,reviewer_1,
phase18n_megadescriptor_l_384_blind_0214,outputs/final_freeze/lynx-wild/images/czechlynx_1454__p16e_028149.jpg,outputs/final_freeze/lynx-wild/images/czechlynx_1867__p16e_028159.jpg,,,,,,reviewer_1,
phase18n_megadescriptor_l_384_blind_0215,outputs/final_freeze/lynx-wild/images/czechlynx_2854__p16e_029010.jpg,outputs/final_freeze/lynx-wild/images/czechlynx_2808__p16e_029013.jpg,,,,,,reviewer_1,
phase18n_megadescriptor_l_384_blind_0216,outputs/final_freeze/lynx-wild/images/czechlynx_1505__p16e_011910.jpg,outputs/final_freeze/lynx-wild/images/czechlynx_2861__p16e_028898.jpg,,,,,,reviewer_1,
phase18n_megadescriptor_l_384_blind_0217,outputs/final_freeze/lynx-wild/images/czechlynx_2846__p16e_036195.jpg,outputs/final_freeze/lynx-wild/images/czechlynx_2545__p16e_017286.jpg,,,,,,reviewer_1,
phase18n_megadescriptor_l_384_blind_0218,outputs/final_freeze/lynx-wild/images/czechlynx_1843__p16e_028431.jpg,outputs/final_freeze/lynx-wild/images/czechlynx_1684__p16e_028403.jpg,,,,,,reviewer_1,
phase18n_megadescriptor_l_384_blind_0219,outputs/final_freeze/lynx-wild/images/czechlynx_1618__p16e_028524.jpg,outputs/final_freeze/lynx-wild/images/czechlynx_1633__p16e_028523.jpg,,,,,,reviewer_1,
phase18n_megadescriptor_l_384_blind_0220,outputs/final_freeze/lynx-wild/images/czechlynx_2877__p16e_013419.jpg,outputs/final_freeze/lynx-wild/images/czechlynx_2333__p16e_017225.jpg,,,,,,reviewer_1,
phase18n_megadescriptor_l_384_blind_0221,outputs/final_freeze/lynx-wild/images/czechlynx_1396__p16e_045903.jpg,outputs/final_freeze/lynx-wild/images/czechlynx_2067__p16e_045281.jpg,,,,,,reviewer_1,
phase18n_megadescriptor_l_384_blind_0222,outputs/final_freeze/lynx-wild/images/czechlynx_1816__p16e_028435.jpg,outputs/final_freeze/lynx-wild/images/czechlynx_1697__p16e_028430.jpg,,,,,,reviewer_1,
phase18n_megadescriptor_l_384_blind_0223,outputs/final_freeze/lynx-wild/images/czechlynx_2523__p16e_044194.jpg,outputs/final_freeze/lynx-wild/images/czechlynx_2517__p16e_045622.jpg,,,,,,reviewer_1,
phase18n_megadescriptor_l_384_blind_0224,outputs/final_freeze/lynx-wild/images/czechlynx_2602__p16e_032538.jpg,outputs/final_freeze/lynx-wild/images/czechlynx_2147__p16e_043842.jpg,,,,,,reviewer_1,
phase18n_megadescriptor_l_384_blind_0225,outputs/final_freeze/lynx-wild/images/czechlynx_0809__czlx_expanded_0456.jpg,outputs/final_freeze/lynx-wild/images/czechlynx_2713__p16e_040188.jpg,,,,,,reviewer_1,
phase18n_megadescriptor_l_384_blind_0226,outputs/final_freeze/lynx-wild/images/czechlynx_2091__p16e_028463.jpg,outputs/final_freeze/lynx-wild/images/czechlynx_1858__p16e_028456.jpg,,,,,,reviewer_1,
phase18n_megadescriptor_l_384_blind_0227,outputs/final_freeze/lynx-wild/images/czechlynx_1767__p16e_037971.jpg,outputs/final_freeze/lynx-wild/images/czechlynx_2610__p16e_029921.jpg,,,,,,reviewer_1,
phase18n_megadescriptor_l_384_blind_0228,outputs/final_freeze/lynx-wild/images/czechlynx_2508__p16e_028725.jpg,outputs/final_freeze/lynx-wild/images/czechlynx_2791__p16e_028705.jpg,,,,,,reviewer_1,
phase18n_megadescriptor_l_384_blind_0229,outputs/final_freeze/lynx-wild/images/czechlynx_2694__p16e_042582.jpg,outputs/final_freeze/lynx-wild/images/czechlynx_1721__p16e_042878.jpg,,,,,,reviewer_1,
phase18n_megadescriptor_l_384_blind_0230,outputs/final_freeze/lynx-wild/images/czechlynx_1708__p16e_035036.jpg,outputs/final_freeze/lynx-wild/images/czechlynx_1424__p16e_031688.jpg,,,,,,reviewer_1,
phase18n_megadescriptor_l_384_blind_0231,outputs/final_freeze/lynx-wild/images/czechlynx_2776__p16e_015111.jpg,outputs/final_freeze/lynx-wild/images/czechlynx_1361__p16e_020270.jpg,,,,,,reviewer_1,
phase18n_megadescriptor_l_384_blind_0232,outputs/final_freeze/lynx-wild/images/czechlynx_2131__p16e_045629.jpg,outputs/final_freeze/lynx-wild/images/czechlynx_2430__p16e_042173.jpg,,,,,,reviewer_1,
phase18n_megadescriptor_l_384_blind_0233,outputs/final_freeze/lynx-wild/images/czechlynx_1829__p16e_028400.jpg,outputs/final_freeze/lynx-wild/images/czechlynx_2062__p16e_028333.jpg,,,,,,reviewer_1,
phase18n_megadescriptor_l_384_blind_0234,outputs/final_freeze/lynx-wild/images/czechlynx_2653__p16e_006761.jpg,outputs/final_freeze/lynx-wild/images/czechlynx_2317__p16e_007827.jpg,,,,,,reviewer_1,
phase18n_megadescriptor_l_384_blind_0235,outputs/final_freeze/lynx-wild/images/czechlynx_1943__p16e_028389.jpg,outputs/final_freeze/lynx-wild/images/czechlynx_2097__p16e_028393.jpg,,,,,,reviewer_1,
phase18n_megadescriptor_l_384_blind_0236,outputs/final_freeze/lynx-wild/images/czechlynx_1854__p16e_028460.jpg,outputs/final_freeze/lynx-wild/images/czechlynx_1732__p16e_028472.jpg,,,,,,reviewer_1,
phase18n_megadescriptor_l_384_blind_0237,outputs/final_freeze/lynx-wild/images/czechlynx_2864__p16e_028877.jpg,outputs/final_freeze/lynx-wild/images/czechlynx_2508__p16e_028725.jpg,,,,,,reviewer_1,
phase18n_megadescriptor_l_384_blind_0238,outputs/final_freeze/lynx-wild/images/czechlynx_1576__p16e_045910.jpg,outputs/final_freeze/lynx-wild/images/czechlynx_1993__p16e_010529.jpg,,,,,,reviewer_1,
phase18n_megadescriptor_l_384_blind_0239,outputs/final_freeze/lynx-wild/images/czechlynx_0765__czlx_expanded_0274.jpg,outputs/final_freeze/lynx-wild/images/czechlynx_1666__p16e_043990.jpg,,,,,,reviewer_1,
phase18n_megadescriptor_l_384_blind_0240,outputs/final_freeze/lynx-wild/images/czechlynx_2613__p16e_006767.jpg,outputs/final_freeze/lynx-wild/images/czechlynx_1897__p16e_007944.jpg,,,,,,reviewer_1,
phase18n_megadescriptor_l_384_blind_0241,outputs/final_freeze/lynx-wild/images/czechlynx_1330__p16e_024495.jpg,outputs/final_freeze/lynx-wild/images/czechlynx_1520__p16e_020427.jpg,,,,,,reviewer_1,
phase18n_megadescriptor_l_384_blind_0242,outputs/final_freeze/lynx-wild/images/czechlynx_2947__p16e_042272.jpg,outputs/final_freeze/lynx-wild/images/czechlynx_2668__p16e_042273.jpg,,,,,,reviewer_1,
phase18n_megadescriptor_l_384_blind_0243,outputs/final_freeze/lynx-wild/images/czechlynx_2032__p16e_028450.jpg,outputs/final_freeze/lynx-wild/images/czechlynx_1515__p16e_028432.jpg,,,,,,reviewer_1,
phase18n_megadescriptor_l_384_blind_0244,outputs/final_freeze/lynx-wild/images/czechlynx_1848__p16e_028458.jpg,outputs/final_freeze/lynx-wild/images/czechlynx_1913__p16e_028155.jpg,,,,,,reviewer_1,
phase18n_megadescriptor_l_384_blind_0245,outputs/final_freeze/lynx-wild/images/czechlynx_2797__p16e_044125.jpg,outputs/final_freeze/lynx-wild/images/czechlynx_2080__p16e_039978.jpg,,,,,,reviewer_1,
phase18n_megadescriptor_l_384_blind_0246,outputs/final_freeze/lynx-wild/images/czechlynx_1717__p16e_042492.jpg,outputs/final_freeze/lynx-wild/images/czechlynx_2079__p16e_042483.jpg,,,,,,reviewer_1,
phase18n_megadescriptor_l_384_blind_0247,outputs/final_freeze/lynx-wild/images/czechlynx_1519__p16e_028336.jpg,outputs/final_freeze/lynx-wild/images/czechlynx_1904__p16e_028344.jpg,,,,,,reviewer_1,
phase18n_megadescriptor_l_384_blind_0248,outputs/final_freeze/lynx-wild/images/czechlynx_2210__p16e_042864.jpg,outputs/final_freeze/lynx-wild/images/czechlynx_2473__p16e_034770.jpg,,,,,,reviewer_1,
phase18n_megadescriptor_l_384_blind_0249,outputs/final_freeze/lynx-wild/images/czechlynx_1353__p16e_042049.jpg,outputs/final_freeze/lynx-wild/images/czechlynx_2258__p16e_039781.jpg,,,,,,reviewer_1,
phase18n_megadescriptor_l_384_blind_0250,outputs/final_freeze/lynx-wild/images/czechlynx_2923__p16e_024895.jpg,outputs/final_freeze/lynx-wild/images/czechlynx_2938__p16e_024888.jpg,,,,,,reviewer_1,
phase18n_megadescriptor_l_384_blind_0251,outputs/final_freeze/lynx-wild/images/czechlynx_2238__p16e_044226.jpg,outputs/final_freeze/lynx-wild/images/czechlynx_1621__p16e_036183.jpg,,,,,,reviewer_1,
phase18n_megadescriptor_l_384_blind_0252,outputs/final_freeze/lynx-wild/images/czechlynx_1854__p16e_028460.jpg,outputs/final_freeze/lynx-wild/images/czechlynx_1556__p16e_028473.jpg,,,,,,reviewer_1,
phase18n_megadescriptor_l_384_blind_0253,outputs/final_freeze/lynx-wild/images/czechlynx_2904__p16e_028878.jpg,outputs/final_freeze/lynx-wild/images/czechlynx_2033__p16e_044218.jpg,,,,,,reviewer_1,
phase18n_megadescriptor_l_384_blind_0254,outputs/final_freeze/lynx-wild/images/czechlynx_2402__p16e_007828.jpg,outputs/final_freeze/lynx-wild/images/czechlynx_2317__p16e_007827.jpg,,,,,,reviewer_1,
phase18n_megadescriptor_l_384_blind_0255,outputs/final_freeze/lynx-wild/images/czechlynx_1434__p16e_044157.jpg,outputs/final_freeze/lynx-wild/images/czechlynx_1433__p16e_044158.jpg,,,,,,reviewer_1,
phase18n_megadescriptor_l_384_blind_0256,outputs/final_freeze/lynx-wild/images/czechlynx_1492__p16e_028470.jpg,outputs/final_freeze/lynx-wild/images/czechlynx_1609__p16e_028482.jpg,,,,,,reviewer_1,
phase18n_megadescriptor_l_384_blind_0257,outputs/final_freeze/lynx-wild/images/czechlynx_1324__p16e_028504.jpg,outputs/final_freeze/lynx-wild/images/czechlynx_1587__p16e_028517.jpg,,,,,,reviewer_1,
phase18n_megadescriptor_l_384_blind_0258,outputs/final_freeze/lynx-wild/images/czechlynx_2692__p16e_028820.jpg,outputs/final_freeze/lynx-wild/images/czechlynx_2494__p16e_021024.jpg,,,,,,reviewer_1,
phase18n_megadescriptor_l_384_blind_0259,outputs/final_freeze/lynx-wild/images/czechlynx_1688__p16e_028252.jpg,outputs/final_freeze/lynx-wild/images/czechlynx_1633__p16e_028523.jpg,,,,,,reviewer_1,
phase18n_megadescriptor_l_384_blind_0260,outputs/final_freeze/lynx-wild/images/czechlynx_2044__p16e_043670.jpg,outputs/final_freeze/lynx-wild/images/czechlynx_2096__p16e_043693.jpg,,,,,,reviewer_1,
phase18n_megadescriptor_l_384_blind_0261,outputs/final_freeze/lynx-wild/images/czechlynx_2935__p16e_036194.jpg,outputs/final_freeze/lynx-wild/images/czechlynx_2846__p16e_036195.jpg,,,,,,reviewer_1,
phase18n_megadescriptor_l_384_blind_0262,outputs/final_freeze/lynx-wild/images/czechlynx_1844__p16e_028324.jpg,outputs/final_freeze/lynx-wild/images/czechlynx_1530__p16e_028318.jpg,,,,,,reviewer_1,
phase18n_megadescriptor_l_384_blind_0263,outputs/final_freeze/lynx-wild/images/czechlynx_2420__p16e_042171.jpg,outputs/final_freeze/lynx-wild/images/czechlynx_2208__p16e_040441.jpg,,,,,,reviewer_1,
phase18n_megadescriptor_l_384_blind_0264,outputs/final_freeze/lynx-wild/images/czechlynx_1745__p16e_037603.jpg,outputs/final_freeze/lynx-wild/images/czechlynx_1821__p16e_040722.jpg,,,,,,reviewer_1,
phase18n_megadescriptor_l_384_blind_0265,outputs/final_freeze/lynx-wild/images/czechlynx_1852__p16e_028146.jpg,outputs/final_freeze/lynx-wild/images/czechlynx_1619__p16e_028365.jpg,,,,,,reviewer_1,
phase18n_megadescriptor_l_384_blind_0266,outputs/final_freeze/lynx-wild/images/czechlynx_1807__p16e_028350.jpg,outputs/final_freeze/lynx-wild/images/czechlynx_1779__p16e_028348.jpg,,,,,,reviewer_1,
phase18n_megadescriptor_l_384_blind_0267,outputs/final_freeze/lynx-wild/images/czechlynx_1618__p16e_028524.jpg,outputs/final_freeze/lynx-wild/images/czechlynx_1562__p16e_028527.jpg,,,,,,reviewer_1,
phase18n_megadescriptor_l_384_blind_0268,outputs/final_freeze/lynx-wild/images/czechlynx_2803__p16e_043467.jpg,outputs/final_freeze/lynx-wild/images/czechlynx_2831__p16e_044587.jpg,,,,,,reviewer_1,
phase18n_megadescriptor_l_384_blind_0269,outputs/final_freeze/lynx-wild/images/czechlynx_1548__p16e_028405.jpg,outputs/final_freeze/lynx-wild/images/czechlynx_2126__p16e_028327.jpg,,,,,,reviewer_1,
phase18n_megadescriptor_l_384_blind_0270,outputs/final_freeze/lynx-wild/images/czechlynx_1879__p16e_044205.jpg,outputs/final_freeze/lynx-wild/images/czechlynx_2238__p16e_044226.jpg,,,,,,reviewer_1,
phase18n_megadescriptor_l_384_blind_0271,outputs/final_freeze/lynx-wild/images/czechlynx_1687__p16e_028447.jpg,outputs/final_freeze/lynx-wild/images/czechlynx_1287__p16e_028549.jpg,,,,,,reviewer_1,
phase18n_megadescriptor_l_384_blind_0272,outputs/final_freeze/lynx-wild/images/czechlynx_1374__p16e_033046.jpg,outputs/final_freeze/lynx-wild/images/czechlynx_1938__p16e_031339.jpg,,,,,,reviewer_1,
phase18n_megadescriptor_l_384_blind_0273,outputs/final_freeze/lynx-wild/images/czechlynx_1556__p16e_028473.jpg,outputs/final_freeze/lynx-wild/images/czechlynx_1622__p16e_028263.jpg,,,,,,reviewer_1,
phase18n_megadescriptor_l_384_blind_0274,outputs/final_freeze/lynx-wild/images/czechlynx_2983__p16e_044398.jpg,outputs/final_freeze/lynx-wild/images/czechlynx_2315__p16e_037215.jpg,,,,,,reviewer_1,
phase18n_megadescriptor_l_384_blind_0275,outputs/final_freeze/lynx-wild/images/czechlynx_2509__p16e_044839.jpg,outputs/final_freeze/lynx-wild/images/czechlynx_1498__p16e_042521.jpg,,,,,,reviewer_1,
phase18n_megadescriptor_l_384_blind_0276,outputs/final_freeze/lynx-wild/images/czechlynx_1763__p16e_028330.jpg,outputs/final_freeze/lynx-wild/images/czechlynx_1704__p16e_028331.jpg,,,,,,reviewer_1,
phase18n_megadescriptor_l_384_blind_0277,outputs/final_freeze/lynx-wild/images/czechlynx_1352__p16e_028242.jpg,outputs/final_freeze/lynx-wild/images/czechlynx_2069__p16e_028315.jpg,,,,,,reviewer_1,
phase18n_megadescriptor_l_384_blind_0278,outputs/final_freeze/lynx-wild/images/czechlynx_1471__p16e_028378.jpg,outputs/final_freeze/lynx-wild/images/czechlynx_1723__p16e_028360.jpg,,,,,,reviewer_1,
phase18n_megadescriptor_l_384_blind_0279,outputs/final_freeze/lynx-wild/images/czechlynx_1652__p16e_028195.jpg,outputs/final_freeze/lynx-wild/images/czechlynx_1814__p16e_028197.jpg,,,,,,reviewer_1,
phase18n_megadescriptor_l_384_blind_0280,outputs/final_freeze/lynx-wild/images/czechlynx_1978__p16e_024500.jpg,outputs/final_freeze/lynx-wild/images/czechlynx_2279__p16e_020440.jpg,,,,,,reviewer_1,
phase18n_megadescriptor_l_384_blind_0281,outputs/final_freeze/lynx-wild/images/czechlynx_2434__p16e_008665.jpg,outputs/final_freeze/lynx-wild/images/czechlynx_2436__p16e_008668.jpg,,,,,,reviewer_1,
phase18n_megadescriptor_l_384_blind_0282,outputs/final_freeze/lynx-wild/images/czechlynx_1628__p16e_028375.jpg,outputs/final_freeze/lynx-wild/images/czechlynx_1789__p16e_028399.jpg,,,,,,reviewer_1,
phase18n_megadescriptor_l_384_blind_0283,outputs/final_freeze/lynx-wild/images/czechlynx_2596__p16e_045632.jpg,outputs/final_freeze/lynx-wild/images/czechlynx_1766__p16e_044740.jpg,,,,,,reviewer_1,
phase18n_megadescriptor_l_384_blind_0284,outputs/final_freeze/lynx-wild/images/czechlynx_1462__p16e_028322.jpg,outputs/final_freeze/lynx-wild/images/czechlynx_1473__p16e_028281.jpg,,,,,,reviewer_1,
phase18n_megadescriptor_l_384_blind_0285,outputs/final_freeze/lynx-wild/images/czechlynx_2680__p16e_039778.jpg,outputs/final_freeze/lynx-wild/images/czechlynx_2629__p16e_039783.jpg,,,,,,reviewer_1,
phase18n_megadescriptor_l_384_blind_0286,outputs/final_freeze/lynx-wild/images/czechlynx_2855__p16e_042526.jpg,outputs/final_freeze/lynx-wild/images/czechlynx_1498__p16e_042521.jpg,,,,,,reviewer_1,
phase18n_megadescriptor_l_384_blind_0287,outputs/final_freeze/lynx-wild/images/czechlynx_2420__p16e_042171.jpg,outputs/final_freeze/lynx-wild/images/czechlynx_2130__p16e_045596.jpg,,,,,,reviewer_1,
phase18n_megadescriptor_l_384_blind_0288,outputs/final_freeze/lynx-wild/images/czechlynx_1542__p16e_028406.jpg,outputs/final_freeze/lynx-wild/images/czechlynx_1829__p16e_028400.jpg,,,,,,reviewer_1,
phase18n_megadescriptor_l_384_blind_0289,outputs/final_freeze/lynx-wild/images/czechlynx_2727__p16e_042909.jpg,outputs/final_freeze/lynx-wild/images/czechlynx_1914__p16e_037611.jpg,,,,,,reviewer_1,
phase18n_megadescriptor_l_384_blind_0290,outputs/final_freeze/lynx-wild/images/czechlynx_2131__p16e_045629.jpg,outputs/final_freeze/lynx-wild/images/czechlynx_1533__p16e_037116.jpg,,,,,,reviewer_1,
phase18n_megadescriptor_l_384_blind_0291,outputs/final_freeze/lynx-wild/images/czechlynx_1602__p16e_028363.jpg,outputs/final_freeze/lynx-wild/images/czechlynx_1456__p16e_028437.jpg,,,,,,reviewer_1,
phase18n_megadescriptor_l_384_blind_0292,outputs/final_freeze/lynx-wild/images/czechlynx_2484__p16e_044849.jpg,outputs/final_freeze/lynx-wild/images/czechlynx_1706__p16e_044844.jpg,,,,,,reviewer_1,
phase18n_megadescriptor_l_384_blind_0293,outputs/final_freeze/lynx-wild/images/czechlynx_1879__p16e_044205.jpg,outputs/final_freeze/lynx-wild/images/czechlynx_2602__p16e_032538.jpg,,,,,,reviewer_1,
phase18n_megadescriptor_l_384_blind_0294,outputs/final_freeze/lynx-wild/images/czechlynx_2215__p16e_028192.jpg,outputs/final_freeze/lynx-wild/images/czechlynx_1769__p16e_028464.jpg,,,,,,reviewer_1,
phase18n_megadescriptor_l_384_blind_0295,outputs/final_freeze/lynx-wild/images/czechlynx_1605__p16e_028246.jpg,outputs/final_freeze/lynx-wild/images/czechlynx_1858__p16e_028456.jpg,,,,,,reviewer_1,
phase18n_megadescriptor_l_384_blind_0296,outputs/final_freeze/lynx-wild/images/czechlynx_2247__p16e_028198.jpg,outputs/final_freeze/lynx-wild/images/czechlynx_1352__p16e_028242.jpg,,,,,,reviewer_1,
phase18n_megadescriptor_l_384_blind_0297,outputs/final_freeze/lynx-wild/images/czechlynx_1398__p16e_028505.jpg,outputs/final_freeze/lynx-wild/images/czechlynx_1587__p16e_028517.jpg,,,,,,reviewer_1,
phase18n_megadescriptor_l_384_blind_0298,outputs/final_freeze/lynx-wild/images/czechlynx_1988__p16e_028811.jpg,outputs/final_freeze/lynx-wild/images/czechlynx_2270__p16e_019233.jpg,,,,,,reviewer_1,
phase18n_megadescriptor_l_384_blind_0299,outputs/final_freeze/lynx-wild/images/czechlynx_1909__p16e_028285.jpg,outputs/final_freeze/lynx-wild/images/czechlynx_1638__p16e_028377.jpg,,,,,,reviewer_1,
phase18n_megadescriptor_l_384_blind_0300,outputs/final_freeze/lynx-wild/images/czechlynx_1854__p16e_028460.jpg,outputs/final_freeze/lynx-wild/images/czechlynx_1863__p16e_028488.jpg,,,,,,reviewer_1,
phase18n_megadescriptor_l_384_blind_0301,outputs/final_freeze/lynx-wild/images/czechlynx_1353__p16e_042049.jpg,outputs/final_freeze/lynx-wild/images/czechlynx_2596__p16e_045632.jpg,,,,,,reviewer_1,
phase18n_megadescriptor_l_384_blind_0302,outputs/final_freeze/lynx-wild/images/czechlynx_1602__p16e_028363.jpg,outputs/final_freeze/lynx-wild/images/czechlynx_1591__p16e_028364.jpg,,,,,,reviewer_1,
phase18n_megadescriptor_l_384_blind_0303,outputs/final_freeze/lynx-wild/images/czechlynx_2918__p16e_006844.jpg,outputs/final_freeze/lynx-wild/images/czechlynx_1576__p16e_045910.jpg,,,,,,reviewer_1,
phase18n_megadescriptor_l_384_blind_0304,outputs/final_freeze/lynx-wild/images/czechlynx_1479__p16e_033045.jpg,outputs/final_freeze/lynx-wild/images/czechlynx_1560__p16e_038051.jpg,,,,,,reviewer_1,
phase18n_megadescriptor_l_384_blind_0305,outputs/final_freeze/lynx-wild/images/czechlynx_1280__p16e_028453.jpg,outputs/final_freeze/lynx-wild/images/czechlynx_1355__p16e_028515.jpg,,,,,,reviewer_1,
phase18n_megadescriptor_l_384_blind_0306,outputs/final_freeze/lynx-wild/images/czechlynx_1833__p16e_028145.jpg,outputs/final_freeze/lynx-wild/images/czechlynx_1669__p16e_028467.jpg,,,,,,reviewer_1,
phase18n_megadescriptor_l_384_blind_0307,outputs/final_freeze/lynx-wild/images/czechlynx_2259__p16e_042179.jpg,outputs/final_freeze/lynx-wild/images/czechlynx_1603__p16e_045150.jpg,,,,,,reviewer_1,
phase18n_megadescriptor_l_384_blind_0308,outputs/final_freeze/lynx-wild/images/czechlynx_2982__p16e_030718.jpg,outputs/final_freeze/lynx-wild/images/czechlynx_2889__p16e_016006.jpg,,,,,,reviewer_1,
phase18n_megadescriptor_l_384_blind_0309,outputs/final_freeze/lynx-wild/images/czechlynx_1764__p16e_028337.jpg,outputs/final_freeze/lynx-wild/images/czechlynx_1519__p16e_028336.jpg,,,,,,reviewer_1,
phase18n_megadescriptor_l_384_blind_0310,outputs/final_freeze/lynx-wild/images/czechlynx_1416__p16e_028412.jpg,outputs/final_freeze/lynx-wild/images/czechlynx_1805__p16e_028370.jpg,,,,,,reviewer_1,
phase18n_megadescriptor_l_384_blind_0311,outputs/final_freeze/lynx-wild/images/czechlynx_2971__p16e_014122.jpg,outputs/final_freeze/lynx-wild/images/czechlynx_2984__p16e_019324.jpg,,,,,,reviewer_1,
phase18n_megadescriptor_l_384_blind_0312,outputs/final_freeze/lynx-wild/images/czechlynx_1794__p16e_028530.jpg,outputs/final_freeze/lynx-wild/images/czechlynx_1602__p16e_028363.jpg,,,,,,reviewer_1,
phase18n_megadescriptor_l_384_blind_0313,outputs/final_freeze/lynx-wild/images/czechlynx_2238__p16e_044226.jpg,outputs/final_freeze/lynx-wild/images/czechlynx_1540__p16e_042771.jpg,,,,,,reviewer_1,
phase18n_megadescriptor_l_384_blind_0314,outputs/final_freeze/lynx-wild/images/czechlynx_1563__p16e_043393.jpg,outputs/final_freeze/lynx-wild/images/czechlynx_1588__p16e_040030.jpg,,,,,,reviewer_1,
phase18n_megadescriptor_l_384_blind_0315,outputs/final_freeze/lynx-wild/images/czechlynx_2803__p16e_043467.jpg,outputs/final_freeze/lynx-wild/images/czechlynx_2565__p16e_036313.jpg,,,,,,reviewer_1,
phase18n_megadescriptor_l_384_blind_0316,outputs/final_freeze/lynx-wild/images/czechlynx_2030__p16e_032529.jpg,outputs/final_freeze/lynx-wild/images/czechlynx_1776__p16e_032539.jpg,,,,,,reviewer_1,
phase18n_megadescriptor_l_384_blind_0317,outputs/final_freeze/lynx-wild/images/czechlynx_1761__p16e_028442.jpg,outputs/final_freeze/lynx-wild/images/czechlynx_1672__p16e_028358.jpg,,,,,,reviewer_1,
phase18n_megadescriptor_l_384_blind_0318,outputs/final_freeze/lynx-wild/images/czechlynx_2170__p16e_028565.jpg,outputs/final_freeze/lynx-wild/images/czechlynx_1671__p16e_028231.jpg,,,,,,reviewer_1,
phase18n_megadescriptor_l_384_blind_0319,outputs/final_freeze/lynx-wild/images/czechlynx_2055__p16e_032536.jpg,outputs/final_freeze/lynx-wild/images/czechlynx_1467__p16e_032540.jpg,,,,,,reviewer_1,
phase18n_megadescriptor_l_384_blind_0320,outputs/final_freeze/lynx-wild/images/czechlynx_2848__p16e_008691.jpg,outputs/final_freeze/lynx-wild/images/czechlynx_2589__p16e_023351.jpg,,,,,,reviewer_1,
phase18n_megadescriptor_l_384_blind_0321,outputs/final_freeze/lynx-wild/images/czechlynx_1579__p16e_028161.jpg,outputs/final_freeze/lynx-wild/images/czechlynx_1728__p16e_028440.jpg,,,,,,reviewer_1,
phase18n_megadescriptor_l_384_blind_0322,outputs/final_freeze/lynx-wild/images/czechlynx_2680__p16e_039778.jpg,outputs/final_freeze/lynx-wild/images/czechlynx_2473__p16e_034770.jpg,,,,,,reviewer_1,
phase18n_megadescriptor_l_384_blind_0323,outputs/final_freeze/lynx-wild/images/czechlynx_2016__p16e_028394.jpg,outputs/final_freeze/lynx-wild/images/czechlynx_1542__p16e_028406.jpg,,,,,,reviewer_1,
phase18n_megadescriptor_l_384_blind_0324,outputs/final_freeze/lynx-wild/images/czechlynx_2021__p16e_028395.jpg,outputs/final_freeze/lynx-wild/images/czechlynx_1746__p16e_028369.jpg,,,,,,reviewer_1,
phase18n_megadescriptor_l_384_blind_0325,outputs/final_freeze/lynx-wild/images/czechlynx_2259__p16e_042179.jpg,outputs/final_freeze/lynx-wild/images/czechlynx_1528__p16e_045112.jpg,,,,,,reviewer_1,
phase18n_megadescriptor_l_384_blind_0326,outputs/final_freeze/lynx-wild/images/czechlynx_1673__p16e_029920.jpg,outputs/final_freeze/lynx-wild/images/czechlynx_1280__p16e_028453.jpg,,,,,,reviewer_1,
phase18n_megadescriptor_l_384_blind_0327,outputs/final_freeze/lynx-wild/images/czechlynx_2073__p16e_031933.jpg,outputs/final_freeze/lynx-wild/images/czechlynx_2949__p16e_031851.jpg,,,,,,reviewer_1,
phase18n_megadescriptor_l_384_blind_0328,outputs/final_freeze/lynx-wild/images/czechlynx_0853__czlx_expanded_0222.jpg,outputs/final_freeze/lynx-wild/images/czechlynx_2274__p16e_035027.jpg,,,,,,reviewer_1,
phase18n_megadescriptor_l_384_blind_0329,outputs/final_freeze/lynx-wild/images/czechlynx_1957__p16e_028461.jpg,outputs/final_freeze/lynx-wild/images/czechlynx_2112__p16e_028181.jpg,,,,,,reviewer_1,
phase18n_megadescriptor_l_384_blind_0330,outputs/final_freeze/lynx-wild/images/czechlynx_1760__p16e_028152.jpg,outputs/final_freeze/lynx-wild/images/czechlynx_2029__p16e_028383.jpg,,,,,,reviewer_1,
phase18n_megadescriptor_l_384_blind_0331,outputs/final_freeze/lynx-wild/images/czechlynx_2520__p16e_006887.jpg,outputs/final_freeze/lynx-wild/images/czechlynx_2166__p16e_039800.jpg,,,,,,reviewer_1,
phase18n_megadescriptor_l_384_blind_0332,outputs/final_freeze/lynx-wild/images/czechlynx_1555__p16e_028049.jpg,outputs/final_freeze/lynx-wild/images/czechlynx_1694__p16e_028048.jpg,,,,,,reviewer_1,
phase18n_megadescriptor_l_384_blind_0333,outputs/final_freeze/lynx-wild/images/czechlynx_2463__p16e_045905.jpg,outputs/final_freeze/lynx-wild/images/czechlynx_2479__p16e_044345.jpg,,,,,,reviewer_1,
phase18n_megadescriptor_l_384_blind_0334,outputs/final_freeze/lynx-wild/images/czechlynx_1708__p16e_035036.jpg,outputs/final_freeze/lynx-wild/images/czechlynx_1343__p16e_037588.jpg,,,,,,reviewer_1,
phase18n_megadescriptor_l_384_blind_0335,outputs/final_freeze/lynx-wild/images/czechlynx_2990__p16e_036892.jpg,outputs/final_freeze/lynx-wild/images/czechlynx_2521__p16e_035354.jpg,,,,,,reviewer_1,
phase18n_megadescriptor_l_384_blind_0336,outputs/final_freeze/lynx-wild/images/czechlynx_1633__p16e_028523.jpg,outputs/final_freeze/lynx-wild/images/czechlynx_1456__p16e_028437.jpg,,,,,,reviewer_1,
phase18n_megadescriptor_l_384_blind_0337,outputs/final_freeze/lynx-wild/images/czechlynx_2716__p16e_041141.jpg,outputs/final_freeze/lynx-wild/images/czechlynx_2260__p16e_043144.jpg,,,,,,reviewer_1,
phase18n_megadescriptor_l_384_blind_0338,outputs/final_freeze/lynx-wild/images/czechlynx_1366__p16e_028516.jpg,outputs/final_freeze/lynx-wild/images/czechlynx_1280__p16e_028453.jpg,,,,,,reviewer_1,
phase18n_megadescriptor_l_384_blind_0339,outputs/final_freeze/lynx-wild/images/czechlynx_2044__p16e_043670.jpg,outputs/final_freeze/lynx-wild/images/czechlynx_2049__p16e_042868.jpg,,,,,,reviewer_1,
phase18n_megadescriptor_l_384_blind_0340,outputs/final_freeze/lynx-wild/images/czechlynx_1896__p16e_032566.jpg,outputs/final_freeze/lynx-wild/images/czechlynx_1390__p16e_026828.jpg,,,,,,reviewer_1,
phase18n_megadescriptor_l_384_blind_0341,outputs/final_freeze/lynx-wild/images/czechlynx_2962__p16e_008856.jpg,outputs/final_freeze/lynx-wild/images/czechlynx_2919__p16e_008869.jpg,,,,,,reviewer_1,
phase18n_megadescriptor_l_384_blind_0342,outputs/final_freeze/lynx-wild/images/czechlynx_2596__p16e_045632.jpg,outputs/final_freeze/lynx-wild/images/czechlynx_1872__p16e_045215.jpg,,,,,,reviewer_1,
phase18n_megadescriptor_l_384_blind_0343,outputs/final_freeze/lynx-wild/images/czechlynx_2041__p16e_028414.jpg,outputs/final_freeze/lynx-wild/images/czechlynx_1519__p16e_028336.jpg,,,,,,reviewer_1,
phase18n_megadescriptor_l_384_blind_0344,outputs/final_freeze/lynx-wild/images/czechlynx_2517__p16e_045622.jpg,outputs/final_freeze/lynx-wild/images/czechlynx_1242__czlx_expanded_0351.jpg,,,,,,reviewer_1,
phase18n_megadescriptor_l_384_blind_0345,outputs/final_freeze/lynx-wild/images/czechlynx_2097__p16e_028393.jpg,outputs/final_freeze/lynx-wild/images/czechlynx_1542__p16e_028406.jpg,,,,,,reviewer_1,
phase18n_megadescriptor_l_384_blind_0346,outputs/final_freeze/lynx-wild/images/czechlynx_2522__p16e_044172.jpg,outputs/final_freeze/lynx-wild/images/czechlynx_2565__p16e_036313.jpg,,,,,,reviewer_1,
phase18n_megadescriptor_l_384_blind_0347,outputs/final_freeze/lynx-wild/images/czechlynx_2420__p16e_042171.jpg,outputs/final_freeze/lynx-wild/images/czechlynx_2479__p16e_044345.jpg,,,,,,reviewer_1,
phase18n_megadescriptor_l_384_blind_0348,outputs/final_freeze/lynx-wild/images/czechlynx_1514__p16e_028535.jpg,outputs/final_freeze/lynx-wild/images/czechlynx_1308__p16e_028499.jpg,,,,,,reviewer_1,
phase18n_megadescriptor_l_384_blind_0349,outputs/final_freeze/lynx-wild/images/czechlynx_2972__p16e_042518.jpg,outputs/final_freeze/lynx-wild/images/czechlynx_1282__p16e_043471.jpg,,,,,,reviewer_1,
phase18n_megadescriptor_l_384_blind_0350,outputs/final_freeze/lynx-wild/images/czechlynx_2653__p16e_006761.jpg,outputs/final_freeze/lynx-wild/images/czechlynx_2533__p16e_006779.jpg,,,,,,reviewer_1,
phase18n_megadescriptor_l_384_blind_0351,outputs/final_freeze/lynx-wild/images/czechlynx_2924__p16e_043594.jpg,outputs/final_freeze/lynx-wild/images/czechlynx_2947__p16e_042272.jpg,,,,,,reviewer_1,
phase18n_megadescriptor_l_384_blind_0352,outputs/final_freeze/lynx-wild/images/czechlynx_2673__p16e_044129.jpg,outputs/final_freeze/lynx-wild/images/czechlynx_2405__p16e_040189.jpg,,,,,,reviewer_1,
phase18n_megadescriptor_l_384_blind_0353,outputs/final_freeze/lynx-wild/images/czechlynx_2809__p16e_045355.jpg,outputs/final_freeze/lynx-wild/images/czechlynx_2910__p16e_013231.jpg,,,,,,reviewer_1,
phase18n_megadescriptor_l_384_blind_0354,outputs/final_freeze/lynx-wild/images/czechlynx_2809__p16e_045355.jpg,outputs/final_freeze/lynx-wild/images/czechlynx_2603__p16e_046019.jpg,,,,,,reviewer_1,
phase18n_megadescriptor_l_384_blind_0355,outputs/final_freeze/lynx-wild/images/czechlynx_1563__p16e_043393.jpg,outputs/final_freeze/lynx-wild/images/czechlynx_1481__p16e_034376.jpg,,,,,,reviewer_1,
phase18n_megadescriptor_l_384_blind_0356,outputs/final_freeze/lynx-wild/images/czechlynx_2463__p16e_045905.jpg,outputs/final_freeze/lynx-wild/images/czechlynx_2839__p16e_043660.jpg,,,,,,reviewer_1,
phase18n_megadescriptor_l_384_blind_0357,outputs/final_freeze/lynx-wild/images/czechlynx_2680__p16e_039778.jpg,outputs/final_freeze/lynx-wild/images/czechlynx_2732__p16e_036602.jpg,,,,,,reviewer_1,
phase18n_megadescriptor_l_384_blind_0358,outputs/final_freeze/lynx-wild/images/czechlynx_2622__p16e_044942.jpg,outputs/final_freeze/lynx-wild/images/czechlynx_2437__p16e_045331.jpg,,,,,,reviewer_1,
phase18n_megadescriptor_l_384_blind_0359,outputs/final_freeze/lynx-wild/images/czechlynx_1801__p16e_033526.jpg,outputs/final_freeze/lynx-wild/images/czechlynx_1708__p16e_035036.jpg,,,,,,reviewer_1,
phase18n_megadescriptor_l_384_blind_0360,outputs/final_freeze/lynx-wild/images/czechlynx_1826__p16e_028417.jpg,outputs/final_freeze/lynx-wild/images/czechlynx_1494__p16e_028188.jpg,,,,,,reviewer_1,
phase18n_megadescriptor_l_384_blind_0361,outputs/final_freeze/lynx-wild/images/czechlynx_1813__p16e_028275.jpg,outputs/final_freeze/lynx-wild/images/czechlynx_1861__p16e_028269.jpg,,,,,,reviewer_1,
phase18n_megadescriptor_l_384_blind_0362,outputs/final_freeze/lynx-wild/images/czechlynx_1879__p16e_044205.jpg,outputs/final_freeze/lynx-wild/images/czechlynx_2833__p16e_016426.jpg,,,,,,reviewer_1,
phase18n_megadescriptor_l_384_blind_0363,outputs/final_freeze/lynx-wild/images/czechlynx_2682__p16e_010750.jpg,outputs/final_freeze/lynx-wild/images/czechlynx_2782__p16e_010751.jpg,,,,,,reviewer_1,
phase18n_megadescriptor_l_384_blind_0364,outputs/final_freeze/lynx-wild/images/czechlynx_1421__p16e_028372.jpg,outputs/final_freeze/lynx-wild/images/czechlynx_1367__p16e_028380.jpg,,,,,,reviewer_1,
phase18n_megadescriptor_l_384_blind_0365,outputs/final_freeze/lynx-wild/images/czechlynx_1512__p16e_045672.jpg,outputs/final_freeze/lynx-wild/images/czechlynx_1478__p16e_045874.jpg,,,,,,reviewer_1,
phase18n_megadescriptor_l_384_blind_0366,outputs/final_freeze/lynx-wild/images/czechlynx_2727__p16e_042909.jpg,outputs/final_freeze/lynx-wild/images/czechlynx_2348__p16e_037607.jpg,,,,,,reviewer_1,
phase18n_megadescriptor_l_384_blind_0367,outputs/final_freeze/lynx-wild/images/czechlynx_1494__p16e_028188.jpg,outputs/final_freeze/lynx-wild/images/czechlynx_1980__p16e_028180.jpg,,,,,,reviewer_1,
phase18n_megadescriptor_l_384_blind_0368,outputs/final_freeze/lynx-wild/images/czechlynx_1801__p16e_033526.jpg,outputs/final_freeze/lynx-wild/images/czechlynx_2274__p16e_035027.jpg,,,,,,reviewer_1,
phase18n_megadescriptor_l_384_blind_0369,outputs/final_freeze/lynx-wild/images/czechlynx_1656__p16e_028046.jpg,outputs/final_freeze/lynx-wild/images/czechlynx_1633__p16e_028523.jpg,,,,,,reviewer_1,
phase18n_megadescriptor_l_384_blind_0370,outputs/final_freeze/lynx-wild/images/czechlynx_1779__p16e_028348.jpg,outputs/final_freeze/lynx-wild/images/czechlynx_1682__p16e_028355.jpg,,,,,,reviewer_1,
phase18n_megadescriptor_l_384_blind_0371,outputs/final_freeze/lynx-wild/images/czechlynx_1722__p16e_028187.jpg,outputs/final_freeze/lynx-wild/images/czechlynx_1669__p16e_028467.jpg,,,,,,reviewer_1,
phase18n_megadescriptor_l_384_blind_0372,outputs/final_freeze/lynx-wild/images/czechlynx_2692__p16e_028820.jpg,outputs/final_freeze/lynx-wild/images/czechlynx_2450__p16e_020108.jpg,,,,,,reviewer_1,
phase18n_megadescriptor_l_384_blind_0373,outputs/final_freeze/lynx-wild/images/czechlynx_1849__p16e_028459.jpg,outputs/final_freeze/lynx-wild/images/czechlynx_2334__p16e_028194.jpg,,,,,,reviewer_1,
phase18n_megadescriptor_l_384_blind_0374,outputs/final_freeze/lynx-wild/images/czechlynx_1728__p16e_028440.jpg,outputs/final_freeze/lynx-wild/images/czechlynx_1685__p16e_028438.jpg,,,,,,reviewer_1,
phase18n_megadescriptor_l_384_blind_0375,outputs/final_freeze/lynx-wild/images/czechlynx_1984__p16e_028175.jpg,outputs/final_freeze/lynx-wild/images/czechlynx_1724__p16e_028309.jpg,,,,,,reviewer_1,
phase18n_megadescriptor_l_384_blind_0376,outputs/final_freeze/lynx-wild/images/czechlynx_1645__p16e_028501.jpg,outputs/final_freeze/lynx-wild/images/czechlynx_1302__p16e_028561.jpg,,,,,,reviewer_1,
phase18n_megadescriptor_l_384_blind_0377,outputs/final_freeze/lynx-wild/images/czechlynx_1787__p16e_028183.jpg,outputs/final_freeze/lynx-wild/images/czechlynx_1780__p16e_028465.jpg,,,,,,reviewer_1,
phase18n_megadescriptor_l_384_blind_0378,outputs/final_freeze/lynx-wild/images/czechlynx_2529__p16e_007838.jpg,outputs/final_freeze/lynx-wild/images/czechlynx_2313__p16e_019882.jpg,,,,,,reviewer_1,
phase18n_megadescriptor_l_384_blind_0379,outputs/final_freeze/lynx-wild/images/czechlynx_2094__p16e_028422.jpg,outputs/final_freeze/lynx-wild/images/czechlynx_1969__p16e_028420.jpg,,,,,,reviewer_1,
phase18n_megadescriptor_l_384_blind_0380,outputs/final_freeze/lynx-wild/images/czechlynx_1578__p16e_010522.jpg,outputs/final_freeze/lynx-wild/images/czechlynx_2037__p16e_015946.jpg,,,,,,reviewer_1,
phase18n_megadescriptor_l_384_blind_0381,outputs/final_freeze/lynx-wild/images/czechlynx_1556__p16e_028473.jpg,outputs/final_freeze/lynx-wild/images/czechlynx_1956__p16e_028214.jpg,,,,,,reviewer_1,
phase18n_megadescriptor_l_384_blind_0382,outputs/final_freeze/lynx-wild/images/czechlynx_1896__p16e_032566.jpg,outputs/final_freeze/lynx-wild/images/czechlynx_1481__p16e_034376.jpg,,,,,,reviewer_1,
phase18n_megadescriptor_l_384_blind_0383,outputs/final_freeze/lynx-wild/images/czechlynx_1618__p16e_028524.jpg,outputs/final_freeze/lynx-wild/images/czechlynx_1761__p16e_028442.jpg,,,,,,reviewer_1,
phase18n_megadescriptor_l_384_blind_0384,outputs/final_freeze/lynx-wild/images/czechlynx_2728__p16e_045628.jpg,outputs/final_freeze/lynx-wild/images/czechlynx_2750__p16e_045148.jpg,,,,,,reviewer_1,
phase18n_megadescriptor_l_384_blind_0385,outputs/final_freeze/lynx-wild/images/czechlynx_1776__p16e_032539.jpg,outputs/final_freeze/lynx-wild/images/czechlynx_2382__p16e_043411.jpg,,,,,,reviewer_1,
phase18n_megadescriptor_l_384_blind_0386,outputs/final_freeze/lynx-wild/images/czechlynx_2653__p16e_006761.jpg,outputs/final_freeze/lynx-wild/images/czechlynx_2009__p16e_007821.jpg,,,,,,reviewer_1,
phase18n_megadescriptor_l_384_blind_0387,outputs/final_freeze/lynx-wild/images/czechlynx_1562__p16e_028527.jpg,outputs/final_freeze/lynx-wild/images/czechlynx_1633__p16e_028523.jpg,,,,,,reviewer_1,
phase18n_megadescriptor_l_384_blind_0388,outputs/final_freeze/lynx-wild/images/czechlynx_1619__p16e_028365.jpg,outputs/final_freeze/lynx-wild/images/czechlynx_1542__p16e_028406.jpg,,,,,,reviewer_1,
phase18n_megadescriptor_l_384_blind_0389,outputs/final_freeze/lynx-wild/images/czechlynx_2089__p16e_024848.jpg,outputs/final_freeze/lynx-wild/images/czechlynx_2095__p16e_024847.jpg,,,,,,reviewer_1,
phase18n_megadescriptor_l_384_blind_0390,outputs/final_freeze/lynx-wild/images/czechlynx_1940__p16e_028174.jpg,outputs/final_freeze/lynx-wild/images/czechlynx_2112__p16e_028181.jpg,,,,,,reviewer_1,
phase18n_megadescriptor_l_384_blind_0391,outputs/final_freeze/lynx-wild/images/czechlynx_2760__p16e_044407.jpg,outputs/final_freeze/lynx-wild/images/czechlynx_1949__p16e_028387.jpg,,,,,,reviewer_1,
phase18n_megadescriptor_l_384_blind_0392,outputs/final_freeze/lynx-wild/images/czechlynx_2009__p16e_007821.jpg,outputs/final_freeze/lynx-wild/images/czechlynx_2317__p16e_007827.jpg,,,,,,reviewer_1,
phase18n_megadescriptor_l_384_blind_0393,outputs/final_freeze/lynx-wild/images/czechlynx_1865__p16e_028158.jpg,outputs/final_freeze/lynx-wild/images/czechlynx_1838__p16e_028176.jpg,,,,,,reviewer_1,
phase18n_megadescriptor_l_384_blind_0394,outputs/final_freeze/lynx-wild/images/czechlynx_1748__p16e_028381.jpg,outputs/final_freeze/lynx-wild/images/czechlynx_1622__p16e_028263.jpg,,,,,,reviewer_1,
phase18n_megadescriptor_l_384_blind_0395,outputs/final_freeze/lynx-wild/images/czechlynx_1986__p16e_028182.jpg,outputs/final_freeze/lynx-wild/images/czechlynx_1780__p16e_028465.jpg,,,,,,reviewer_1,
phase18n_megadescriptor_l_384_blind_0396,outputs/final_freeze/lynx-wild/images/czechlynx_2871__p16e_043339.jpg,outputs/final_freeze/lynx-wild/images/czechlynx_2372__p16e_034347.jpg,,,,,,reviewer_1,
phase18n_megadescriptor_l_384_blind_0397,outputs/final_freeze/lynx-wild/images/czechlynx_1619__p16e_028365.jpg,outputs/final_freeze/lynx-wild/images/czechlynx_2097__p16e_028393.jpg,,,,,,reviewer_1,
phase18n_megadescriptor_l_384_blind_0398,outputs/final_freeze/lynx-wild/images/czechlynx_1778__p16e_028357.jpg,outputs/final_freeze/lynx-wild/images/czechlynx_1722__p16e_028187.jpg,,,,,,reviewer_1,
phase18n_megadescriptor_l_384_blind_0399,outputs/final_freeze/lynx-wild/images/czechlynx_2695__p16e_037602.jpg,outputs/final_freeze/lynx-wild/images/czechlynx_1872__p16e_045215.jpg,,,,,,reviewer_1,
phase18n_megadescriptor_l_384_blind_0400,outputs/final_freeze/lynx-wild/images/czechlynx_2591__p16e_043470.jpg,outputs/final_freeze/lynx-wild/images/czechlynx_2817__p16e_044124.jpg,,,,,,reviewer_1,
phase18n_megadescriptor_l_384_blind_0401,outputs/final_freeze/lynx-wild/images/czechlynx_2247__p16e_028198.jpg,outputs/final_freeze/lynx-wild/images/czechlynx_1813__p16e_028275.jpg,,,,,,reviewer_1,
phase18n_megadescriptor_l_384_blind_0402,outputs/final_freeze/lynx-wild/images/czechlynx_1278__p16e_045908.jpg,outputs/final_freeze/lynx-wild/images/czechlynx_2096__p16e_043693.jpg,,,,,,reviewer_1,
phase18n_megadescriptor_l_384_blind_0403,outputs/final_freeze/lynx-wild/images/czechlynx_2467__p16e_040860.jpg,outputs/final_freeze/lynx-wild/images/czechlynx_2355__p16e_040691.jpg,,,,,,reviewer_1,
phase18n_megadescriptor_l_384_blind_0404,outputs/final_freeze/lynx-wild/images/czechlynx_2923__p16e_024895.jpg,outputs/final_freeze/lynx-wild/images/czechlynx_2298__p16e_025959.jpg,,,,,,reviewer_1,
phase18n_megadescriptor_l_384_blind_0405,outputs/final_freeze/lynx-wild/images/czechlynx_1761__p16e_028442.jpg,outputs/final_freeze/lynx-wild/images/czechlynx_1618__p16e_028524.jpg,,,,,,reviewer_1,
phase18n_megadescriptor_l_384_blind_0406,outputs/final_freeze/lynx-wild/images/czechlynx_1681__p16e_028037.jpg,outputs/final_freeze/lynx-wild/images/czechlynx_2545__p16e_017286.jpg,,,,,,reviewer_1,
phase18n_megadescriptor_l_384_blind_0407,outputs/final_freeze/lynx-wild/images/czechlynx_1776__p16e_032539.jpg,outputs/final_freeze/lynx-wild/images/czechlynx_2153__p16e_019221.jpg,,,,,,reviewer_1,
phase18n_megadescriptor_l_384_blind_0408,outputs/final_freeze/lynx-wild/images/czechlynx_1471__p16e_028378.jpg,outputs/final_freeze/lynx-wild/images/czechlynx_1856__p16e_028343.jpg,,,,,,reviewer_1,
phase18n_megadescriptor_l_384_blind_0409,outputs/final_freeze/lynx-wild/images/czechlynx_1301__p16e_028554.jpg,outputs/final_freeze/lynx-wild/images/czechlynx_1490__p16e_028413.jpg,,,,,,reviewer_1,
phase18n_megadescriptor_l_384_blind_0410,outputs/final_freeze/lynx-wild/images/czechlynx_1645__p16e_028501.jpg,outputs/final_freeze/lynx-wild/images/czechlynx_1936__p16e_028390.jpg,,,,,,reviewer_1,
phase18n_megadescriptor_l_384_blind_0411,outputs/final_freeze/lynx-wild/images/czechlynx_2268__p16e_008636.jpg,outputs/final_freeze/lynx-wild/images/czechlynx_2926__p16e_025067.jpg,,,,,,reviewer_1,
phase18n_megadescriptor_l_384_blind_0412,outputs/final_freeze/lynx-wild/images/czechlynx_2489__p16e_034265.jpg,outputs/final_freeze/lynx-wild/images/czechlynx_2902__p16e_043263.jpg,,,,,,reviewer_1,
phase18n_megadescriptor_l_384_blind_0413,outputs/final_freeze/lynx-wild/images/czechlynx_1860__p16e_039109.jpg,outputs/final_freeze/lynx-wild/images/czechlynx_1566__p16e_036515.jpg,,,,,,reviewer_1,
phase18n_megadescriptor_l_384_blind_0414,outputs/final_freeze/lynx-wild/images/czechlynx_1542__p16e_028406.jpg,outputs/final_freeze/lynx-wild/images/czechlynx_2097__p16e_028393.jpg,,,,,,reviewer_1,
phase18n_megadescriptor_l_384_blind_0415,outputs/final_freeze/lynx-wild/images/czechlynx_2975__p16e_035617.jpg,outputs/final_freeze/lynx-wild/images/czechlynx_2424__p16e_036609.jpg,,,,,,reviewer_1,
phase18n_megadescriptor_l_384_blind_0416,outputs/final_freeze/lynx-wild/images/czechlynx_1768__p16e_028314.jpg,outputs/final_freeze/lynx-wild/images/czechlynx_1581__p16e_028302.jpg,,,,,,reviewer_1,
phase18n_megadescriptor_l_384_blind_0417,outputs/final_freeze/lynx-wild/images/czechlynx_1367__p16e_028380.jpg,outputs/final_freeze/lynx-wild/images/czechlynx_1779__p16e_028348.jpg,,,,,,reviewer_1,
phase18n_megadescriptor_l_384_blind_0418,outputs/final_freeze/lynx-wild/images/czechlynx_1838__p16e_028176.jpg,outputs/final_freeze/lynx-wild/images/czechlynx_1856__p16e_028343.jpg,,,,,,reviewer_1,
phase18n_megadescriptor_l_384_blind_0419,outputs/final_freeze/lynx-wild/images/czechlynx_2044__p16e_043670.jpg,outputs/final_freeze/lynx-wild/images/czechlynx_1952__p16e_044198.jpg,,,,,,reviewer_1,
phase18n_megadescriptor_l_384_blind_0420,outputs/final_freeze/lynx-wild/images/czechlynx_1341__p16e_028144.jpg,outputs/final_freeze/lynx-wild/images/czechlynx_1308__p16e_028499.jpg,,,,,,reviewer_1,
phase18n_megadescriptor_l_384_blind_0421,outputs/final_freeze/lynx-wild/images/czechlynx_2426__p16e_044049.jpg,outputs/final_freeze/lynx-wild/images/czechlynx_2228__p16e_034342.jpg,,,,,,reviewer_1,
phase18n_megadescriptor_l_384_blind_0422,outputs/final_freeze/lynx-wild/images/czechlynx_1490__p16e_028413.jpg,outputs/final_freeze/lynx-wild/images/czechlynx_1633__p16e_028523.jpg,,,,,,reviewer_1,
phase18n_megadescriptor_l_384_blind_0423,outputs/final_freeze/lynx-wild/images/czechlynx_2877__p16e_013419.jpg,outputs/final_freeze/lynx-wild/images/czechlynx_1351__p16e_019022.jpg,,,,,,reviewer_1,
phase18n_megadescriptor_l_384_blind_0424,outputs/final_freeze/lynx-wild/images/czechlynx_1905__p16e_028415.jpg,outputs/final_freeze/lynx-wild/images/czechlynx_1858__p16e_028456.jpg,,,,,,reviewer_1,
phase18n_megadescriptor_l_384_blind_0425,outputs/final_freeze/lynx-wild/images/czechlynx_2613__p16e_006767.jpg,outputs/final_freeze/lynx-wild/images/czechlynx_1612__p16e_006774.jpg,,,,,,reviewer_1,
phase18n_megadescriptor_l_384_blind_0426,outputs/final_freeze/lynx-wild/images/czechlynx_1749__p16e_028567.jpg,outputs/final_freeze/lynx-wild/images/czechlynx_1760__p16e_028152.jpg,,,,,,reviewer_1,
phase18n_megadescriptor_l_384_blind_0427,outputs/final_freeze/lynx-wild/images/czechlynx_2426__p16e_044049.jpg,outputs/final_freeze/lynx-wild/images/czechlynx_2559__p16e_036509.jpg,,,,,,reviewer_1,
phase18n_megadescriptor_l_384_blind_0428,outputs/final_freeze/lynx-wild/images/czechlynx_1816__p16e_028435.jpg,outputs/final_freeze/lynx-wild/images/czechlynx_1389__p16e_028508.jpg,,,,,,reviewer_1,
phase18n_megadescriptor_l_384_blind_0429,outputs/final_freeze/lynx-wild/images/czechlynx_1581__p16e_028302.jpg,outputs/final_freeze/lynx-wild/images/czechlynx_1792__p16e_028313.jpg,,,,,,reviewer_1,
phase18n_megadescriptor_l_384_blind_0430,outputs/final_freeze/lynx-wild/images/czechlynx_2489__p16e_034265.jpg,outputs/final_freeze/lynx-wild/images/czechlynx_2771__p16e_045581.jpg,,,,,,reviewer_1,
phase18n_megadescriptor_l_384_blind_0431,outputs/final_freeze/lynx-wild/images/czechlynx_2797__p16e_044125.jpg,outputs/final_freeze/lynx-wild/images/czechlynx_1443__p16e_044586.jpg,,,,,,reviewer_1,
phase18n_megadescriptor_l_384_blind_0432,outputs/final_freeze/lynx-wild/images/czechlynx_2846__p16e_036195.jpg,outputs/final_freeze/lynx-wild/images/czechlynx_1440__p16e_020433.jpg,,,,,,reviewer_1,
phase18n_megadescriptor_l_384_blind_0433,outputs/final_freeze/lynx-wild/images/czechlynx_1598__p16e_039724.jpg,outputs/final_freeze/lynx-wild/images/czechlynx_1968__p16e_045313.jpg,,,,,,reviewer_1,
phase18n_megadescriptor_l_384_blind_0434,outputs/final_freeze/lynx-wild/images/czechlynx_2485__p16e_024874.jpg,outputs/final_freeze/lynx-wild/images/czechlynx_2084__p16e_024890.jpg,,,,,,reviewer_1,
phase18n_megadescriptor_l_384_blind_0435,outputs/final_freeze/lynx-wild/images/czechlynx_2034__p16e_028334.jpg,outputs/final_freeze/lynx-wild/images/czechlynx_1987__p16e_028335.jpg,,,,,,reviewer_1,
phase18n_megadescriptor_l_384_blind_0436,outputs/final_freeze/lynx-wild/images/czechlynx_2317__p16e_007827.jpg,outputs/final_freeze/lynx-wild/images/czechlynx_2652__p16e_006764.jpg,,,,,,reviewer_1,
phase18n_megadescriptor_l_384_blind_0437,outputs/final_freeze/lynx-wild/images/czechlynx_2095__p16e_024847.jpg,outputs/final_freeze/lynx-wild/images/czechlynx_2089__p16e_024848.jpg,,,,,,reviewer_1,
phase18n_megadescriptor_l_384_blind_0438,outputs/final_freeze/lynx-wild/images/czechlynx_1980__p16e_028180.jpg,outputs/final_freeze/lynx-wild/images/czechlynx_1790__p16e_028356.jpg,,,,,,reviewer_1,
phase18n_megadescriptor_l_384_blind_0439,outputs/final_freeze/lynx-wild/images/czechlynx_2342__p16e_028566.jpg,outputs/final_freeze/lynx-wild/images/czechlynx_1813__p16e_028275.jpg,,,,,,reviewer_1,
phase18n_megadescriptor_l_384_blind_0440,outputs/final_freeze/lynx-wild/images/czechlynx_1479__p16e_033045.jpg,outputs/final_freeze/lynx-wild/images/czechlynx_1374__p16e_033046.jpg,,,,,,reviewer_1,
phase18n_megadescriptor_l_384_blind_0441,outputs/final_freeze/lynx-wild/images/czechlynx_2672__p16e_028658.jpg,outputs/final_freeze/lynx-wild/images/czechlynx_2766__p16e_039801.jpg,,,,,,reviewer_1,
phase18n_megadescriptor_l_384_blind_0442,outputs/final_freeze/lynx-wild/images/czechlynx_2582__p16e_042996.jpg,outputs/final_freeze/lynx-wild/images/czechlynx_2641__p16e_044873.jpg,,,,,,reviewer_1,
phase18n_megadescriptor_l_384_blind_0443,outputs/final_freeze/lynx-wild/images/czechlynx_1879__p16e_044205.jpg,outputs/final_freeze/lynx-wild/images/czechlynx_2636__p16e_016181.jpg,,,,,,reviewer_1,
phase18n_megadescriptor_l_384_blind_0444,outputs/final_freeze/lynx-wild/images/czechlynx_2694__p16e_042582.jpg,outputs/final_freeze/lynx-wild/images/czechlynx_1766__p16e_044740.jpg,,,,,,reviewer_1,
phase18n_megadescriptor_l_384_blind_0445,outputs/final_freeze/lynx-wild/images/czechlynx_1650__p16e_028366.jpg,outputs/final_freeze/lynx-wild/images/czechlynx_1844__p16e_028324.jpg,,,,,,reviewer_1,
phase18n_megadescriptor_l_384_blind_0446,outputs/final_freeze/lynx-wild/images/czechlynx_1875__p16e_028273.jpg,outputs/final_freeze/lynx-wild/images/czechlynx_1800__p16e_028171.jpg,,,,,,reviewer_1,
phase18n_megadescriptor_l_384_blind_0447,outputs/final_freeze/lynx-wild/images/czechlynx_2982__p16e_030718.jpg,outputs/final_freeze/lynx-wild/images/czechlynx_2908__p16e_041013.jpg,,,,,,reviewer_1,
phase18n_megadescriptor_l_384_blind_0448,outputs/final_freeze/lynx-wild/images/czechlynx_1298__p16e_028538.jpg,outputs/final_freeze/lynx-wild/images/czechlynx_1366__p16e_028516.jpg,,,,,,reviewer_1,
phase18n_megadescriptor_l_384_blind_0449,outputs/final_freeze/lynx-wild/images/czechlynx_2757__p16e_043694.jpg,outputs/final_freeze/lynx-wild/images/czechlynx_2194__p16e_034341.jpg,,,,,,reviewer_1,
phase18n_megadescriptor_l_384_blind_0450,outputs/final_freeze/lynx-wild/images/czechlynx_1353__p16e_042049.jpg,outputs/final_freeze/lynx-wild/images/czechlynx_2694__p16e_042582.jpg,,,,,,reviewer_1,
phase18n_megadescriptor_l_384_blind_0451,outputs/final_freeze/lynx-wild/images/czechlynx_1768__p16e_028314.jpg,outputs/final_freeze/lynx-wild/images/czechlynx_1792__p16e_028313.jpg,,,,,,reviewer_1,
phase18n_megadescriptor_l_384_blind_0452,outputs/final_freeze/lynx-wild/images/czechlynx_1480__p16e_032537.jpg,outputs/final_freeze/lynx-wild/images/czechlynx_2586__p16e_021009.jpg,,,,,,reviewer_1,
phase18n_megadescriptor_l_384_blind_0453,outputs/final_freeze/lynx-wild/images/czechlynx_2101__p16e_043454.jpg,outputs/final_freeze/lynx-wild/images/czechlynx_2473__p16e_034770.jpg,,,,,,reviewer_1,
phase18n_megadescriptor_l_384_blind_0454,outputs/final_freeze/lynx-wild/images/czechlynx_1421__p16e_028372.jpg,outputs/final_freeze/lynx-wild/images/czechlynx_1688__p16e_028252.jpg,,,,,,reviewer_1,
phase18n_megadescriptor_l_384_blind_0455,outputs/final_freeze/lynx-wild/images/czechlynx_1957__p16e_028461.jpg,outputs/final_freeze/lynx-wild/images/czechlynx_1408__p16e_028250.jpg,,,,,,reviewer_1,
phase18n_megadescriptor_l_384_blind_0456,outputs/final_freeze/lynx-wild/images/czechlynx_1552__p16e_028436.jpg,outputs/final_freeze/lynx-wild/images/czechlynx_1490__p16e_028413.jpg,,,,,,reviewer_1,
phase18n_megadescriptor_l_384_blind_0457,outputs/final_freeze/lynx-wild/images/czechlynx_1865__p16e_028158.jpg,outputs/final_freeze/lynx-wild/images/czechlynx_1790__p16e_028356.jpg,,,,,,reviewer_1,
phase18n_megadescriptor_l_384_blind_0458,outputs/final_freeze/lynx-wild/images/czechlynx_1355__p16e_028515.jpg,outputs/final_freeze/lynx-wild/images/czechlynx_1324__p16e_028504.jpg,,,,,,reviewer_1,
phase18n_megadescriptor_l_384_blind_0459,outputs/final_freeze/lynx-wild/images/czechlynx_2982__p16e_030718.jpg,outputs/final_freeze/lynx-wild/images/czechlynx_2883__p16e_030622.jpg,,,,,,reviewer_1,
phase18n_megadescriptor_l_384_blind_0460,outputs/final_freeze/lynx-wild/images/czechlynx_2125__p16e_028130.jpg,outputs/final_freeze/lynx-wild/images/czechlynx_1684__p16e_028403.jpg,,,,,,reviewer_1,
phase18n_megadescriptor_l_384_blind_0461,outputs/final_freeze/lynx-wild/images/czechlynx_1774__p16e_028156.jpg,outputs/final_freeze/lynx-wild/images/czechlynx_1525__p16e_028376.jpg,,,,,,reviewer_1,
phase18n_megadescriptor_l_384_blind_0462,outputs/final_freeze/lynx-wild/images/czechlynx_2342__p16e_028566.jpg,outputs/final_freeze/lynx-wild/images/czechlynx_2126__p16e_028327.jpg,,,,,,reviewer_1,
phase18n_megadescriptor_l_384_blind_0463,outputs/final_freeze/lynx-wild/images/czechlynx_2622__p16e_044942.jpg,outputs/final_freeze/lynx-wild/images/czechlynx_2410__p16e_044048.jpg,,,,,,reviewer_1,
phase18n_megadescriptor_l_384_blind_0464,outputs/final_freeze/lynx-wild/images/czechlynx_2596__p16e_045632.jpg,outputs/final_freeze/lynx-wild/images/czechlynx_2344__p16e_036341.jpg,,,,,,reviewer_1,
phase18n_megadescriptor_l_384_blind_0465,outputs/final_freeze/lynx-wild/images/czechlynx_1633__p16e_028523.jpg,outputs/final_freeze/lynx-wild/images/czechlynx_1490__p16e_028413.jpg,,,,,,reviewer_1,
phase18n_megadescriptor_l_384_blind_0466,outputs/final_freeze/lynx-wild/images/czechlynx_1709__p16e_028469.jpg,outputs/final_freeze/lynx-wild/images/czechlynx_1957__p16e_028461.jpg,,,,,,reviewer_1,
phase18n_megadescriptor_l_384_blind_0467,outputs/final_freeze/lynx-wild/images/czechlynx_1738__p16e_028408.jpg,outputs/final_freeze/lynx-wild/images/czechlynx_1530__p16e_028318.jpg,,,,,,reviewer_1,
phase18n_megadescriptor_l_384_blind_0468,outputs/final_freeze/lynx-wild/images/czechlynx_1748__p16e_028381.jpg,outputs/final_freeze/lynx-wild/images/czechlynx_1732__p16e_028472.jpg,,,,,,reviewer_1,
phase18n_megadescriptor_l_384_blind_0469,outputs/final_freeze/lynx-wild/images/czechlynx_1619__p16e_028365.jpg,outputs/final_freeze/lynx-wild/images/czechlynx_1591__p16e_028364.jpg,,,,,,reviewer_1,
phase18n_megadescriptor_l_384_blind_0470,outputs/final_freeze/lynx-wild/images/czechlynx_2567__p16e_042910.jpg,outputs/final_freeze/lynx-wild/images/czechlynx_1464__p16e_037608.jpg,,,,,,reviewer_1,
phase18n_megadescriptor_l_384_blind_0471,outputs/final_freeze/lynx-wild/images/czechlynx_1778__p16e_028357.jpg,outputs/final_freeze/lynx-wild/images/czechlynx_1389__p16e_028508.jpg,,,,,,reviewer_1,
phase18n_megadescriptor_l_384_blind_0472,outputs/final_freeze/lynx-wild/images/czechlynx_2591__p16e_043470.jpg,outputs/final_freeze/lynx-wild/images/czechlynx_2360__p16e_042546.jpg,,,,,,reviewer_1,
phase18n_megadescriptor_l_384_blind_0473,outputs/final_freeze/lynx-wild/images/czechlynx_2918__p16e_006844.jpg,outputs/final_freeze/lynx-wild/images/czechlynx_2402__p16e_007828.jpg,,,,,,reviewer_1,
phase18n_megadescriptor_l_384_blind_0474,outputs/final_freeze/lynx-wild/images/czechlynx_1550__p16e_042522.jpg,outputs/final_freeze/lynx-wild/images/czechlynx_1498__p16e_042521.jpg,,,,,,reviewer_1,
phase18n_megadescriptor_l_384_blind_0475,outputs/final_freeze/lynx-wild/images/czechlynx_2792__p16e_028779.jpg,outputs/final_freeze/lynx-wild/images/czechlynx_2496__p16e_028782.jpg,,,,,,reviewer_1,
phase18n_megadescriptor_l_384_blind_0476,outputs/final_freeze/lynx-wild/images/czechlynx_2331__p16e_045945.jpg,outputs/final_freeze/lynx-wild/images/czechlynx_2863__p16e_041655.jpg,,,,,,reviewer_1,
phase18n_megadescriptor_l_384_blind_0477,outputs/final_freeze/lynx-wild/images/czechlynx_2975__p16e_035617.jpg,outputs/final_freeze/lynx-wild/images/czechlynx_2348__p16e_037607.jpg,,,,,,reviewer_1,
phase18n_megadescriptor_l_384_blind_0478,outputs/final_freeze/lynx-wild/images/czechlynx_1888__p16e_028243.jpg,outputs/final_freeze/lynx-wild/images/czechlynx_1918__p16e_028215.jpg,,,,,,reviewer_1,
phase18n_megadescriptor_l_384_blind_0479,outputs/final_freeze/lynx-wild/images/czechlynx_1298__p16e_028538.jpg,outputs/final_freeze/lynx-wild/images/czechlynx_1749__p16e_028567.jpg,,,,,,reviewer_1,
phase18n_megadescriptor_l_384_blind_0480,outputs/final_freeze/lynx-wild/images/czechlynx_2496__p16e_028782.jpg,outputs/final_freeze/lynx-wild/images/czechlynx_2822__p16e_028814.jpg,,,,,,reviewer_1,
phase18n_megadescriptor_l_384_blind_0481,outputs/final_freeze/lynx-wild/images/czechlynx_1521__p16e_028316.jpg,outputs/final_freeze/lynx-wild/images/czechlynx_1473__p16e_028281.jpg,,,,,,reviewer_1,
phase18n_megadescriptor_l_384_blind_0482,outputs/final_freeze/lynx-wild/images/czechlynx_1910__p16e_028454.jpg,outputs/final_freeze/lynx-wild/images/czechlynx_1732__p16e_028472.jpg,,,,,,reviewer_1,
phase18n_megadescriptor_l_384_blind_0483,outputs/final_freeze/lynx-wild/images/czechlynx_1758__p16e_028164.jpg,outputs/final_freeze/lynx-wild/images/czechlynx_1590__p16e_028168.jpg,,,,,,reviewer_1,
phase18n_megadescriptor_l_384_blind_0484,outputs/final_freeze/lynx-wild/images/czechlynx_2591__p16e_043470.jpg,outputs/final_freeze/lynx-wild/images/czechlynx_2831__p16e_044587.jpg,,,,,,reviewer_1,
phase18n_megadescriptor_l_384_blind_0485,outputs/final_freeze/lynx-wild/images/czechlynx_1673__p16e_029920.jpg,outputs/final_freeze/lynx-wild/images/czechlynx_1587__p16e_028517.jpg,,,,,,reviewer_1,
phase18n_megadescriptor_l_384_blind_0486,outputs/final_freeze/lynx-wild/images/czechlynx_2807__p16e_028643.jpg,outputs/final_freeze/lynx-wild/images/czechlynx_1630__p16e_015666.jpg,,,,,,reviewer_1,
phase18n_megadescriptor_l_384_blind_0487,outputs/final_freeze/lynx-wild/images/czechlynx_1604__p16e_014115.jpg,outputs/final_freeze/lynx-wild/images/czechlynx_2338__p16e_010427.jpg,,,,,,reviewer_1,
phase18n_megadescriptor_l_384_blind_0488,outputs/final_freeze/lynx-wild/images/czechlynx_2523__p16e_044194.jpg,outputs/final_freeze/lynx-wild/images/czechlynx_2577__p16e_042254.jpg,,,,,,reviewer_1,
phase18n_megadescriptor_l_384_blind_0489,outputs/final_freeze/lynx-wild/images/czechlynx_1672__p16e_028358.jpg,outputs/final_freeze/lynx-wild/images/czechlynx_1280__p16e_028453.jpg,,,,,,reviewer_1,
phase18n_megadescriptor_l_384_blind_0490,outputs/final_freeze/lynx-wild/images/czechlynx_1672__p16e_028358.jpg,outputs/final_freeze/lynx-wild/images/czechlynx_1405__p16e_028512.jpg,,,,,,reviewer_1,
phase18n_megadescriptor_l_384_blind_0491,outputs/final_freeze/lynx-wild/images/czechlynx_1618__p16e_028524.jpg,outputs/final_freeze/lynx-wild/images/czechlynx_1587__p16e_028517.jpg,,,,,,reviewer_1,
phase18n_megadescriptor_l_384_blind_0492,outputs/final_freeze/lynx-wild/images/czechlynx_2533__p16e_006779.jpg,outputs/final_freeze/lynx-wild/images/czechlynx_2009__p16e_007821.jpg,,,,,,reviewer_1,
phase18n_megadescriptor_l_384_blind_0493,outputs/final_freeze/lynx-wild/images/czechlynx_1879__p16e_044205.jpg,outputs/final_freeze/lynx-wild/images/czechlynx_2433__p16e_014098.jpg,,,,,,reviewer_1,
phase18n_megadescriptor_l_384_blind_0494,outputs/final_freeze/lynx-wild/images/czechlynx_1834__p16e_028141.jpg,outputs/final_freeze/lynx-wild/images/czechlynx_2091__p16e_028463.jpg,,,,,,reviewer_1,
phase18n_megadescriptor_l_384_blind_0495,outputs/final_freeze/lynx-wild/images/czechlynx_2104__p16e_028388.jpg,outputs/final_freeze/lynx-wild/images/czechlynx_2029__p16e_028383.jpg,,,,,,reviewer_1,
phase18n_megadescriptor_l_384_blind_0496,outputs/final_freeze/lynx-wild/images/czechlynx_1833__p16e_028145.jpg,outputs/final_freeze/lynx-wild/images/czechlynx_1713__p16e_028518.jpg,,,,,,reviewer_1,
phase18n_megadescriptor_l_384_blind_0497,outputs/final_freeze/lynx-wild/images/czechlynx_1418__p16e_026830.jpg,outputs/final_freeze/lynx-wild/images/czechlynx_1481__p16e_034376.jpg,,,,,,reviewer_1,
phase18n_megadescriptor_l_384_blind_0498,outputs/final_freeze/lynx-wild/images/czechlynx_2521__p16e_035354.jpg,outputs/final_freeze/lynx-wild/images/czechlynx_1522__p16e_040725.jpg,,,,,,reviewer_1,
phase18n_megadescriptor_l_384_blind_0499,outputs/final_freeze/lynx-wild/images/czechlynx_1555__p16e_028049.jpg,outputs/final_freeze/lynx-wild/images/czechlynx_1682__p16e_028355.jpg,,,,,,reviewer_1,
phase18n_megadescriptor_l_384_blind_0500,outputs/final_freeze/lynx-wild/images/czechlynx_2797__p16e_044125.jpg,outputs/final_freeze/lynx-wild/images/czechlynx_2843__p16e_039764.jpg,,,,,,reviewer_1,
phase18n_megadescriptor_l_384_blind_0501,outputs/final_freeze/lynx-wild/images/czechlynx_1826__p16e_028417.jpg,outputs/final_freeze/lynx-wild/images/czechlynx_1761__p16e_028442.jpg,,,,,,reviewer_1,
phase18n_megadescriptor_l_384_blind_0502,outputs/final_freeze/lynx-wild/images/czechlynx_2421__p16e_044880.jpg,outputs/final_freeze/lynx-wild/images/czechlynx_2983__p16e_044398.jpg,,,,,,reviewer_1,
phase18n_megadescriptor_l_384_blind_0503,outputs/final_freeze/lynx-wild/images/czechlynx_2774__p16e_008367.jpg,outputs/final_freeze/lynx-wild/images/czechlynx_2040__p16e_044173.jpg,,,,,,reviewer_1,
phase18n_megadescriptor_l_384_blind_0504,outputs/final_freeze/lynx-wild/images/czechlynx_1949__p16e_028387.jpg,outputs/final_freeze/lynx-wild/images/czechlynx_1548__p16e_028405.jpg,,,,,,reviewer_1,
phase18n_megadescriptor_l_384_blind_0505,outputs/final_freeze/lynx-wild/images/czechlynx_1413__p16e_024496.jpg,outputs/final_freeze/lynx-wild/images/czechlynx_2279__p16e_020440.jpg,,,,,,reviewer_1,
phase18n_megadescriptor_l_384_blind_0506,outputs/final_freeze/lynx-wild/images/czechlynx_2757__p16e_043694.jpg,outputs/final_freeze/lynx-wild/images/czechlynx_2130__p16e_045596.jpg,,,,,,reviewer_1,
phase18n_megadescriptor_l_384_blind_0507,outputs/final_freeze/lynx-wild/images/czechlynx_2463__p16e_045905.jpg,outputs/final_freeze/lynx-wild/images/czechlynx_2360__p16e_042546.jpg,,,,,,reviewer_1,
phase18n_megadescriptor_l_384_blind_0508,outputs/final_freeze/lynx-wild/images/czechlynx_2591__p16e_043470.jpg,outputs/final_freeze/lynx-wild/images/czechlynx_2375__p16e_040190.jpg,,,,,,reviewer_1,
phase18n_megadescriptor_l_384_blind_0509,outputs/final_freeze/lynx-wild/images/czechlynx_1671__p16e_028231.jpg,outputs/final_freeze/lynx-wild/images/czechlynx_1645__p16e_028501.jpg,,,,,,reviewer_1,
phase18n_megadescriptor_l_384_blind_0510,outputs/final_freeze/lynx-wild/images/czechlynx_2748__p16e_045026.jpg,outputs/final_freeze/lynx-wild/images/czechlynx_2080__p16e_039978.jpg,,,,,,reviewer_1,
phase18n_megadescriptor_l_384_blind_0511,outputs/final_freeze/lynx-wild/images/czechlynx_1875__p16e_028273.jpg,outputs/final_freeze/lynx-wild/images/czechlynx_1808__p16e_028293.jpg,,,,,,reviewer_1,
phase18n_megadescriptor_l_384_blind_0512,outputs/final_freeze/lynx-wild/images/czechlynx_1311__p16e_028449.jpg,outputs/final_freeze/lynx-wild/images/czechlynx_1826__p16e_028417.jpg,,,,,,reviewer_1,
phase18n_megadescriptor_l_384_blind_0513,outputs/final_freeze/lynx-wild/images/czechlynx_2673__p16e_044129.jpg,outputs/final_freeze/lynx-wild/images/czechlynx_2236__p16e_045033.jpg,,,,,,reviewer_1,
phase18n_megadescriptor_l_384_blind_0514,outputs/final_freeze/lynx-wild/images/czechlynx_2484__p16e_044849.jpg,outputs/final_freeze/lynx-wild/images/czechlynx_1567__p16e_038628.jpg,,,,,,reviewer_1,
phase18n_megadescriptor_l_384_blind_0515,outputs/final_freeze/lynx-wild/images/czechlynx_1561__p16e_028169.jpg,outputs/final_freeze/lynx-wild/images/czechlynx_1986__p16e_028182.jpg,,,,,,reviewer_1,
phase18n_megadescriptor_l_384_blind_0516,outputs/final_freeze/lynx-wild/images/czechlynx_1978__p16e_024500.jpg,outputs/final_freeze/lynx-wild/images/czechlynx_1326__p16e_024497.jpg,,,,,,reviewer_1,
phase18n_megadescriptor_l_384_blind_0517,outputs/final_freeze/lynx-wild/images/czechlynx_2131__p16e_045629.jpg,outputs/final_freeze/lynx-wild/images/czechlynx_2166__p16e_039800.jpg,,,,,,reviewer_1,
phase18n_megadescriptor_l_384_blind_0518,outputs/final_freeze/lynx-wild/images/czechlynx_1478__p16e_045874.jpg,outputs/final_freeze/lynx-wild/images/czechlynx_1512__p16e_045672.jpg,,,,,,reviewer_1,
phase18n_megadescriptor_l_384_blind_0519,outputs/final_freeze/lynx-wild/images/czechlynx_1638__p16e_028377.jpg,outputs/final_freeze/lynx-wild/images/czechlynx_1909__p16e_028285.jpg,,,,,,reviewer_1,
phase18n_megadescriptor_l_384_blind_0520,outputs/final_freeze/lynx-wild/images/czechlynx_1983__p16e_028416.jpg,outputs/final_freeze/lynx-wild/images/czechlynx_1867__p16e_028159.jpg,,,,,,reviewer_1,
phase18n_megadescriptor_l_384_blind_0521,outputs/final_freeze/lynx-wild/images/czechlynx_2426__p16e_044049.jpg,outputs/final_freeze/lynx-wild/images/czechlynx_2360__p16e_042546.jpg,,,,,,reviewer_1,
phase18n_megadescriptor_l_384_blind_0522,outputs/final_freeze/lynx-wild/images/czechlynx_2809__p16e_045355.jpg,outputs/final_freeze/lynx-wild/images/czechlynx_2080__p16e_039978.jpg,,,,,,reviewer_1,
phase18n_megadescriptor_l_384_blind_0523,outputs/final_freeze/lynx-wild/images/czechlynx_1829__p16e_028400.jpg,outputs/final_freeze/lynx-wild/images/czechlynx_1917__p16e_028329.jpg,,,,,,reviewer_1,
phase18n_megadescriptor_l_384_blind_0524,outputs/final_freeze/lynx-wild/images/czechlynx_2026__p16e_024651.jpg,outputs/final_freeze/lynx-wild/images/czechlynx_1369__p16e_024494.jpg,,,,,,reviewer_1,
phase18n_megadescriptor_l_384_blind_0525,outputs/final_freeze/lynx-wild/images/czechlynx_1590__p16e_028168.jpg,outputs/final_freeze/lynx-wild/images/czechlynx_2007__p16e_028157.jpg,,,,,,reviewer_1,
phase18n_megadescriptor_l_384_blind_0526,outputs/final_freeze/lynx-wild/images/czechlynx_2817__p16e_044124.jpg,outputs/final_freeze/lynx-wild/images/czechlynx_2375__p16e_040190.jpg,,,,,,reviewer_1,
phase18n_megadescriptor_l_384_blind_0527,outputs/final_freeze/lynx-wild/images/czechlynx_2352__p16e_033596.jpg,outputs/final_freeze/lynx-wild/images/czechlynx_2058__p16e_042193.jpg,,,,,,reviewer_1,
phase18n_megadescriptor_l_384_blind_0528,outputs/final_freeze/lynx-wild/images/czechlynx_1684__p16e_028403.jpg,outputs/final_freeze/lynx-wild/images/czechlynx_1904__p16e_028344.jpg,,,,,,reviewer_1,
phase18n_megadescriptor_l_384_blind_0529,outputs/final_freeze/lynx-wild/images/czechlynx_1595__p16e_028407.jpg,outputs/final_freeze/lynx-wild/images/czechlynx_1628__p16e_028375.jpg,,,,,,reviewer_1,
phase18n_megadescriptor_l_384_blind_0530,outputs/final_freeze/lynx-wild/images/czechlynx_1311__p16e_028449.jpg,outputs/final_freeze/lynx-wild/images/czechlynx_1587__p16e_028517.jpg,,,,,,reviewer_1,
phase18n_megadescriptor_l_384_blind_0531,outputs/final_freeze/lynx-wild/images/czechlynx_2145__p16e_044230.jpg,outputs/final_freeze/lynx-wild/images/czechlynx_2238__p16e_044226.jpg,,,,,,reviewer_1,
phase18n_megadescriptor_l_384_blind_0532,outputs/final_freeze/lynx-wild/images/czechlynx_2314__p16e_042763.jpg,outputs/final_freeze/lynx-wild/images/czechlynx_2015__p16e_040723.jpg,,,,,,reviewer_1,
phase18n_megadescriptor_l_384_blind_0533,outputs/final_freeze/lynx-wild/images/czechlynx_2469__p16e_012207.jpg,outputs/final_freeze/lynx-wild/images/czechlynx_1832__p16e_018708.jpg,,,,,,reviewer_1,
phase18n_megadescriptor_l_384_blind_0534,outputs/final_freeze/lynx-wild/images/czechlynx_2145__p16e_044230.jpg,outputs/final_freeze/lynx-wild/images/czechlynx_2811__p16e_033300.jpg,,,,,,reviewer_1,
phase18n_megadescriptor_l_384_blind_0535,outputs/final_freeze/lynx-wild/images/czechlynx_1670__p16e_028312.jpg,outputs/final_freeze/lynx-wild/images/czechlynx_1842__p16e_028300.jpg,,,,,,reviewer_1,
phase18n_megadescriptor_l_384_blind_0536,outputs/final_freeze/lynx-wild/images/czechlynx_2317__p16e_007827.jpg,outputs/final_freeze/lynx-wild/images/czechlynx_2009__p16e_007821.jpg,,,,,,reviewer_1,
phase18n_megadescriptor_l_384_blind_0537,outputs/final_freeze/lynx-wild/images/czechlynx_1745__p16e_037603.jpg,outputs/final_freeze/lynx-wild/images/czechlynx_2288__p16e_045974.jpg,,,,,,reviewer_1,
phase18n_megadescriptor_l_384_blind_0538,outputs/final_freeze/lynx-wild/images/czechlynx_1839__p16e_042753.jpg,outputs/final_freeze/lynx-wild/images/czechlynx_1845__p16e_040719.jpg,,,,,,reviewer_1,
phase18n_megadescriptor_l_384_blind_0539,outputs/final_freeze/lynx-wild/images/czechlynx_1591__p16e_028364.jpg,outputs/final_freeze/lynx-wild/images/czechlynx_1633__p16e_028523.jpg,,,,,,reviewer_1,
phase18n_megadescriptor_l_384_blind_0540,outputs/final_freeze/lynx-wild/images/czechlynx_1445__p16e_028359.jpg,outputs/final_freeze/lynx-wild/images/czechlynx_1415__p16e_028519.jpg,,,,,,reviewer_1,
phase18n_megadescriptor_l_384_blind_0541,outputs/final_freeze/lynx-wild/images/czechlynx_1745__p16e_037603.jpg,outputs/final_freeze/lynx-wild/images/czechlynx_2355__p16e_040691.jpg,,,,,,reviewer_1,
phase18n_megadescriptor_l_384_blind_0542,outputs/final_freeze/lynx-wild/images/czechlynx_1654__p16e_028325.jpg,outputs/final_freeze/lynx-wild/images/czechlynx_1904__p16e_028344.jpg,,,,,,reviewer_1,
phase18n_megadescriptor_l_384_blind_0543,outputs/final_freeze/lynx-wild/images/czechlynx_2126__p16e_028327.jpg,outputs/final_freeze/lynx-wild/images/czechlynx_1829__p16e_028400.jpg,,,,,,reviewer_1,
phase18n_megadescriptor_l_384_blind_0544,outputs/final_freeze/lynx-wild/images/czechlynx_2349__p16e_034399.jpg,outputs/final_freeze/lynx-wild/images/czechlynx_1965__p16e_034428.jpg,,,,,,reviewer_1,
phase18n_megadescriptor_l_384_blind_0545,outputs/final_freeze/lynx-wild/images/czechlynx_1888__p16e_028243.jpg,outputs/final_freeze/lynx-wild/images/czechlynx_1747__p16e_028220.jpg,,,,,,reviewer_1,
phase18n_megadescriptor_l_384_blind_0546,outputs/final_freeze/lynx-wild/images/czechlynx_2467__p16e_040860.jpg,outputs/final_freeze/lynx-wild/images/czechlynx_2276__p16e_043141.jpg,,,,,,reviewer_1,
phase18n_megadescriptor_l_384_blind_0547,outputs/final_freeze/lynx-wild/images/czechlynx_1875__p16e_028273.jpg,outputs/final_freeze/lynx-wild/images/czechlynx_1795__p16e_028219.jpg,,,,,,reviewer_1,
phase18n_megadescriptor_l_384_blind_0548,outputs/final_freeze/lynx-wild/images/czechlynx_2692__p16e_028820.jpg,outputs/final_freeze/lynx-wild/images/czechlynx_2869__p16e_014175.jpg,,,,,,reviewer_1,
phase18n_megadescriptor_l_384_blind_0549,outputs/final_freeze/lynx-wild/images/czechlynx_1605__p16e_028246.jpg,outputs/final_freeze/lynx-wild/images/czechlynx_1670__p16e_028312.jpg,,,,,,reviewer_1,
phase18n_megadescriptor_l_384_blind_0550,outputs/final_freeze/lynx-wild/images/czechlynx_1604__p16e_014115.jpg,outputs/final_freeze/lynx-wild/images/czechlynx_1796__p16e_042760.jpg,,,,,,reviewer_1,
phase18n_megadescriptor_l_384_blind_0551,outputs/final_freeze/lynx-wild/images/czechlynx_0809__czlx_expanded_0456.jpg,outputs/final_freeze/lynx-wild/images/czechlynx_2838__p16e_032139.jpg,,,,,,reviewer_1,
phase18n_megadescriptor_l_384_blind_0552,outputs/final_freeze/lynx-wild/images/czechlynx_2523__p16e_044194.jpg,outputs/final_freeze/lynx-wild/images/czechlynx_2051__p16e_043425.jpg,,,,,,reviewer_1,
phase18n_megadescriptor_l_384_blind_0553,outputs/final_freeze/lynx-wild/images/czechlynx_2167__p16e_024490.jpg,outputs/final_freeze/lynx-wild/images/czechlynx_2297__p16e_020425.jpg,,,,,,reviewer_1,
phase18n_megadescriptor_l_384_blind_0554,outputs/final_freeze/lynx-wild/images/czechlynx_1454__p16e_028149.jpg,outputs/final_freeze/lynx-wild/images/czechlynx_1513__p16e_028160.jpg,,,,,,reviewer_1,
phase18n_megadescriptor_l_384_blind_0555,outputs/final_freeze/lynx-wild/images/czechlynx_2757__p16e_043694.jpg,outputs/final_freeze/lynx-wild/images/czechlynx_2096__p16e_043693.jpg,,,,,,reviewer_1,
phase18n_megadescriptor_l_384_blind_0556,outputs/final_freeze/lynx-wild/images/czechlynx_2797__p16e_044125.jpg,outputs/final_freeze/lynx-wild/images/czechlynx_2771__p16e_045581.jpg,,,,,,reviewer_1,
phase18n_megadescriptor_l_384_blind_0557,outputs/final_freeze/lynx-wild/images/czechlynx_1433__p16e_044158.jpg,outputs/final_freeze/lynx-wild/images/czechlynx_1434__p16e_044157.jpg,,,,,,reviewer_1,
phase18n_megadescriptor_l_384_blind_0558,outputs/final_freeze/lynx-wild/images/czechlynx_2613__p16e_006767.jpg,outputs/final_freeze/lynx-wild/images/czechlynx_2093__p16e_010000.jpg,,,,,,reviewer_1,
phase18n_megadescriptor_l_384_blind_0559,outputs/final_freeze/lynx-wild/images/czechlynx_2053__p16e_028439.jpg,outputs/final_freeze/lynx-wild/images/czechlynx_2066__p16e_028421.jpg,,,,,,reviewer_1,
phase18n_megadescriptor_l_384_blind_0560,outputs/final_freeze/lynx-wild/images/czechlynx_2645__p16e_034259.jpg,outputs/final_freeze/lynx-wild/images/czechlynx_2817__p16e_044124.jpg,,,,,,reviewer_1,
phase18n_megadescriptor_l_384_blind_0561,outputs/final_freeze/lynx-wild/images/czechlynx_2530__p16e_045919.jpg,outputs/final_freeze/lynx-wild/images/czechlynx_2325__p16e_014859.jpg,,,,,,reviewer_1,
phase18n_megadescriptor_l_384_blind_0562,outputs/final_freeze/lynx-wild/images/czechlynx_2917__p16e_028622.jpg,outputs/final_freeze/lynx-wild/images/czechlynx_2703__p16e_028621.jpg,,,,,,reviewer_1,
phase18n_megadescriptor_l_384_blind_0563,outputs/final_freeze/lynx-wild/images/czechlynx_1367__p16e_028380.jpg,outputs/final_freeze/lynx-wild/images/czechlynx_1856__p16e_028343.jpg,,,,,,reviewer_1,
phase18n_megadescriptor_l_384_blind_0564,outputs/final_freeze/lynx-wild/images/czechlynx_1302__p16e_028561.jpg,outputs/final_freeze/lynx-wild/images/czechlynx_1945__p16e_028213.jpg,,,,,,reviewer_1,
phase18n_megadescriptor_l_384_blind_0565,outputs/final_freeze/lynx-wild/images/czechlynx_2426__p16e_044049.jpg,outputs/final_freeze/lynx-wild/images/czechlynx_2463__p16e_045905.jpg,,,,,,reviewer_1,
phase18n_megadescriptor_l_384_blind_0566,outputs/final_freeze/lynx-wild/images/czechlynx_1760__p16e_028152.jpg,outputs/final_freeze/lynx-wild/images/czechlynx_1758__p16e_028164.jpg,,,,,,reviewer_1,
phase18n_megadescriptor_l_384_blind_0567,outputs/final_freeze/lynx-wild/images/czechlynx_1494__p16e_028188.jpg,outputs/final_freeze/lynx-wild/images/czechlynx_1927__p16e_028253.jpg,,,,,,reviewer_1,
phase18n_megadescriptor_l_384_blind_0568,outputs/final_freeze/lynx-wild/images/czechlynx_2530__p16e_045919.jpg,outputs/final_freeze/lynx-wild/images/czechlynx_2534__p16e_039736.jpg,,,,,,reviewer_1,
phase18n_megadescriptor_l_384_blind_0569,outputs/final_freeze/lynx-wild/images/czechlynx_2087__p16e_042765.jpg,outputs/final_freeze/lynx-wild/images/czechlynx_2449__p16e_010426.jpg,,,,,,reviewer_1,
phase18n_megadescriptor_l_384_blind_0570,outputs/final_freeze/lynx-wild/images/czechlynx_1526__p16e_006775.jpg,outputs/final_freeze/lynx-wild/images/czechlynx_2613__p16e_006767.jpg,,,,,,reviewer_1,
phase18n_megadescriptor_l_384_blind_0571,outputs/final_freeze/lynx-wild/images/czechlynx_2854__p16e_029010.jpg,outputs/final_freeze/lynx-wild/images/czechlynx_2765__p16e_028649.jpg,,,,,,reviewer_1,
phase18n_megadescriptor_l_384_blind_0572,outputs/final_freeze/lynx-wild/images/czechlynx_1626__p16e_015664.jpg,outputs/final_freeze/lynx-wild/images/czechlynx_2191__p16e_039443.jpg,,,,,,reviewer_1,
phase18n_megadescriptor_l_384_blind_0573,outputs/final_freeze/lynx-wild/images/czechlynx_1776__p16e_032539.jpg,outputs/final_freeze/lynx-wild/images/czechlynx_1770__p16e_043405.jpg,,,,,,reviewer_1,
phase18n_megadescriptor_l_384_blind_0574,outputs/final_freeze/lynx-wild/images/czechlynx_1647__p16e_028204.jpg,outputs/final_freeze/lynx-wild/images/czechlynx_1352__p16e_028242.jpg,,,,,,reviewer_1,
phase18n_megadescriptor_l_384_blind_0575,outputs/final_freeze/lynx-wild/images/czechlynx_2652__p16e_006764.jpg,outputs/final_freeze/lynx-wild/images/czechlynx_2009__p16e_007821.jpg,,,,,,reviewer_1,
phase18n_megadescriptor_l_384_blind_0576,outputs/final_freeze/lynx-wild/images/czechlynx_1298__p16e_028538.jpg,outputs/final_freeze/lynx-wild/images/czechlynx_1722__p16e_028187.jpg,,,,,,reviewer_1,
phase18n_megadescriptor_l_384_blind_0577,outputs/final_freeze/lynx-wild/images/czechlynx_1498__p16e_042521.jpg,outputs/final_freeze/lynx-wild/images/czechlynx_2509__p16e_044839.jpg,,,,,,reviewer_1,
phase18n_megadescriptor_l_384_blind_0578,outputs/final_freeze/lynx-wild/images/czechlynx_2193__p16e_029923.jpg,outputs/final_freeze/lynx-wild/images/czechlynx_1481__p16e_034376.jpg,,,,,,reviewer_1,
phase18n_megadescriptor_l_384_blind_0579,outputs/final_freeze/lynx-wild/images/czechlynx_1607__p16e_028492.jpg,outputs/final_freeze/lynx-wild/images/czechlynx_2620__p16e_030850.jpg,,,,,,reviewer_1,
phase18n_megadescriptor_l_384_blind_0580,outputs/final_freeze/lynx-wild/images/czechlynx_1844__p16e_028324.jpg,outputs/final_freeze/lynx-wild/images/czechlynx_1519__p16e_028336.jpg,,,,,,reviewer_1,
phase18n_megadescriptor_l_384_blind_0581,outputs/final_freeze/lynx-wild/images/czechlynx_2521__p16e_035354.jpg,outputs/final_freeze/lynx-wild/images/czechlynx_2049__p16e_042868.jpg,,,,,,reviewer_1,
phase18n_megadescriptor_l_384_blind_0582,outputs/final_freeze/lynx-wild/images/czechlynx_2084__p16e_024890.jpg,outputs/final_freeze/lynx-wild/images/czechlynx_2770__p16e_024887.jpg,,,,,,reviewer_1,
phase18n_megadescriptor_l_384_blind_0583,outputs/final_freeze/lynx-wild/images/czechlynx_1413__p16e_024496.jpg,outputs/final_freeze/lynx-wild/images/czechlynx_1978__p16e_024500.jpg,,,,,,reviewer_1,
phase18n_megadescriptor_l_384_blind_0584,outputs/final_freeze/lynx-wild/images/czechlynx_2673__p16e_044129.jpg,outputs/final_freeze/lynx-wild/images/czechlynx_2479__p16e_044345.jpg,,,,,,reviewer_1,
phase18n_megadescriptor_l_384_blind_0585,outputs/final_freeze/lynx-wild/images/czechlynx_2822__p16e_028814.jpg,outputs/final_freeze/lynx-wild/images/czechlynx_2496__p16e_028782.jpg,,,,,,reviewer_1,
phase18n_megadescriptor_l_384_blind_0586,outputs/final_freeze/lynx-wild/images/czechlynx_2803__p16e_043467.jpg,outputs/final_freeze/lynx-wild/images/czechlynx_2530__p16e_045919.jpg,,,,,,reviewer_1,
phase18n_megadescriptor_l_384_blind_0587,outputs/final_freeze/lynx-wild/images/czechlynx_1748__p16e_028381.jpg,outputs/final_freeze/lynx-wild/images/czechlynx_1789__p16e_028399.jpg,,,,,,reviewer_1,
phase18n_megadescriptor_l_384_blind_0588,outputs/final_freeze/lynx-wild/images/czechlynx_2770__p16e_024887.jpg,outputs/final_freeze/lynx-wild/images/czechlynx_2916__p16e_024943.jpg,,,,,,reviewer_1,
phase18n_megadescriptor_l_384_blind_0589,outputs/final_freeze/lynx-wild/images/czechlynx_2743__p16e_009388.jpg,outputs/final_freeze/lynx-wild/images/czechlynx_1770__p16e_043405.jpg,,,,,,reviewer_1,
phase18n_megadescriptor_l_384_blind_0590,outputs/final_freeze/lynx-wild/images/czechlynx_2770__p16e_024887.jpg,outputs/final_freeze/lynx-wild/images/czechlynx_2084__p16e_024890.jpg,,,,,,reviewer_1,
phase18n_megadescriptor_l_384_blind_0591,outputs/final_freeze/lynx-wild/images/czechlynx_2692__p16e_028820.jpg,outputs/final_freeze/lynx-wild/images/czechlynx_1786__p16e_020271.jpg,,,,,,reviewer_1,
phase18n_megadescriptor_l_384_blind_0592,outputs/final_freeze/lynx-wild/images/czechlynx_2517__p16e_045622.jpg,outputs/final_freeze/lynx-wild/images/czechlynx_2051__p16e_043425.jpg,,,,,,reviewer_1,
phase18n_megadescriptor_l_384_blind_0593,outputs/final_freeze/lynx-wild/images/czechlynx_1353__p16e_042049.jpg,outputs/final_freeze/lynx-wild/images/czechlynx_1766__p16e_044740.jpg,,,,,,reviewer_1,
phase18n_megadescriptor_l_384_blind_0594,outputs/final_freeze/lynx-wild/images/czechlynx_2393__p16e_009410.jpg,outputs/final_freeze/lynx-wild/images/czechlynx_2745__p16e_037141.jpg,,,,,,reviewer_1,
phase18n_megadescriptor_l_384_blind_0595,outputs/final_freeze/lynx-wild/images/czechlynx_2236__p16e_045033.jpg,outputs/final_freeze/lynx-wild/images/czechlynx_2420__p16e_042171.jpg,,,,,,reviewer_1,
phase18n_megadescriptor_l_384_blind_0596,outputs/final_freeze/lynx-wild/images/czechlynx_2806__p16e_028648.jpg,outputs/final_freeze/lynx-wild/images/czechlynx_2958__p16e_028627.jpg,,,,,,reviewer_1,
phase18n_megadescriptor_l_384_blind_0597,outputs/final_freeze/lynx-wild/images/czechlynx_1492__p16e_028470.jpg,outputs/final_freeze/lynx-wild/images/czechlynx_1408__p16e_028250.jpg,,,,,,reviewer_1,
phase18n_megadescriptor_l_384_blind_0598,outputs/final_freeze/lynx-wild/images/czechlynx_1780__p16e_028465.jpg,outputs/final_freeze/lynx-wild/images/czechlynx_1595__p16e_028407.jpg,,,,,,reviewer_1,
phase18n_megadescriptor_l_384_blind_0599,outputs/final_freeze/lynx-wild/images/czechlynx_1612__p16e_006774.jpg,outputs/final_freeze/lynx-wild/images/czechlynx_2613__p16e_006767.jpg,,,,,,reviewer_1,
phase18n_megadescriptor_l_384_blind_0600,outputs/final_freeze/lynx-wild/images/czechlynx_1556__p16e_028473.jpg,outputs/final_freeze/lynx-wild/images/czechlynx_1542__p16e_028406.jpg,,,,,,reviewer_1,
