review_pair_id,descriptor_name,sample_scope,stratum_id,rank_bin,similarity_stratum,quality_stratum,identity_stratum,admission_stratum,query_image_id,candidate_image_id,query_image_path,candidate_image_path,same_identity_known_id,candidate_rank_descriptor,descriptor_similarity,descriptor_similarity_percentile,query_image_quality_score,candidate_image_quality_score,weakest_image_quality_score,pair_geometry_score,descriptor_evidence_conflict_score,pf_eri_admissibility_score,pf_eri_review_score,pf_eri_route,query_split_role,reviewability_decision,not_ready_reason,secondary_reason,review_confidence,visibility_notes,reviewer_id,review_timestamp,claim_boundary
phase18n_dinov2_vitl14_blind_0001,dinov2_vitl14,confirmatory_stratified_blind_review,rank_11_20__similarity_high__quality_low__same_identity__admission_high,rank_11_20,similarity_high,quality_low,same_identity,admission_high,phase18a_czechlynx_1856,phase18a_czechlynx_1790,outputs/final_freeze/lynx-wild/images/czechlynx_1856__p16e_028343.jpg,outputs/final_freeze/lynx-wild/images/czechlynx_1790__p16e_028356.jpg,yes,19,0.97073913,0.967299,0.55,0.55,0.55,0.997231,0.260769,0.754801,0.834396,review,evaluation,,,,,,,,Phase18N confirmatory reviewability packet; labels are not identity labels.
phase18n_dinov2_vitl14_blind_0002,dinov2_vitl14,confirmatory_stratified_blind_review,rank_06_10__similarity_mid__quality_low__different_identity__admission_high,rank_06_10,similarity_mid,quality_low,different_identity,admission_high,phase18a_czechlynx_2757,phase18a_czechlynx_2502,outputs/final_freeze/lynx-wild/images/czechlynx_2757__p16e_043694.jpg,outputs/final_freeze/lynx-wild/images/czechlynx_2502__p16e_040187.jpg,no,8,0.94744062,0.734346,0.55,0.55,0.55,0.956757,0.041981,0.76393,0.737191,review,evaluation,,,,,,,,Phase18N confirmatory reviewability packet; labels are not identity labels.
phase18n_dinov2_vitl14_blind_0003,dinov2_vitl14,confirmatory_stratified_blind_review,rank_11_20__similarity_high__quality_low__same_identity__admission_mid,rank_11_20,similarity_high,quality_low,same_identity,admission_mid,phase18a_czechlynx_1808,phase18a_czechlynx_1595,outputs/final_freeze/lynx-wild/images/czechlynx_1808__p16e_028293.jpg,outputs/final_freeze/lynx-wild/images/czechlynx_1595__p16e_028407.jpg,yes,16,0.97069633,0.967116,0.55,0.55,0.55,0.922013,0.286912,0.728493,0.819057,review,evaluation,,,,,,,,Phase18N confirmatory reviewability packet; labels are not identity labels.
phase18n_dinov2_vitl14_blind_0004,dinov2_vitl14,confirmatory_stratified_blind_review,rank_02_05__similarity_low__quality_low__different_identity__admission_high,rank_02_05,similarity_low,quality_low,different_identity,admission_high,phase18a_czechlynx_2703,phase18a_czechlynx_2755,outputs/final_freeze/lynx-wild/images/czechlynx_2703__p16e_028621.jpg,outputs/final_freeze/lynx-wild/images/czechlynx_2755__p16e_028589.jpg,no,3,0.93914545,0.592727,0.55,0.55,0.55,0.960191,0.0,0.759126,0.655958,review,evaluation,,,,,,,,Phase18N confirmatory reviewability packet; labels are not identity labels.
phase18n_dinov2_vitl14_blind_0005,dinov2_vitl14,confirmatory_stratified_blind_review,rank_11_20__similarity_high__quality_low__same_identity__admission_mid,rank_11_20,similarity_high,quality_low,same_identity,admission_mid,phase18a_czechlynx_1800,phase18a_czechlynx_1504,outputs/final_freeze/lynx-wild/images/czechlynx_1800__p16e_028171.jpg,outputs/final_freeze/lynx-wild/images/czechlynx_1504__p16e_028153.jpg,yes,12,0.97206914,0.9718,0.55,0.55,0.55,0.957419,0.279203,0.740417,0.828034,review,evaluation,,,,,,,,Phase18N confirmatory reviewability packet; labels are not identity labels.
phase18n_dinov2_vitl14_blind_0006,dinov2_vitl14,confirmatory_stratified_blind_review,rank_02_05__similarity_mid__quality_low__different_identity__admission_low,rank_02_05,similarity_mid,quality_low,different_identity,admission_low,phase18a_czechlynx_2971,phase18a_czechlynx_2473,outputs/final_freeze/lynx-wild/images/czechlynx_2971__p16e_014122.jpg,outputs/final_freeze/lynx-wild/images/czechlynx_2473__p16e_034770.jpg,no,2,0.95094025,0.784263,0.55,0.55,0.55,0.660737,0.195505,0.655332,0.696168,review,evaluation,,,,,,,,Phase18N confirmatory reviewability packet; labels are not identity labels.
phase18n_dinov2_vitl14_blind_0007,dinov2_vitl14,confirmatory_stratified_blind_review,rank_01__similarity_low__quality_low__different_identity__admission_mid,rank_01,similarity_low,quality_low,different_identity,admission_mid,phase18a_czechlynx_2806,phase18a_czechlynx_2958,outputs/final_freeze/lynx-wild/images/czechlynx_2806__p16e_028648.jpg,outputs/final_freeze/lynx-wild/images/czechlynx_2958__p16e_028627.jpg,no,1,0.92037964,0.324755,0.55,0.55,0.55,0.979878,0.0,0.737841,0.481728,review,evaluation,,,,,,,,Phase18N confirmatory reviewability packet; labels are not identity labels.
phase18n_dinov2_vitl14_blind_0008,dinov2_vitl14,confirmatory_stratified_blind_review,rank_06_10__similarity_mid__quality_low__different_identity__admission_low,rank_06_10,similarity_mid,quality_low,different_identity,admission_low,phase18a_czechlynx_1776,phase18a_czechlynx_1432,outputs/final_freeze/lynx-wild/images/czechlynx_1776__p16e_032539.jpg,outputs/final_freeze/lynx-wild/images/czechlynx_1432__p16e_029299.jpg,no,10,0.94393748,0.677728,0.55,0.55,0.55,0.777616,0.048062,0.706893,0.679198,review,evaluation,,,,,,,,Phase18N confirmatory reviewability packet; labels are not identity labels.
phase18n_dinov2_vitl14_blind_0009,dinov2_vitl14,confirmatory_stratified_blind_review,rank_01__similarity_low__quality_low__same_identity__admission_low,rank_01,similarity_low,quality_low,same_identity,admission_low,phase18a_czechlynx_2796,phase18a_czechlynx_2873,outputs/final_freeze/lynx-wild/images/czechlynx_2796__p16e_024891.jpg,outputs/final_freeze/lynx-wild/images/czechlynx_2873__p16e_024892.jpg,yes,1,0.89072853,0.142436,0.55,0.55,0.55,0.881616,0.0,0.692096,0.351307,review,evaluation,,,,,,,,Phase18N confirmatory reviewability packet; labels are not identity labels.
phase18n_dinov2_vitl14_blind_0010,dinov2_vitl14,confirmatory_stratified_blind_review,rank_01__similarity_mid__quality_low__different_identity__admission_low,rank_01,similarity_mid,quality_low,different_identity,admission_low,phase18a_czechlynx_2971,phase18a_czechlynx_2472,outputs/final_freeze/lynx-wild/images/czechlynx_2971__p16e_014122.jpg,outputs/final_freeze/lynx-wild/images/czechlynx_2472__p16e_034432.jpg,no,1,0.95154643,0.793663,0.55,0.55,0.55,0.661589,0.204607,0.65469,0.699932,review,evaluation,,,,,,,,Phase18N confirmatory reviewability packet; labels are not identity labels.
phase18n_dinov2_vitl14_blind_0011,dinov2_vitl14,confirmatory_stratified_blind_review,rank_02_05__similarity_low__quality_low__different_identity__admission_high,rank_02_05,similarity_low,quality_low,different_identity,admission_high,phase18a_czechlynx_2669,phase18a_czechlynx_1613,outputs/final_freeze/lynx-wild/images/czechlynx_2669__p16e_035573.jpg,outputs/final_freeze/lynx-wild/images/czechlynx_1613__p16e_038733.jpg,no,3,0.93747044,0.564693,0.55,0.55,0.55,0.940589,0.0,0.750834,0.635426,review,evaluation,,,,,,,,Phase18N confirmatory reviewability packet; labels are not identity labels.
phase18n_dinov2_vitl14_blind_0012,dinov2_vitl14,confirmatory_stratified_blind_review,rank_06_10__similarity_mid__quality_low__same_identity__admission_low,rank_06_10,similarity_mid,quality_low,same_identity,admission_low,phase18a_czechlynx_1514,phase18a_czechlynx_1355,outputs/final_freeze/lynx-wild/images/czechlynx_1514__p16e_028535.jpg,outputs/final_freeze/lynx-wild/images/czechlynx_1355__p16e_028515.jpg,yes,9,0.95345187,0.820997,0.55,0.55,0.55,0.800129,0.183452,0.700445,0.738497,review,evaluation,,,,,,,,Phase18N confirmatory reviewability packet; labels are not identity labels.
phase18n_dinov2_vitl14_blind_0013,dinov2_vitl14,confirmatory_stratified_blind_review,rank_02_05__similarity_low__quality_low__same_identity__admission_low,rank_02_05,similarity_low,quality_low,same_identity,admission_low,phase18a_czechlynx_2918,phase18a_czechlynx_2402,outputs/final_freeze/lynx-wild/images/czechlynx_2918__p16e_006844.jpg,outputs/final_freeze/lynx-wild/images/czechlynx_2402__p16e_007828.jpg,yes,4,0.91942364,0.314372,0.55,0.55,0.55,0.69591,0.0,0.657292,0.444682,review,evaluation,,,,,,,,Phase18N confirmatory reviewability packet; labels are not identity labels.
phase18n_dinov2_vitl14_blind_0014,dinov2_vitl14,confirmatory_stratified_blind_review,rank_01__similarity_mid__quality_low__same_identity__admission_mid,rank_01,similarity_mid,quality_low,same_identity,admission_mid,phase18a_czechlynx_2179,phase18a_czechlynx_1949,outputs/final_freeze/lynx-wild/images/czechlynx_2179__p16e_028150.jpg,outputs/final_freeze/lynx-wild/images/czechlynx_1949__p16e_028387.jpg,yes,1,0.9603551,0.903615,0.55,0.55,0.55,0.956395,0.211377,0.746877,0.801779,review,evaluation,,,,,,,,Phase18N confirmatory reviewability packet; labels are not identity labels.
phase18n_dinov2_vitl14_blind_0015,dinov2_vitl14,confirmatory_stratified_blind_review,rank_02_05__similarity_low__quality_low__same_identity__admission_mid,rank_02_05,similarity_low,quality_low,same_identity,admission_mid,phase18a_czechlynx_2653,phase18a_czechlynx_2402,outputs/final_freeze/lynx-wild/images/czechlynx_2653__p16e_006761.jpg,outputs/final_freeze/lynx-wild/images/czechlynx_2402__p16e_007828.jpg,yes,4,0.92902285,0.432924,0.55,0.55,0.55,0.946283,0.0,0.739252,0.549329,review,evaluation,,,,,,,,Phase18N confirmatory reviewability packet; labels are not identity labels.
phase18n_dinov2_vitl14_blind_0016,dinov2_vitl14,confirmatory_stratified_blind_review,rank_02_05__similarity_high__quality_low__same_identity__admission_low,rank_02_05,similarity_high,quality_low,same_identity,admission_low,phase18a_czechlynx_1525,phase18a_czechlynx_1473,outputs/final_freeze/lynx-wild/images/czechlynx_1525__p16e_028376.jpg,outputs/final_freeze/lynx-wild/images/czechlynx_1473__p16e_028281.jpg,yes,5,0.97350657,0.975983,0.55,0.55,0.55,0.911979,0.29929,0.724094,0.820407,review,evaluation,,,,,,,,Phase18N confirmatory reviewability packet; labels are not identity labels.
phase18n_dinov2_vitl14_blind_0017,dinov2_vitl14,confirmatory_stratified_blind_review,rank_06_10__similarity_mid__quality_low__different_identity__admission_low,rank_06_10,similarity_mid,quality_low,different_identity,admission_low,phase18a_czechlynx_2463,phase18a_czechlynx_2534,outputs/final_freeze/lynx-wild/images/czechlynx_2463__p16e_045905.jpg,outputs/final_freeze/lynx-wild/images/czechlynx_2534__p16e_039736.jpg,no,7,0.95643198,0.858631,0.55,0.55,0.55,0.820147,0.21408,0.703688,0.756937,review,evaluation,,,,,,,,Phase18N confirmatory reviewability packet; labels are not identity labels.
phase18n_dinov2_vitl14_blind_0018,dinov2_vitl14,confirmatory_stratified_blind_review,rank_06_10__similarity_low__quality_low__same_identity__admission_high,rank_06_10,similarity_low,quality_low,same_identity,admission_high,phase18a_czechlynx_1697,phase18a_czechlynx_1888,outputs/final_freeze/lynx-wild/images/czechlynx_1697__p16e_028430.jpg,outputs/final_freeze/lynx-wild/images/czechlynx_1888__p16e_028243.jpg,yes,9,0.93770897,0.568376,0.55,0.55,0.55,0.943743,0.0,0.752086,0.638186,review,evaluation,,,,,,,,Phase18N confirmatory reviewability packet; labels are not identity labels.
phase18n_dinov2_vitl14_blind_0019,dinov2_vitl14,confirmatory_stratified_blind_review,rank_02_05__similarity_high__quality_low__same_identity__admission_low,rank_02_05,similarity_high,quality_low,same_identity,admission_low,phase18a_czechlynx_1722,phase18a_czechlynx_1633,outputs/final_freeze/lynx-wild/images/czechlynx_1722__p16e_028187.jpg,outputs/final_freeze/lynx-wild/images/czechlynx_1633__p16e_028523.jpg,yes,4,0.96327895,0.927565,0.55,0.55,0.55,0.896253,0.256377,0.723432,0.798719,review,evaluation,,,,,,,,Phase18N confirmatory reviewability packet; labels are not identity labels.
phase18n_dinov2_vitl14_blind_0020,dinov2_vitl14,confirmatory_stratified_blind_review,rank_06_10__similarity_mid__quality_low__same_identity__admission_low,rank_06_10,similarity_mid,quality_low,same_identity,admission_low,phase18a_czechlynx_1514,phase18a_czechlynx_1405,outputs/final_freeze/lynx-wild/images/czechlynx_1514__p16e_028535.jpg,outputs/final_freeze/lynx-wild/images/czechlynx_1405__p16e_028512.jpg,yes,7,0.95353234,0.822397,0.55,0.55,0.55,0.843533,0.16966,0.715497,0.747843,review,evaluation,,,,,,,,Phase18N confirmatory reviewability packet; labels are not identity labels.
phase18n_dinov2_vitl14_blind_0021,dinov2_vitl14,confirmatory_stratified_blind_review,rank_01__similarity_low__quality_low__different_identity__admission_low,rank_01,similarity_low,quality_low,different_identity,admission_low,phase18a_czechlynx_2740,phase18a_czechlynx_2896,outputs/final_freeze/lynx-wild/images/czechlynx_2740__p16e_014330.jpg,outputs/final_freeze/lynx-wild/images/czechlynx_2896__p16e_042903.jpg,no,1,0.89590305,0.160936,0.55,0.55,0.55,0.807746,0.0,0.673262,0.35562,review,evaluation,,,,,,,,Phase18N confirmatory reviewability packet; labels are not identity labels.
phase18n_dinov2_vitl14_blind_0022,dinov2_vitl14,confirmatory_stratified_blind_review,rank_01__similarity_mid__quality_low__different_identity__admission_high,rank_01,similarity_mid,quality_low,different_identity,admission_high,phase18a_czechlynx_2352,phase18a_czechlynx_2600,outputs/final_freeze/lynx-wild/images/czechlynx_2352__p16e_033596.jpg,outputs/final_freeze/lynx-wild/images/czechlynx_2600__p16e_043091.jpg,no,1,0.95245254,0.806647,0.55,0.55,0.55,0.937945,0.120866,0.750116,0.760992,review,evaluation,,,,,,,,Phase18N confirmatory reviewability packet; labels are not identity labels.
phase18n_dinov2_vitl14_blind_0023,dinov2_vitl14,confirmatory_stratified_blind_review,rank_11_20__similarity_mid__quality_low__different_identity__admission_low,rank_11_20,similarity_mid,quality_low,different_identity,admission_low,phase18a_czechlynx_2776,phase18a_czechlynx_1459,outputs/final_freeze/lynx-wild/images/czechlynx_2776__p16e_015111.jpg,outputs/final_freeze/lynx-wild/images/czechlynx_1459__p16e_026917.jpg,no,15,0.95164961,0.795497,0.55,0.55,0.55,0.825668,0.149013,0.711934,0.73394,review,evaluation,,,,,,,,Phase18N confirmatory reviewability packet; labels are not identity labels.
phase18n_dinov2_vitl14_blind_0024,dinov2_vitl14,confirmatory_stratified_blind_review,rank_11_20__similarity_mid__quality_low__different_identity__admission_high,rank_11_20,similarity_mid,quality_low,different_identity,admission_high,phase18a_czechlynx_2748,phase18a_czechlynx_2732,outputs/final_freeze/lynx-wild/images/czechlynx_2748__p16e_045026.jpg,outputs/final_freeze/lynx-wild/images/czechlynx_2732__p16e_036602.jpg,no,17,0.95531327,0.844814,0.55,0.55,0.55,0.946823,0.155926,0.749407,0.777374,review,evaluation,,,,,,,,Phase18N confirmatory reviewability packet; labels are not identity labels.
phase18n_dinov2_vitl14_blind_0025,dinov2_vitl14,confirmatory_stratified_blind_review,rank_02_05__similarity_low__quality_low__different_identity__admission_mid,rank_02_05,similarity_low,quality_low,different_identity,admission_mid,phase18a_czechlynx_2314,phase18a_czechlynx_2015,outputs/final_freeze/lynx-wild/images/czechlynx_2314__p16e_042763.jpg,outputs/final_freeze/lynx-wild/images/czechlynx_2015__p16e_040723.jpg,no,2,0.93076408,0.458291,0.55,0.55,0.55,0.9672,0.0,0.747645,0.568246,review,evaluation,,,,,,,,Phase18N confirmatory reviewability packet; labels are not identity labels.
phase18n_dinov2_vitl14_blind_0026,dinov2_vitl14,confirmatory_stratified_blind_review,rank_01__similarity_high__quality_low__same_identity__admission_low,rank_01,similarity_high,quality_low,same_identity,admission_low,phase18a_czechlynx_1390,phase18a_czechlynx_2699,outputs/final_freeze/lynx-wild/images/czechlynx_1390__p16e_026828.jpg,outputs/final_freeze/lynx-wild/images/czechlynx_2699__p16e_025032.jpg,yes,1,0.96894878,0.960449,0.55,0.55,0.55,0.882636,0.294027,0.715378,0.808517,review,evaluation,,,,,,,,Phase18N confirmatory reviewability packet; labels are not identity labels.
phase18n_dinov2_vitl14_blind_0027,dinov2_vitl14,confirmatory_stratified_blind_review,rank_11_20__similarity_low__quality_low__different_identity__admission_mid,rank_11_20,similarity_low,quality_low,different_identity,admission_mid,phase18a_czechlynx_1801,phase18a_czechlynx_1378,outputs/final_freeze/lynx-wild/images/czechlynx_1801__p16e_033526.jpg,outputs/final_freeze/lynx-wild/images/czechlynx_1378__p16e_032868.jpg,no,14,0.93057537,0.455558,0.55,0.55,0.55,0.916669,0.0,0.733223,0.56107,review,evaluation,,,,,,,,Phase18N confirmatory reviewability packet; labels are not identity labels.
phase18n_dinov2_vitl14_blind_0028,dinov2_vitl14,confirmatory_stratified_blind_review,rank_06_10__similarity_mid__quality_low__same_identity__admission_low,rank_06_10,similarity_mid,quality_low,same_identity,admission_low,phase18a_czechlynx_2748,phase18a_czechlynx_2236,outputs/final_freeze/lynx-wild/images/czechlynx_2748__p16e_045026.jpg,outputs/final_freeze/lynx-wild/images/czechlynx_2236__p16e_045033.jpg,yes,9,0.95878404,0.887098,0.55,0.55,0.55,0.823232,0.241467,0.701921,0.768437,review,evaluation,,,,,,,,Phase18N confirmatory reviewability packet; labels are not identity labels.
phase18n_dinov2_vitl14_blind_0029,dinov2_vitl14,confirmatory_stratified_blind_review,rank_06_10__similarity_mid__quality_low__different_identity__admission_mid,rank_06_10,similarity_mid,quality_low,different_identity,admission_mid,phase18a_czechlynx_1380,phase18a_czechlynx_1511,outputs/final_freeze/lynx-wild/images/czechlynx_1380__p16e_034377.jpg,outputs/final_freeze/lynx-wild/images/czechlynx_1511__p16e_036186.jpg,no,8,0.94551653,0.703195,0.55,0.55,0.55,0.874427,0.039646,0.73823,0.708579,review,evaluation,,,,,,,,Phase18N confirmatory reviewability packet; labels are not identity labels.
phase18n_dinov2_vitl14_blind_0030,dinov2_vitl14,confirmatory_stratified_blind_review,rank_02_05__similarity_mid__quality_low__different_identity__admission_high,rank_02_05,similarity_mid,quality_low,different_identity,admission_high,phase18a_czechlynx_2238,phase18a_czechlynx_1727,outputs/final_freeze/lynx-wild/images/czechlynx_2238__p16e_044226.jpg,outputs/final_freeze/lynx-wild/images/czechlynx_1727__p16e_033192.jpg,no,4,0.9473514,0.732796,0.55,0.55,0.55,0.974685,0.034156,0.77036,0.740239,review,evaluation,,,,,,,,Phase18N confirmatory reviewability packet; labels are not identity labels.
phase18n_dinov2_vitl14_blind_0031,dinov2_vitl14,confirmatory_stratified_blind_review,rank_01__similarity_low__quality_low__different_identity__admission_high,rank_01,similarity_low,quality_low,different_identity,admission_high,phase18a_czechlynx_2314,phase18a_czechlynx_1811,outputs/final_freeze/lynx-wild/images/czechlynx_2314__p16e_042763.jpg,outputs/final_freeze/lynx-wild/images/czechlynx_1811__p16e_040721.jpg,no,1,0.93939871,0.597627,0.55,0.55,0.55,0.974398,0.0,0.763594,0.660694,review,evaluation,,,,,,,,Phase18N confirmatory reviewability packet; labels are not identity labels.
phase18n_dinov2_vitl14_blind_0032,dinov2_vitl14,confirmatory_stratified_blind_review,rank_11_20__similarity_high__quality_low__different_identity__admission_low,rank_11_20,similarity_high,quality_low,different_identity,admission_low,phase18a_czechlynx_2044,phase18a_czechlynx_1734,outputs/final_freeze/lynx-wild/images/czechlynx_2044__p16e_043670.jpg,outputs/final_freeze/lynx-wild/images/czechlynx_1734__p16e_044142.jpg,no,17,0.96359265,0.929665,0.55,0.55,0.55,0.877021,0.265208,0.716491,0.795618,review,evaluation,,,,,,,,Phase18N confirmatory reviewability packet; labels are not identity labels.
phase18n_dinov2_vitl14_blind_0033,dinov2_vitl14,confirmatory_stratified_blind_review,rank_06_10__similarity_mid__quality_low__different_identity__admission_mid,rank_06_10,similarity_mid,quality_low,different_identity,admission_mid,phase18a_czechlynx_2791,phase18a_czechlynx_2393,outputs/final_freeze/lynx-wild/images/czechlynx_2791__p16e_028705.jpg,outputs/final_freeze/lynx-wild/images/czechlynx_2393__p16e_009410.jpg,no,8,0.95082295,0.782646,0.55,0.55,0.55,0.869408,0.120854,0.728528,0.737911,review,evaluation,,,,,,,,Phase18N confirmatory reviewability packet; labels are not identity labels.
phase18n_dinov2_vitl14_blind_0034,dinov2_vitl14,confirmatory_stratified_blind_review,rank_06_10__similarity_mid__quality_low__same_identity__admission_high,rank_06_10,similarity_mid,quality_low,same_identity,admission_high,phase18a_czechlynx_1876,phase18a_czechlynx_1663,outputs/final_freeze/lynx-wild/images/czechlynx_1876__p16e_028434.jpg,outputs/final_freeze/lynx-wild/images/czechlynx_1663__p16e_028178.jpg,yes,9,0.95931929,0.893432,0.55,0.55,0.55,0.962567,0.199033,0.750055,0.799142,review,evaluation,,,,,,,,Phase18N confirmatory reviewability packet; labels are not identity labels.
phase18n_dinov2_vitl14_blind_0035,dinov2_vitl14,confirmatory_stratified_blind_review,rank_06_10__similarity_low__quality_low__same_identity__admission_mid,rank_06_10,similarity_low,quality_low,same_identity,admission_mid,phase18a_czechlynx_2041,phase18a_czechlynx_1956,outputs/final_freeze/lynx-wild/images/czechlynx_2041__p16e_028414.jpg,outputs/final_freeze/lynx-wild/images/czechlynx_1956__p16e_028214.jpg,yes,7,0.92350006,0.361339,0.55,0.55,0.55,0.94437,0.0,0.731558,0.502022,review,evaluation,,,,,,,,Phase18N confirmatory reviewability packet; labels are not identity labels.
phase18n_dinov2_vitl14_blind_0036,dinov2_vitl14,confirmatory_stratified_blind_review,rank_11_20__similarity_low__quality_low__different_identity__admission_high,rank_11_20,similarity_low,quality_low,different_identity,admission_high,phase18a_czechlynx_2490,phase18a_czechlynx_2122,outputs/final_freeze/lynx-wild/images/czechlynx_2490__p16e_007111.jpg,outputs/final_freeze/lynx-wild/images/czechlynx_2122__p16e_045532.jpg,no,12,0.93358922,0.501342,0.55,0.55,0.55,0.963168,0.0,0.750821,0.596144,review,evaluation,,,,,,,,Phase18N confirmatory reviewability packet; labels are not identity labels.
phase18n_dinov2_vitl14_blind_0037,dinov2_vitl14,confirmatory_stratified_blind_review,rank_11_20__similarity_mid__quality_low__different_identity__admission_low,rank_11_20,similarity_mid,quality_low,different_identity,admission_low,phase18a_czechlynx_2489,phase18a_czechlynx_2065,outputs/final_freeze/lynx-wild/images/czechlynx_2489__p16e_034265.jpg,outputs/final_freeze/lynx-wild/images/czechlynx_2065__p16e_044056.jpg,no,15,0.95313549,0.816297,0.55,0.55,0.55,0.808821,0.17571,0.703958,0.738466,review,evaluation,,,,,,,,Phase18N confirmatory reviewability packet; labels are not identity labels.
phase18n_dinov2_vitl14_blind_0038,dinov2_vitl14,confirmatory_stratified_blind_review,rank_11_20__similarity_low__quality_low__same_identity__admission_mid,rank_11_20,similarity_low,quality_low,same_identity,admission_mid,phase18a_czechlynx_1969,phase18a_czechlynx_1935,outputs/final_freeze/lynx-wild/images/czechlynx_1969__p16e_028420.jpg,outputs/final_freeze/lynx-wild/images/czechlynx_1935__p16e_028445.jpg,yes,16,0.92084271,0.330289,0.55,0.55,0.55,0.981759,0.0,0.738921,0.485569,review,evaluation,,,,,,,,Phase18N confirmatory reviewability packet; labels are not identity labels.
phase18n_dinov2_vitl14_blind_0039,dinov2_vitl14,confirmatory_stratified_blind_review,rank_11_20__similarity_high__quality_low__same_identity__admission_mid,rank_11_20,similarity_high,quality_low,same_identity,admission_mid,phase18a_czechlynx_2021,phase18a_czechlynx_1280,outputs/final_freeze/lynx-wild/images/czechlynx_2021__p16e_028395.jpg,outputs/final_freeze/lynx-wild/images/czechlynx_1280__p16e_028453.jpg,yes,18,0.97034591,0.965816,0.55,0.55,0.55,0.94434,0.277797,0.736437,0.823093,review,evaluation,,,,,,,,Phase18N confirmatory reviewability packet; labels are not identity labels.
phase18n_dinov2_vitl14_blind_0040,dinov2_vitl14,confirmatory_stratified_blind_review,rank_11_20__similarity_mid__quality_low__same_identity__admission_high,rank_11_20,similarity_mid,quality_low,same_identity,admission_high,phase18a_czechlynx_2109,phase18a_czechlynx_1495,outputs/final_freeze/lynx-wild/images/czechlynx_2109__p16e_028462.jpg,outputs/final_freeze/lynx-wild/images/czechlynx_1495__p16e_028411.jpg,yes,18,0.95411998,0.830014,0.55,0.55,0.55,0.944532,0.141928,0.750085,0.771255,review,evaluation,,,,,,,,Phase18N confirmatory reviewability packet; labels are not identity labels.
phase18n_dinov2_vitl14_blind_0041,dinov2_vitl14,confirmatory_stratified_blind_review,rank_11_20__similarity_low__quality_low__different_identity__admission_high,rank_11_20,similarity_low,quality_low,different_identity,admission_high,phase18a_czechlynx_2692,phase18a_czechlynx_2601,outputs/final_freeze/lynx-wild/images/czechlynx_2692__p16e_028820.jpg,outputs/final_freeze/lynx-wild/images/czechlynx_2601__p16e_020110.jpg,no,16,0.93808353,0.57481,0.55,0.55,0.55,0.974068,0.0,0.76122,0.645646,review,evaluation,,,,,,,,Phase18N confirmatory reviewability packet; labels are not identity labels.
phase18n_dinov2_vitl14_blind_0042,dinov2_vitl14,confirmatory_stratified_blind_review,rank_11_20__similarity_mid__quality_low__same_identity__admission_low,rank_11_20,similarity_mid,quality_low,same_identity,admission_low,phase18a_czechlynx_1940,phase18a_czechlynx_1532,outputs/final_freeze/lynx-wild/images/czechlynx_1940__p16e_028174.jpg,outputs/final_freeze/lynx-wild/images/czechlynx_1532__p16e_028173.jpg,yes,20,0.95844775,0.883348,0.55,0.55,0.55,0.874377,0.219816,0.720197,0.777387,review,evaluation,,,,,,,,Phase18N confirmatory reviewability packet; labels are not identity labels.
phase18n_dinov2_vitl14_blind_0043,dinov2_vitl14,confirmatory_stratified_blind_review,rank_02_05__similarity_high__quality_low__same_identity__admission_high,rank_02_05,similarity_high,quality_low,same_identity,admission_high,phase18a_czechlynx_1753,phase18a_czechlynx_1813,outputs/final_freeze/lynx-wild/images/czechlynx_1753__p16e_028455.jpg,outputs/final_freeze/lynx-wild/images/czechlynx_1813__p16e_028275.jpg,yes,4,0.96675789,0.949999,0.55,0.55,0.55,0.990869,0.245695,0.754304,0.826496,review,evaluation,,,,,,,,Phase18N confirmatory reviewability packet; labels are not identity labels.
phase18n_dinov2_vitl14_blind_0044,dinov2_vitl14,confirmatory_stratified_blind_review,rank_06_10__similarity_high__quality_low__same_identity__admission_high,rank_06_10,similarity_high,quality_low,same_identity,admission_high,phase18a_czechlynx_1792,phase18a_czechlynx_1664,outputs/final_freeze/lynx-wild/images/czechlynx_1792__p16e_028313.jpg,outputs/final_freeze/lynx-wild/images/czechlynx_1664__p16e_028342.jpg,yes,9,0.97795963,0.985366,0.55,0.55,0.55,0.994518,0.279785,0.752045,0.840747,review,evaluation,,,,,,,,Phase18N confirmatory reviewability packet; labels are not identity labels.
phase18n_dinov2_vitl14_blind_0045,dinov2_vitl14,confirmatory_stratified_blind_review,rank_02_05__similarity_mid__quality_low__different_identity__admission_low,rank_02_05,similarity_mid,quality_low,different_identity,admission_low,phase18a_czechlynx_2489,phase18a_czechlynx_2843,outputs/final_freeze/lynx-wild/images/czechlynx_2489__p16e_034265.jpg,outputs/final_freeze/lynx-wild/images/czechlynx_2843__p16e_039764.jpg,no,5,0.95930308,0.893298,0.55,0.55,0.55,0.883357,0.226623,0.722345,0.783011,review,evaluation,,,,,,,,Phase18N confirmatory reviewability packet; labels are not identity labels.
phase18n_dinov2_vitl14_blind_0046,dinov2_vitl14,confirmatory_stratified_blind_review,rank_01__similarity_mid__quality_low__different_identity__admission_high,rank_01,similarity_mid,quality_low,different_identity,admission_high,phase18a_czechlynx_1906,phase18a_czechlynx_1545,outputs/final_freeze/lynx-wild/images/czechlynx_1906__p16e_007112.jpg,outputs/final_freeze/lynx-wild/images/czechlynx_1545__p16e_041647.jpg,no,1,0.94326437,0.666628,0.55,0.55,0.55,0.923377,0.0,0.756208,0.700668,review,evaluation,,,,,,,,Phase18N confirmatory reviewability packet; labels are not identity labels.
phase18n_dinov2_vitl14_blind_0047,dinov2_vitl14,confirmatory_stratified_blind_review,rank_01__similarity_low__quality_low__same_identity__admission_mid,rank_01,similarity_low,quality_low,same_identity,admission_mid,phase18a_czechlynx_2084,phase18a_czechlynx_2923,outputs/final_freeze/lynx-wild/images/czechlynx_2084__p16e_024890.jpg,outputs/final_freeze/lynx-wild/images/czechlynx_2923__p16e_024895.jpg,yes,1,0.91872209,0.307188,0.55,0.55,0.55,0.964528,0.0,0.731787,0.468536,review,evaluation,,,,,,,,Phase18N confirmatory reviewability packet; labels are not identity labels.
phase18n_dinov2_vitl14_blind_0048,dinov2_vitl14,confirmatory_stratified_blind_review,rank_02_05__similarity_mid__quality_low__same_identity__admission_mid,rank_02_05,similarity_mid,quality_low,same_identity,admission_mid,phase18a_czechlynx_1863,phase18a_czechlynx_1949,outputs/final_freeze/lynx-wild/images/czechlynx_1863__p16e_028488.jpg,outputs/final_freeze/lynx-wild/images/czechlynx_1949__p16e_028387.jpg,yes,4,0.95315921,0.816714,0.55,0.55,0.55,0.90324,0.14308,0.736963,0.757792,review,evaluation,,,,,,,,Phase18N confirmatory reviewability packet; labels are not identity labels.
phase18n_dinov2_vitl14_blind_0049,dinov2_vitl14,confirmatory_stratified_blind_review,rank_06_10__similarity_high__quality_low__same_identity__admission_high,rank_06_10,similarity_high,quality_low,same_identity,admission_high,phase18a_czechlynx_1562,phase18a_czechlynx_1429,outputs/final_freeze/lynx-wild/images/czechlynx_1562__p16e_028527.jpg,outputs/final_freeze/lynx-wild/images/czechlynx_1429__p16e_028419.jpg,yes,7,0.97398967,0.977,0.55,0.55,0.55,0.989224,0.273271,0.751028,0.836476,review,evaluation,,,,,,,,Phase18N confirmatory reviewability packet; labels are not identity labels.
phase18n_dinov2_vitl14_blind_0050,dinov2_vitl14,confirmatory_stratified_blind_review,rank_01__similarity_mid__quality_low__same_identity__admission_low,rank_01,similarity_mid,quality_low,same_identity,admission_low,phase18a_czechlynx_1826,phase18a_czechlynx_1280,outputs/final_freeze/lynx-wild/images/czechlynx_1826__p16e_028417.jpg,outputs/final_freeze/lynx-wild/images/czechlynx_1280__p16e_028453.jpg,yes,1,0.95710802,0.867281,0.55,0.55,0.55,0.875401,0.203391,0.722162,0.771458,review,evaluation,,,,,,,,Phase18N confirmatory reviewability packet; labels are not identity labels.
phase18n_dinov2_vitl14_blind_0051,dinov2_vitl14,confirmatory_stratified_blind_review,rank_02_05__similarity_high__quality_low__same_identity__admission_low,rank_02_05,similarity_high,quality_low,same_identity,admission_low,phase18a_czechlynx_1709,phase18a_czechlynx_1609,outputs/final_freeze/lynx-wild/images/czechlynx_1709__p16e_028469.jpg,outputs/final_freeze/lynx-wild/images/czechlynx_1609__p16e_028482.jpg,yes,3,0.97006148,0.964866,0.55,0.55,0.55,0.89846,0.292905,0.720474,0.813416,review,evaluation,,,,,,,,Phase18N confirmatory reviewability packet; labels are not identity labels.
phase18n_dinov2_vitl14_blind_0052,dinov2_vitl14,confirmatory_stratified_blind_review,rank_11_20__similarity_high__quality_low__same_identity__admission_mid,rank_11_20,similarity_high,quality_low,same_identity,admission_mid,phase18a_czechlynx_2016,phase18a_czechlynx_1829,outputs/final_freeze/lynx-wild/images/czechlynx_2016__p16e_028394.jpg,outputs/final_freeze/lynx-wild/images/czechlynx_1829__p16e_028400.jpg,yes,13,0.96772909,0.954633,0.55,0.55,0.55,0.910709,0.278384,0.725785,0.811994,review,evaluation,,,,,,,,Phase18N confirmatory reviewability packet; labels are not identity labels.
phase18n_dinov2_vitl14_blind_0053,dinov2_vitl14,confirmatory_stratified_blind_review,rank_02_05__similarity_low__quality_low__different_identity__admission_high,rank_02_05,similarity_low,quality_low,different_identity,admission_high,phase18a_czechlynx_2661,phase18a_czechlynx_2437,outputs/final_freeze/lynx-wild/images/czechlynx_2661__p16e_006883.jpg,outputs/final_freeze/lynx-wild/images/czechlynx_2437__p16e_045331.jpg,no,5,0.93440574,0.514242,0.55,0.55,0.55,0.96904,0.0,0.753755,0.605257,review,evaluation,,,,,,,,Phase18N confirmatory reviewability packet; labels are not identity labels.
phase18n_dinov2_vitl14_blind_0054,dinov2_vitl14,confirmatory_stratified_blind_review,rank_01__similarity_low__quality_low__different_identity__admission_mid,rank_01,similarity_low,quality_low,different_identity,admission_mid,phase18a_czechlynx_1498,phase18a_czechlynx_2509,outputs/final_freeze/lynx-wild/images/czechlynx_1498__p16e_042521.jpg,outputs/final_freeze/lynx-wild/images/czechlynx_2509__p16e_044839.jpg,no,1,0.93470669,0.518792,0.55,0.55,0.55,0.870909,0.0,0.726734,0.59781,review,evaluation,,,,,,,,Phase18N confirmatory reviewability packet; labels are not identity labels.
phase18n_dinov2_vitl14_blind_0055,dinov2_vitl14,confirmatory_stratified_blind_review,rank_01__similarity_high__quality_low__same_identity__admission_high,rank_01,similarity_high,quality_low,same_identity,admission_high,phase18a_czechlynx_1330,phase18a_czechlynx_1413,outputs/final_freeze/lynx-wild/images/czechlynx_1330__p16e_024495.jpg,outputs/final_freeze/lynx-wild/images/czechlynx_1413__p16e_024496.jpg,yes,1,0.98253179,0.991483,0.55,0.55,0.55,0.998648,0.284456,0.752879,0.843922,review,evaluation,,,,,,,,Phase18N confirmatory reviewability packet; labels are not identity labels.
phase18n_dinov2_vitl14_blind_0056,dinov2_vitl14,confirmatory_stratified_blind_review,rank_11_20__similarity_low__quality_low__same_identity__admission_low,rank_11_20,similarity_low,quality_low,same_identity,admission_low,phase18a_czechlynx_1956,phase18a_czechlynx_1940,outputs/final_freeze/lynx-wild/images/czechlynx_1956__p16e_028214.jpg,outputs/final_freeze/lynx-wild/images/czechlynx_1940__p16e_028174.jpg,yes,20,0.92804712,0.419957,0.55,0.55,0.55,0.847366,0.0,0.710258,0.530271,review,evaluation,,,,,,,,Phase18N confirmatory reviewability packet; labels are not identity labels.
phase18n_dinov2_vitl14_blind_0057,dinov2_vitl14,confirmatory_stratified_blind_review,rank_06_10__similarity_low__quality_low__different_identity__admission_low,rank_06_10,similarity_low,quality_low,different_identity,admission_low,phase18a_czechlynx_2904,phase18a_czechlynx_2994,outputs/final_freeze/lynx-wild/images/czechlynx_2904__p16e_028878.jpg,outputs/final_freeze/lynx-wild/images/czechlynx_2994__p16e_014433.jpg,no,9,0.92932677,0.437274,0.55,0.55,0.55,0.803782,0.0,0.699786,0.537029,review,evaluation,,,,,,,,Phase18N confirmatory reviewability packet; labels are not identity labels.
phase18n_dinov2_vitl14_blind_0058,dinov2_vitl14,confirmatory_stratified_blind_review,rank_02_05__similarity_mid__quality_low__different_identity__admission_low,rank_02_05,similarity_mid,quality_low,different_identity,admission_low,phase18a_czechlynx_1776,phase18a_czechlynx_1314,outputs/final_freeze/lynx-wild/images/czechlynx_1776__p16e_032539.jpg,outputs/final_freeze/lynx-wild/images/czechlynx_1314__p16e_020085.jpg,no,5,0.94977409,0.767813,0.55,0.55,0.55,0.771826,0.140174,0.695858,0.712435,review,evaluation,,,,,,,,Phase18N confirmatory reviewability packet; labels are not identity labels.
phase18n_dinov2_vitl14_blind_0059,dinov2_vitl14,confirmatory_stratified_blind_review,rank_02_05__similarity_mid__quality_low__different_identity__admission_mid,rank_02_05,similarity_mid,quality_low,different_identity,admission_mid,phase18a_czechlynx_2757,phase18a_czechlynx_2410,outputs/final_freeze/lynx-wild/images/czechlynx_2757__p16e_043694.jpg,outputs/final_freeze/lynx-wild/images/czechlynx_2410__p16e_044048.jpg,no,4,0.94845891,0.748246,0.55,0.55,0.55,0.900122,0.075703,0.742718,0.731005,review,evaluation,,,,,,,,Phase18N confirmatory reviewability packet; labels are not identity labels.
phase18n_dinov2_vitl14_blind_0060,dinov2_vitl14,confirmatory_stratified_blind_review,rank_06_10__similarity_low__quality_low__different_identity__admission_mid,rank_06_10,similarity_low,quality_low,different_identity,admission_mid,phase18a_czechlynx_1626,phase18a_czechlynx_2191,outputs/final_freeze/lynx-wild/images/czechlynx_1626__p16e_015664.jpg,outputs/final_freeze/lynx-wild/images/czechlynx_2191__p16e_039443.jpg,no,7,0.91633046,0.283755,0.55,0.55,0.55,0.947879,0.0,0.724782,0.451345,review,evaluation,,,,,,,,Phase18N confirmatory reviewability packet; labels are not identity labels.
phase18n_dinov2_vitl14_blind_0061,dinov2_vitl14,confirmatory_stratified_blind_review,rank_11_20__similarity_mid__quality_low__different_identity__admission_high,rank_11_20,similarity_mid,quality_low,different_identity,admission_high,phase18a_czechlynx_2803,phase18a_czechlynx_2799,outputs/final_freeze/lynx-wild/images/czechlynx_2803__p16e_043467.jpg,outputs/final_freeze/lynx-wild/images/czechlynx_2799__p16e_043267.jpg,no,11,0.95084572,0.782896,0.55,0.55,0.55,0.950295,0.092793,0.756814,0.754426,review,evaluation,,,,,,,,Phase18N confirmatory reviewability packet; labels are not identity labels.
phase18n_dinov2_vitl14_blind_0062,dinov2_vitl14,confirmatory_stratified_blind_review,rank_01__similarity_mid__quality_low__same_identity__admission_high,rank_01,similarity_mid,quality_low,same_identity,admission_high,phase18a_czechlynx_1694,phase18a_czechlynx_1752,outputs/final_freeze/lynx-wild/images/czechlynx_1694__p16e_028048.jpg,outputs/final_freeze/lynx-wild/images/czechlynx_1752__p16e_028047.jpg,yes,1,0.95601571,0.853414,0.55,0.55,0.55,0.952713,0.162465,0.750608,0.781855,review,evaluation,,,,,,,,Phase18N confirmatory reviewability packet; labels are not identity labels.
phase18n_dinov2_vitl14_blind_0063,dinov2_vitl14,confirmatory_stratified_blind_review,rank_06_10__similarity_mid__quality_low__same_identity__admission_mid,rank_06_10,similarity_mid,quality_low,same_identity,admission_mid,phase18a_czechlynx_1587,phase18a_czechlynx_1886,outputs/final_freeze/lynx-wild/images/czechlynx_1587__p16e_028517.jpg,outputs/final_freeze/lynx-wild/images/czechlynx_1886__p16e_028534.jpg,yes,8,0.9515723,0.79408,0.55,0.55,0.55,0.92081,0.114296,0.745376,0.752713,review,evaluation,,,,,,,,Phase18N confirmatory reviewability packet; labels are not identity labels.
phase18n_dinov2_vitl14_blind_0064,dinov2_vitl14,confirmatory_stratified_blind_review,rank_02_05__similarity_high__quality_low__same_identity__admission_high,rank_02_05,similarity_high,quality_low,same_identity,admission_high,phase18a_czechlynx_1813,phase18a_czechlynx_1808,outputs/final_freeze/lynx-wild/images/czechlynx_1813__p16e_028275.jpg,outputs/final_freeze/lynx-wild/images/czechlynx_1808__p16e_028293.jpg,yes,2,0.97417116,0.977633,0.55,0.55,0.55,0.984248,0.275646,0.749224,0.835708,review,evaluation,,,,,,,,Phase18N confirmatory reviewability packet; labels are not identity labels.
phase18n_dinov2_vitl14_blind_0065,dinov2_vitl14,confirmatory_stratified_blind_review,rank_11_20__similarity_low__quality_low__different_identity__admission_high,rank_11_20,similarity_low,quality_low,different_identity,admission_high,phase18a_czechlynx_1578,phase18a_czechlynx_1459,outputs/final_freeze/lynx-wild/images/czechlynx_1578__p16e_010522.jpg,outputs/final_freeze/lynx-wild/images/czechlynx_1459__p16e_026917.jpg,no,17,0.94238353,0.651444,0.55,0.55,0.55,0.915064,0.0,0.752362,0.689793,review,evaluation,,,,,,,,Phase18N confirmatory reviewability packet; labels are not identity labels.
phase18n_dinov2_vitl14_blind_0066,dinov2_vitl14,confirmatory_stratified_blind_review,rank_06_10__similarity_high__quality_low__same_identity__admission_low,rank_06_10,similarity_high,quality_low,same_identity,admission_low,phase18a_czechlynx_1473,phase18a_czechlynx_1352,outputs/final_freeze/lynx-wild/images/czechlynx_1473__p16e_028281.jpg,outputs/final_freeze/lynx-wild/images/czechlynx_1352__p16e_028242.jpg,yes,9,0.97228146,0.9726,0.55,0.55,0.55,0.903982,0.298706,0.721634,0.817491,review,evaluation,,,,,,,,Phase18N confirmatory reviewability packet; labels are not identity labels.
phase18n_dinov2_vitl14_blind_0067,dinov2_vitl14,confirmatory_stratified_blind_review,rank_02_05__similarity_low__quality_low__same_identity__admission_mid,rank_02_05,similarity_low,quality_low,same_identity,admission_mid,phase18a_czechlynx_1311,phase18a_czechlynx_1587,outputs/final_freeze/lynx-wild/images/czechlynx_1311__p16e_028449.jpg,outputs/final_freeze/lynx-wild/images/czechlynx_1587__p16e_028517.jpg,yes,5,0.92912734,0.434407,0.55,0.55,0.55,0.970466,0.0,0.746171,0.552877,review,evaluation,,,,,,,,Phase18N confirmatory reviewability packet; labels are not identity labels.
phase18n_dinov2_vitl14_blind_0068,dinov2_vitl14,confirmatory_stratified_blind_review,rank_06_10__similarity_mid__quality_low__same_identity__admission_mid,rank_06_10,similarity_mid,quality_low,same_identity,admission_mid,phase18a_czechlynx_2179,phase18a_czechlynx_2112,outputs/final_freeze/lynx-wild/images/czechlynx_2179__p16e_028150.jpg,outputs/final_freeze/lynx-wild/images/czechlynx_2112__p16e_028181.jpg,yes,9,0.95398647,0.82833,0.55,0.55,0.55,0.938116,0.14249,0.748008,0.76931,review,evaluation,,,,,,,,Phase18N confirmatory reviewability packet; labels are not identity labels.
phase18n_dinov2_vitl14_blind_0069,dinov2_vitl14,confirmatory_stratified_blind_review,rank_06_10__similarity_mid__quality_low__different_identity__admission_low,rank_06_10,similarity_mid,quality_low,different_identity,admission_low,phase18a_czechlynx_1375,phase18a_czechlynx_2795,outputs/final_freeze/lynx-wild/images/czechlynx_1375__p16e_032528.jpg,outputs/final_freeze/lynx-wild/images/czechlynx_2795__p16e_020109.jpg,no,10,0.95193183,0.799363,0.55,0.55,0.55,0.814733,0.156707,0.70772,0.733197,review,evaluation,,,,,,,,Phase18N confirmatory reviewability packet; labels are not identity labels.
phase18n_dinov2_vitl14_blind_0070,dinov2_vitl14,confirmatory_stratified_blind_review,rank_01__similarity_low__quality_low__different_identity__admission_low,rank_01,similarity_low,quality_low,different_identity,admission_low,phase18a_czechlynx_2840,phase18a_czechlynx_2471,outputs/final_freeze/lynx-wild/images/czechlynx_2840__p16e_036373.jpg,outputs/final_freeze/lynx-wild/images/czechlynx_2471__p16e_019267.jpg,no,1,0.90799809,0.217437,0.55,0.55,0.55,0.894737,0.0,0.70327,0.402054,review,evaluation,,,,,,,,Phase18N confirmatory reviewability packet; labels are not identity labels.
phase18n_dinov2_vitl14_blind_0071,dinov2_vitl14,confirmatory_stratified_blind_review,rank_11_20__similarity_mid__quality_low__same_identity__admission_low,rank_11_20,similarity_mid,quality_low,same_identity,admission_low,phase18a_czechlynx_2892,phase18a_czechlynx_1607,outputs/final_freeze/lynx-wild/images/czechlynx_2892__p16e_029884.jpg,outputs/final_freeze/lynx-wild/images/czechlynx_1607__p16e_028492.jpg,yes,16,0.94885576,0.754079,0.55,0.55,0.55,0.633457,0.174869,0.648802,0.6791,review,evaluation,,,,,,,,Phase18N confirmatory reviewability packet; labels are not identity labels.
phase18n_dinov2_vitl14_blind_0072,dinov2_vitl14,confirmatory_stratified_blind_review,rank_01__similarity_mid__quality_low__different_identity__admission_low,rank_01,similarity_mid,quality_low,different_identity,admission_low,phase18a_czechlynx_2199,phase18a_czechlynx_2277,outputs/final_freeze/lynx-wild/images/czechlynx_2199__p16e_039110.jpg,outputs/final_freeze/lynx-wild/images/czechlynx_2277__p16e_006502.jpg,no,1,0.95135629,0.79053,0.55,0.55,0.55,0.763881,0.165671,0.690805,0.7195,review,evaluation,,,,,,,,Phase18N confirmatory reviewability packet; labels are not identity labels.
phase18n_dinov2_vitl14_blind_0073,dinov2_vitl14,confirmatory_stratified_blind_review,rank_11_20__similarity_mid__quality_low__same_identity__admission_mid,rank_11_20,similarity_mid,quality_low,same_identity,admission_mid,phase18a_czechlynx_1935,phase18a_czechlynx_1805,outputs/final_freeze/lynx-wild/images/czechlynx_1935__p16e_028445.jpg,outputs/final_freeze/lynx-wild/images/czechlynx_1805__p16e_028370.jpg,yes,12,0.95988339,0.899415,0.55,0.55,0.55,0.916833,0.221023,0.73345,0.792144,review,evaluation,,,,,,,,Phase18N confirmatory reviewability packet; labels are not identity labels.
phase18n_dinov2_vitl14_blind_0074,dinov2_vitl14,confirmatory_stratified_blind_review,rank_11_20__similarity_low__quality_low__different_identity__admission_mid,rank_11_20,similarity_low,quality_low,different_identity,admission_mid,phase18a_czechlynx_2523,phase18a_czechlynx_2667,outputs/final_freeze/lynx-wild/images/czechlynx_2523__p16e_044194.jpg,outputs/final_freeze/lynx-wild/images/czechlynx_2667__p16e_043653.jpg,no,14,0.93988287,0.606877,0.55,0.55,0.55,0.902618,0.0,0.744421,0.659144,review,evaluation,,,,,,,,Phase18N confirmatory reviewability packet; labels are not identity labels.
phase18n_dinov2_vitl14_blind_0075,dinov2_vitl14,confirmatory_stratified_blind_review,rank_06_10__similarity_low__quality_low__same_identity__admission_high,rank_06_10,similarity_low,quality_low,same_identity,admission_high,phase18a_czechlynx_1843,phase18a_czechlynx_1683,outputs/final_freeze/lynx-wild/images/czechlynx_1843__p16e_028431.jpg,outputs/final_freeze/lynx-wild/images/czechlynx_1683__p16e_028221.jpg,yes,7,0.93894374,0.589293,0.55,0.55,0.55,0.95836,0.0,0.75827,0.653504,review,evaluation,,,,,,,,Phase18N confirmatory reviewability packet; labels are not identity labels.
phase18n_dinov2_vitl14_blind_0076,dinov2_vitl14,confirmatory_stratified_blind_review,rank_02_05__similarity_low__quality_low__different_identity__admission_mid,rank_02_05,similarity_low,quality_low,different_identity,admission_mid,phase18a_czechlynx_1981,phase18a_czechlynx_2675,outputs/final_freeze/lynx-wild/images/czechlynx_1981__p16e_042764.jpg,outputs/final_freeze/lynx-wild/images/czechlynx_2675__p16e_043089.jpg,no,3,0.92567658,0.388306,0.55,0.55,0.55,0.931824,0.0,0.730741,0.518432,review,evaluation,,,,,,,,Phase18N confirmatory reviewability packet; labels are not identity labels.
phase18n_dinov2_vitl14_blind_0077,dinov2_vitl14,confirmatory_stratified_blind_review,rank_11_20__similarity_mid__quality_low__different_identity__admission_low,rank_11_20,similarity_mid,quality_low,different_identity,admission_low,phase18a_czechlynx_2591,phase18a_czechlynx_2593,outputs/final_freeze/lynx-wild/images/czechlynx_2591__p16e_043470.jpg,outputs/final_freeze/lynx-wild/images/czechlynx_2593__p16e_042545.jpg,no,11,0.95053351,0.77863,0.55,0.55,0.55,0.828546,0.131139,0.714628,0.728081,review,evaluation,,,,,,,,Phase18N confirmatory reviewability packet; labels are not identity labels.
phase18n_dinov2_vitl14_blind_0078,dinov2_vitl14,confirmatory_stratified_blind_review,rank_02_05__similarity_high__quality_low__different_identity__admission_mid,rank_02_05,similarity_high,quality_low,different_identity,admission_mid,phase18a_czechlynx_2748,phase18a_czechlynx_2843,outputs/final_freeze/lynx-wild/images/czechlynx_2748__p16e_045026.jpg,outputs/final_freeze/lynx-wild/images/czechlynx_2843__p16e_039764.jpg,no,4,0.96457112,0.936166,0.55,0.55,0.55,0.916182,0.258002,0.729547,0.80605,review,evaluation,,,,,,,,Phase18N confirmatory reviewability packet; labels are not identity labels.
phase18n_dinov2_vitl14_blind_0079,dinov2_vitl14,confirmatory_stratified_blind_review,rank_02_05__similarity_low__quality_low__same_identity__admission_low,rank_02_05,similarity_low,quality_low,same_identity,admission_low,phase18a_czechlynx_2168,phase18a_czechlynx_2703,outputs/final_freeze/lynx-wild/images/czechlynx_2168__p16e_028034.jpg,outputs/final_freeze/lynx-wild/images/czechlynx_2703__p16e_028621.jpg,yes,2,0.84041691,0.053868,0.55,0.55,0.55,0.869641,0.0,0.679886,0.291755,review,evaluation,,,,,,,,Phase18N confirmatory reviewability packet; labels are not identity labels.
phase18n_dinov2_vitl14_blind_0080,dinov2_vitl14,confirmatory_stratified_blind_review,rank_06_10__similarity_low__quality_low__same_identity__admission_low,rank_06_10,similarity_low,quality_low,same_identity,admission_low,phase18a_czechlynx_2806,phase18a_czechlynx_2909,outputs/final_freeze/lynx-wild/images/czechlynx_2806__p16e_028648.jpg,outputs/final_freeze/lynx-wild/images/czechlynx_2909__p16e_029009.jpg,yes,6,0.89577705,0.160303,0.55,0.55,0.55,0.748783,0.0,0.65669,0.34893,review,evaluation,,,,,,,,Phase18N confirmatory reviewability packet; labels are not identity labels.
phase18n_dinov2_vitl14_blind_0081,dinov2_vitl14,confirmatory_stratified_blind_review,rank_11_20__similarity_mid__quality_low__different_identity__admission_mid,rank_11_20,similarity_mid,quality_low,different_identity,admission_mid,phase18a_czechlynx_1574,phase18a_czechlynx_1327,outputs/final_freeze/lynx-wild/images/czechlynx_1574__p16e_024862.jpg,outputs/final_freeze/lynx-wild/images/czechlynx_1327__p16e_019018.jpg,no,15,0.94804668,0.742896,0.55,0.55,0.55,0.893143,0.072796,0.74081,0.727544,review,evaluation,,,,,,,,Phase18N confirmatory reviewability packet; labels are not identity labels.
phase18n_dinov2_vitl14_blind_0082,dinov2_vitl14,confirmatory_stratified_blind_review,rank_11_20__similarity_low__quality_low__same_identity__admission_high,rank_11_20,similarity_low,quality_low,same_identity,admission_high,phase18a_czechlynx_1398,phase18a_czechlynx_1392,outputs/final_freeze/lynx-wild/images/czechlynx_1398__p16e_028505.jpg,outputs/final_freeze/lynx-wild/images/czechlynx_1392__p16e_028510.jpg,yes,20,0.94264865,0.655761,0.55,0.55,0.55,0.967842,0.0,0.767572,0.698249,review,evaluation,,,,,,,,Phase18N confirmatory reviewability packet; labels are not identity labels.
phase18n_dinov2_vitl14_blind_0083,dinov2_vitl14,confirmatory_stratified_blind_review,rank_11_20__similarity_high__quality_low__same_identity__admission_low,rank_11_20,similarity_high,quality_low,same_identity,admission_low,phase18a_czechlynx_1530,phase18a_czechlynx_1816,outputs/final_freeze/lynx-wild/images/czechlynx_1530__p16e_028318.jpg,outputs/final_freeze/lynx-wild/images/czechlynx_1816__p16e_028435.jpg,yes,18,0.96468341,0.936949,0.55,0.55,0.55,0.889989,0.267953,0.720301,0.801032,review,evaluation,,,,,,,,Phase18N confirmatory reviewability packet; labels are not identity labels.
phase18n_dinov2_vitl14_blind_0084,dinov2_vitl14,confirmatory_stratified_blind_review,rank_01__similarity_mid__quality_low__different_identity__admission_low,rank_01,similarity_mid,quality_low,different_identity,admission_low,phase18a_czechlynx_2990,phase18a_czechlynx_2096,outputs/final_freeze/lynx-wild/images/czechlynx_2990__p16e_036892.jpg,outputs/final_freeze/lynx-wild/images/czechlynx_2096__p16e_043693.jpg,no,1,0.9576115,0.873981,0.55,0.55,0.55,0.641872,0.291826,0.639757,0.726611,review,evaluation,,,,,,,,Phase18N confirmatory reviewability packet; labels are not identity labels.
phase18n_dinov2_vitl14_blind_0085,dinov2_vitl14,confirmatory_stratified_blind_review,rank_11_20__similarity_low__quality_low__same_identity__admission_high,rank_11_20,similarity_low,quality_low,same_identity,admission_high,phase18a_czechlynx_2146,phase18a_czechlynx_1530,outputs/final_freeze/lynx-wild/images/czechlynx_2146__p16e_028289.jpg,outputs/final_freeze/lynx-wild/images/czechlynx_1530__p16e_028318.jpg,yes,17,0.92965305,0.442091,0.55,0.55,0.55,0.980398,0.0,0.749721,0.55899,review,evaluation,,,,,,,,Phase18N confirmatory reviewability packet; labels are not identity labels.
phase18n_dinov2_vitl14_blind_0086,dinov2_vitl14,confirmatory_stratified_blind_review,rank_01__similarity_low__quality_low__same_identity__admission_mid,rank_01,similarity_low,quality_low,same_identity,admission_mid,phase18a_czechlynx_2855,phase18a_czechlynx_1717,outputs/final_freeze/lynx-wild/images/czechlynx_2855__p16e_042526.jpg,outputs/final_freeze/lynx-wild/images/czechlynx_1717__p16e_042492.jpg,yes,1,0.94002897,0.609593,0.55,0.55,0.55,0.840142,0.0,0.727199,0.654284,review,evaluation,,,,,,,,Phase18N confirmatory reviewability packet; labels are not identity labels.
phase18n_dinov2_vitl14_blind_0087,dinov2_vitl14,confirmatory_stratified_blind_review,rank_02_05__similarity_high__quality_low__same_identity__admission_high,rank_02_05,similarity_high,quality_low,same_identity,admission_high,phase18a_czechlynx_1737,phase18a_czechlynx_1624,outputs/final_freeze/lynx-wild/images/czechlynx_1737__p16e_028428.jpg,outputs/final_freeze/lynx-wild/images/czechlynx_1624__p16e_028294.jpg,yes,5,0.9693113,0.961983,0.55,0.55,0.55,0.998454,0.255024,0.755761,0.832614,review,evaluation,,,,,,,,Phase18N confirmatory reviewability packet; labels are not identity labels.
phase18n_dinov2_vitl14_blind_0088,dinov2_vitl14,confirmatory_stratified_blind_review,rank_11_20__similarity_high__quality_low__same_identity__admission_mid,rank_11_20,similarity_high,quality_low,same_identity,admission_mid,phase18a_czechlynx_1352,phase18a_czechlynx_1504,outputs/final_freeze/lynx-wild/images/czechlynx_1352__p16e_028242.jpg,outputs/final_freeze/lynx-wild/images/czechlynx_1504__p16e_028153.jpg,yes,11,0.96768421,0.954333,0.55,0.55,0.55,0.915277,0.276486,0.727414,0.812806,review,evaluation,,,,,,,,Phase18N confirmatory reviewability packet; labels are not identity labels.
phase18n_dinov2_vitl14_blind_0089,dinov2_vitl14,confirmatory_stratified_blind_review,rank_02_05__similarity_high__quality_low__same_identity__admission_high,rank_02_05,similarity_high,quality_low,same_identity,admission_high,phase18a_czechlynx_1521,phase18a_czechlynx_1724,outputs/final_freeze/lynx-wild/images/czechlynx_1521__p16e_028316.jpg,outputs/final_freeze/lynx-wild/images/czechlynx_1724__p16e_028309.jpg,yes,5,0.97082472,0.967699,0.55,0.55,0.55,0.987209,0.264676,0.751253,0.832515,review,evaluation,,,,,,,,Phase18N confirmatory reviewability packet; labels are not identity labels.
phase18n_dinov2_vitl14_blind_0090,dinov2_vitl14,confirmatory_stratified_blind_review,rank_02_05__similarity_mid__quality_low__same_identity__admission_mid,rank_02_05,similarity_mid,quality_low,same_identity,admission_mid,phase18a_czechlynx_2774,phase18a_czechlynx_2810,outputs/final_freeze/lynx-wild/images/czechlynx_2774__p16e_008367.jpg,outputs/final_freeze/lynx-wild/images/czechlynx_2810__p16e_008366.jpg,yes,2,0.95037651,0.77628,0.55,0.55,0.55,0.915835,0.098237,0.745414,0.744903,review,evaluation,,,,,,,,Phase18N confirmatory reviewability packet; labels are not identity labels.
phase18n_dinov2_vitl14_blind_0091,dinov2_vitl14,confirmatory_stratified_blind_review,rank_02_05__similarity_low__quality_low__different_identity__admission_high,rank_02_05,similarity_low,quality_low,different_identity,admission_high,phase18a_czechlynx_1708,phase18a_czechlynx_1634,outputs/final_freeze/lynx-wild/images/czechlynx_1708__p16e_035036.jpg,outputs/final_freeze/lynx-wild/images/czechlynx_1634__p16e_031686.jpg,no,3,0.9383626,0.579643,0.55,0.55,0.55,0.931377,0.0,0.74975,0.644284,review,evaluation,,,,,,,,Phase18N confirmatory reviewability packet; labels are not identity labels.
phase18n_dinov2_vitl14_blind_0092,dinov2_vitl14,confirmatory_stratified_blind_review,rank_01__similarity_low__quality_low__same_identity__admission_low,rank_01,similarity_low,quality_low,same_identity,admission_low,phase18a_czechlynx_2497,phase18a_czechlynx_2434,outputs/final_freeze/lynx-wild/images/czechlynx_2497__p16e_008653.jpg,outputs/final_freeze/lynx-wild/images/czechlynx_2434__p16e_008665.jpg,yes,1,0.823071,0.041601,0.55,0.55,0.55,0.982085,0.0,0.710144,0.295647,review,evaluation,,,,,,,,Phase18N confirmatory reviewability packet; labels are not identity labels.
phase18n_dinov2_vitl14_blind_0093,dinov2_vitl14,confirmatory_stratified_blind_review,rank_02_05__similarity_high__quality_low__same_identity__admission_high,rank_02_05,similarity_high,quality_low,same_identity,admission_high,phase18a_czechlynx_1902,phase18a_czechlynx_1737,outputs/final_freeze/lynx-wild/images/czechlynx_1902__p16e_028427.jpg,outputs/final_freeze/lynx-wild/images/czechlynx_1737__p16e_028428.jpg,yes,2,0.98774403,0.995483,0.55,0.55,0.55,0.990222,0.291406,0.749529,0.843739,review,evaluation,,,,,,,,Phase18N confirmatory reviewability packet; labels are not identity labels.
phase18n_dinov2_vitl14_blind_0094,dinov2_vitl14,confirmatory_stratified_blind_review,rank_11_20__similarity_low__quality_low__same_identity__admission_mid,rank_11_20,similarity_low,quality_low,same_identity,admission_mid,phase18a_czechlynx_1752,phase18a_czechlynx_1778,outputs/final_freeze/lynx-wild/images/czechlynx_1752__p16e_028047.jpg,outputs/final_freeze/lynx-wild/images/czechlynx_1778__p16e_028357.jpg,yes,16,0.92643571,0.398023,0.55,0.55,0.55,0.953187,0.0,0.737695,0.527099,review,evaluation,,,,,,,,Phase18N confirmatory reviewability packet; labels are not identity labels.
phase18n_dinov2_vitl14_blind_0095,dinov2_vitl14,confirmatory_stratified_blind_review,rank_11_20__similarity_mid__quality_low__different_identity__admission_low,rank_11_20,similarity_mid,quality_low,different_identity,admission_low,phase18a_czechlynx_2426,phase18a_czechlynx_2556,outputs/final_freeze/lynx-wild/images/czechlynx_2426__p16e_044049.jpg,outputs/final_freeze/lynx-wild/images/czechlynx_2556__p16e_019144.jpg,no,13,0.95465744,0.836131,0.55,0.55,0.55,0.863571,0.176381,0.721137,0.757157,review,evaluation,,,,,,,,Phase18N confirmatory reviewability packet; labels are not identity labels.
phase18n_dinov2_vitl14_blind_0096,dinov2_vitl14,confirmatory_stratified_blind_review,rank_02_05__similarity_low__quality_low__same_identity__admission_mid,rank_02_05,similarity_low,quality_low,same_identity,admission_mid,phase18a_czechlynx_2533,phase18a_czechlynx_2653,outputs/final_freeze/lynx-wild/images/czechlynx_2533__p16e_006779.jpg,outputs/final_freeze/lynx-wild/images/czechlynx_2653__p16e_006761.jpg,yes,5,0.92535025,0.384456,0.55,0.55,0.55,0.938033,0.0,0.732095,0.516559,review,evaluation,,,,,,,,Phase18N confirmatory reviewability packet; labels are not identity labels.
phase18n_dinov2_vitl14_blind_0097,dinov2_vitl14,confirmatory_stratified_blind_review,rank_02_05__similarity_mid__quality_low__same_identity__admission_high,rank_02_05,similarity_mid,quality_low,same_identity,admission_high,phase18a_czechlynx_1843,phase18a_czechlynx_1828,outputs/final_freeze/lynx-wild/images/czechlynx_1843__p16e_028431.jpg,outputs/final_freeze/lynx-wild/images/czechlynx_1828__p16e_028225.jpg,yes,4,0.94401073,0.679145,0.55,0.55,0.55,0.943324,0.0,0.763045,0.711027,review,evaluation,,,,,,,,Phase18N confirmatory reviewability packet; labels are not identity labels.
phase18n_dinov2_vitl14_blind_0098,dinov2_vitl14,confirmatory_stratified_blind_review,rank_06_10__similarity_low__quality_low__different_identity__admission_low,rank_06_10,similarity_low,quality_low,different_identity,admission_low,phase18a_czechlynx_1860,phase18a_czechlynx_2277,outputs/final_freeze/lynx-wild/images/czechlynx_1860__p16e_039109.jpg,outputs/final_freeze/lynx-wild/images/czechlynx_2277__p16e_006502.jpg,no,7,0.93268323,0.487725,0.55,0.55,0.55,0.867845,0.0,0.722769,0.577042,review,evaluation,,,,,,,,Phase18N confirmatory reviewability packet; labels are not identity labels.
phase18n_dinov2_vitl14_blind_0099,dinov2_vitl14,confirmatory_stratified_blind_review,rank_01__similarity_high__quality_low__same_identity__admission_high,rank_01,similarity_high,quality_low,same_identity,admission_high,phase18a_czechlynx_1904,phase18a_czechlynx_1856,outputs/final_freeze/lynx-wild/images/czechlynx_1904__p16e_028344.jpg,outputs/final_freeze/lynx-wild/images/czechlynx_1856__p16e_028343.jpg,yes,1,0.99482292,0.99875,0.55,0.55,0.55,0.998443,0.291795,0.75208,0.846656,review,evaluation,,,,,,,,Phase18N confirmatory reviewability packet; labels are not identity labels.
phase18n_dinov2_vitl14_blind_0100,dinov2_vitl14,confirmatory_stratified_blind_review,rank_06_10__similarity_mid__quality_low__different_identity__admission_low,rank_06_10,similarity_mid,quality_low,different_identity,admission_low,phase18a_czechlynx_2489,phase18a_czechlynx_2130,outputs/final_freeze/lynx-wild/images/czechlynx_2489__p16e_034265.jpg,outputs/final_freeze/lynx-wild/images/czechlynx_2130__p16e_045596.jpg,no,10,0.95760167,0.873815,0.55,0.55,0.55,0.764929,0.248589,0.682844,0.751528,review,evaluation,,,,,,,,Phase18N confirmatory reviewability packet; labels are not identity labels.
phase18n_dinov2_vitl14_blind_0101,dinov2_vitl14,confirmatory_stratified_blind_review,rank_01__similarity_mid__quality_low__same_identity__admission_low,rank_01,similarity_mid,quality_low,same_identity,admission_low,phase18a_czechlynx_2703,phase18a_czechlynx_2917,outputs/final_freeze/lynx-wild/images/czechlynx_2703__p16e_028621.jpg,outputs/final_freeze/lynx-wild/images/czechlynx_2917__p16e_028622.jpg,yes,1,0.96185112,0.916532,0.55,0.55,0.55,0.879816,0.251096,0.718782,0.791168,review,evaluation,,,,,,,,Phase18N confirmatory reviewability packet; labels are not identity labels.
phase18n_dinov2_vitl14_blind_0102,dinov2_vitl14,confirmatory_stratified_blind_review,rank_01__similarity_high__quality_low__different_identity__admission_high,rank_01,similarity_high,quality_low,different_identity,admission_high,phase18a_czechlynx_2259,phase18a_czechlynx_1528,outputs/final_freeze/lynx-wild/images/czechlynx_2259__p16e_042179.jpg,outputs/final_freeze/lynx-wild/images/czechlynx_1528__p16e_045112.jpg,no,1,0.96923184,0.961666,0.55,0.55,0.55,0.985505,0.259239,0.75126,0.829864,review,evaluation,,,,,,,,Phase18N confirmatory reviewability packet; labels are not identity labels.
phase18n_dinov2_vitl14_blind_0103,dinov2_vitl14,confirmatory_stratified_blind_review,rank_11_20__similarity_low__quality_low__same_identity__admission_high,rank_11_20,similarity_low,quality_low,same_identity,admission_high,phase18a_czechlynx_1761,phase18a_czechlynx_1534,outputs/final_freeze/lynx-wild/images/czechlynx_1761__p16e_028442.jpg,outputs/final_freeze/lynx-wild/images/czechlynx_1534__p16e_028424.jpg,yes,16,0.94236571,0.651194,0.55,0.55,0.55,0.903098,0.0,0.748987,0.688355,review,evaluation,,,,,,,,Phase18N confirmatory reviewability packet; labels are not identity labels.
phase18n_dinov2_vitl14_blind_0104,dinov2_vitl14,confirmatory_stratified_blind_review,rank_11_20__similarity_low__quality_low__same_identity__admission_mid,rank_11_20,similarity_low,quality_low,same_identity,admission_mid,phase18a_czechlynx_2567,phase18a_czechlynx_2522,outputs/final_freeze/lynx-wild/images/czechlynx_2567__p16e_042910.jpg,outputs/final_freeze/lynx-wild/images/czechlynx_2522__p16e_044172.jpg,yes,11,0.93238747,0.483208,0.55,0.55,0.55,0.916853,0.0,0.73604,0.579284,review,evaluation,,,,,,,,Phase18N confirmatory reviewability packet; labels are not identity labels.
phase18n_dinov2_vitl14_blind_0105,dinov2_vitl14,confirmatory_stratified_blind_review,rank_06_10__similarity_low__quality_low__same_identity__admission_mid,rank_06_10,similarity_low,quality_low,same_identity,admission_mid,phase18a_czechlynx_2653,phase18a_czechlynx_2533,outputs/final_freeze/lynx-wild/images/czechlynx_2653__p16e_006761.jpg,outputs/final_freeze/lynx-wild/images/czechlynx_2533__p16e_006779.jpg,yes,8,0.92535025,0.38444,0.55,0.55,0.55,0.938033,0.0,0.732093,0.516548,review,evaluation,,,,,,,,Phase18N confirmatory reviewability packet; labels are not identity labels.
phase18n_dinov2_vitl14_blind_0106,dinov2_vitl14,confirmatory_stratified_blind_review,rank_02_05__similarity_low__quality_low__same_identity__admission_high,rank_02_05,similarity_low,quality_low,same_identity,admission_high,phase18a_czechlynx_2652,phase18a_czechlynx_2520,outputs/final_freeze/lynx-wild/images/czechlynx_2652__p16e_006764.jpg,outputs/final_freeze/lynx-wild/images/czechlynx_2520__p16e_006887.jpg,yes,2,0.9382751,0.577893,0.55,0.55,0.55,0.952565,0.0,0.755507,0.645386,review,evaluation,,,,,,,,Phase18N confirmatory reviewability packet; labels are not identity labels.
phase18n_dinov2_vitl14_blind_0107,dinov2_vitl14,confirmatory_stratified_blind_review,rank_11_20__similarity_mid__quality_low__same_identity__admission_mid,rank_11_20,similarity_mid,quality_low,same_identity,admission_mid,phase18a_czechlynx_1886,phase18a_czechlynx_1704,outputs/final_freeze/lynx-wild/images/czechlynx_1886__p16e_028534.jpg,outputs/final_freeze/lynx-wild/images/czechlynx_1704__p16e_028331.jpg,yes,16,0.94589514,0.708978,0.55,0.55,0.55,0.899582,0.036625,0.746456,0.715895,review,evaluation,,,,,,,,Phase18N confirmatory reviewability packet; labels are not identity labels.
phase18n_dinov2_vitl14_blind_0108,dinov2_vitl14,confirmatory_stratified_blind_review,rank_06_10__similarity_high__quality_low__same_identity__admission_mid,rank_06_10,similarity_high,quality_low,same_identity,admission_mid,phase18a_czechlynx_1802,phase18a_czechlynx_1787,outputs/final_freeze/lynx-wild/images/czechlynx_1802__p16e_028444.jpg,outputs/final_freeze/lynx-wild/images/czechlynx_1787__p16e_028183.jpg,yes,7,0.96743172,0.953316,0.55,0.55,0.55,0.947564,0.264168,0.738816,0.818972,review,evaluation,,,,,,,,Phase18N confirmatory reviewability packet; labels are not identity labels.
phase18n_dinov2_vitl14_blind_0109,dinov2_vitl14,confirmatory_stratified_blind_review,rank_02_05__similarity_mid__quality_low__different_identity__admission_high,rank_02_05,similarity_mid,quality_low,different_identity,admission_high,phase18a_czechlynx_2803,phase18a_czechlynx_2213,outputs/final_freeze/lynx-wild/images/czechlynx_2803__p16e_043467.jpg,outputs/final_freeze/lynx-wild/images/czechlynx_2213__p16e_039749.jpg,no,4,0.95889062,0.888431,0.55,0.55,0.55,0.996891,0.18202,0.762569,0.8042,review,evaluation,,,,,,,,Phase18N confirmatory reviewability packet; labels are not identity labels.
phase18n_dinov2_vitl14_blind_0110,dinov2_vitl14,confirmatory_stratified_blind_review,rank_01__similarity_mid__quality_low__same_identity__admission_low,rank_01,similarity_mid,quality_low,same_identity,admission_low,phase18a_czechlynx_1574,phase18a_czechlynx_1298,outputs/final_freeze/lynx-wild/images/czechlynx_1574__p16e_024862.jpg,outputs/final_freeze/lynx-wild/images/czechlynx_1298__p16e_028538.jpg,yes,1,0.96295166,0.925332,0.55,0.55,0.55,0.809808,0.284399,0.6934,0.780318,review,evaluation,,,,,,,,Phase18N confirmatory reviewability packet; labels are not identity labels.
phase18n_dinov2_vitl14_blind_0111,dinov2_vitl14,confirmatory_stratified_blind_review,rank_01__similarity_low__quality_low__different_identity__admission_mid,rank_01,similarity_low,quality_low,different_identity,admission_mid,phase18a_czechlynx_1576,phase18a_czechlynx_1411,outputs/final_freeze/lynx-wild/images/czechlynx_1576__p16e_045910.jpg,outputs/final_freeze/lynx-wild/images/czechlynx_1411__p16e_042742.jpg,no,1,0.90330505,0.191953,0.55,0.55,0.55,0.979632,0.0,0.724492,0.394318,review,evaluation,,,,,,,,Phase18N confirmatory reviewability packet; labels are not identity labels.
phase18n_dinov2_vitl14_blind_0112,dinov2_vitl14,confirmatory_stratified_blind_review,rank_11_20__similarity_low__quality_low__different_identity__admission_high,rank_11_20,similarity_low,quality_low,different_identity,admission_high,phase18a_czechlynx_1776,phase18a_czechlynx_2209,outputs/final_freeze/lynx-wild/images/czechlynx_1776__p16e_032539.jpg,outputs/final_freeze/lynx-wild/images/czechlynx_2209__p16e_020076.jpg,no,18,0.93980986,0.605477,0.55,0.55,0.55,0.965557,0.0,0.761904,0.664919,review,evaluation,,,,,,,,Phase18N confirmatory reviewability packet; labels are not identity labels.
phase18n_dinov2_vitl14_blind_0113,dinov2_vitl14,confirmatory_stratified_blind_review,rank_02_05__similarity_mid__quality_low__same_identity__admission_high,rank_02_05,similarity_mid,quality_low,same_identity,admission_high,phase18a_czechlynx_2482,phase18a_czechlynx_2699,outputs/final_freeze/lynx-wild/images/czechlynx_2482__p16e_025065.jpg,outputs/final_freeze/lynx-wild/images/czechlynx_2699__p16e_025032.jpg,yes,2,0.95621562,0.856131,0.55,0.55,0.55,0.990974,0.15179,0.763728,0.79066,review,evaluation,,,,,,,,Phase18N confirmatory reviewability packet; labels are not identity labels.
phase18n_dinov2_vitl14_blind_0114,dinov2_vitl14,confirmatory_stratified_blind_review,rank_11_20__similarity_low__quality_low__same_identity__admission_high,rank_11_20,similarity_low,quality_low,same_identity,admission_high,phase18a_czechlynx_1852,phase18a_czechlynx_2062,outputs/final_freeze/lynx-wild/images/czechlynx_1852__p16e_028146.jpg,outputs/final_freeze/lynx-wild/images/czechlynx_2062__p16e_028333.jpg,yes,14,0.93764108,0.567526,0.55,0.55,0.55,0.994462,0.0,0.766202,0.643023,review,evaluation,,,,,,,,Phase18N confirmatory reviewability packet; labels are not identity labels.
phase18n_dinov2_vitl14_blind_0115,dinov2_vitl14,confirmatory_stratified_blind_review,rank_02_05__similarity_mid__quality_low__different_identity__admission_low,rank_02_05,similarity_mid,quality_low,different_identity,admission_low,phase18a_czechlynx_2803,phase18a_czechlynx_2320,outputs/final_freeze/lynx-wild/images/czechlynx_2803__p16e_043467.jpg,outputs/final_freeze/lynx-wild/images/czechlynx_2320__p16e_032848.jpg,no,5,0.95254385,0.807797,0.55,0.55,0.55,0.817084,0.164317,0.7077,0.736897,review,evaluation,,,,,,,,Phase18N confirmatory reviewability packet; labels are not identity labels.
phase18n_dinov2_vitl14_blind_0116,dinov2_vitl14,confirmatory_stratified_blind_review,rank_02_05__similarity_low__quality_low__same_identity__admission_high,rank_02_05,similarity_low,quality_low,same_identity,admission_high,phase18a_czechlynx_1445,phase18a_czechlynx_1814,outputs/final_freeze/lynx-wild/images/czechlynx_1445__p16e_028359.jpg,outputs/final_freeze/lynx-wild/images/czechlynx_1814__p16e_028197.jpg,yes,3,0.93138337,0.467958,0.55,0.55,0.55,0.991421,0.0,0.755394,0.577184,review,evaluation,,,,,,,,Phase18N confirmatory reviewability packet; labels are not identity labels.
phase18n_dinov2_vitl14_blind_0117,dinov2_vitl14,confirmatory_stratified_blind_review,rank_11_20__similarity_mid__quality_low__same_identity__admission_mid,rank_11_20,similarity_mid,quality_low,same_identity,admission_mid,phase18a_czechlynx_1352,phase18a_czechlynx_1789,outputs/final_freeze/lynx-wild/images/czechlynx_1352__p16e_028242.jpg,outputs/final_freeze/lynx-wild/images/czechlynx_1789__p16e_028399.jpg,yes,18,0.96323681,0.927382,0.55,0.55,0.55,0.923284,0.246733,0.732911,0.804136,review,evaluation,,,,,,,,Phase18N confirmatory reviewability packet; labels are not identity labels.
phase18n_dinov2_vitl14_blind_0118,dinov2_vitl14,confirmatory_stratified_blind_review,rank_06_10__similarity_mid__quality_low__different_identity__admission_mid,rank_06_10,similarity_mid,quality_low,different_identity,admission_mid,phase18a_czechlynx_2489,phase18a_czechlynx_2411,outputs/final_freeze/lynx-wild/images/czechlynx_2489__p16e_034265.jpg,outputs/final_freeze/lynx-wild/images/czechlynx_2411__p16e_041928.jpg,no,6,0.95895463,0.889348,0.55,0.55,0.55,0.946066,0.200725,0.744688,0.794232,review,evaluation,,,,,,,,Phase18N confirmatory reviewability packet; labels are not identity labels.
phase18n_dinov2_vitl14_blind_0119,dinov2_vitl14,confirmatory_stratified_blind_review,rank_01__similarity_mid__quality_low__same_identity__admission_mid,rank_01,similarity_mid,quality_low,same_identity,admission_mid,phase18a_czechlynx_2926,phase18a_czechlynx_1390,outputs/final_freeze/lynx-wild/images/czechlynx_2926__p16e_025067.jpg,outputs/final_freeze/lynx-wild/images/czechlynx_1390__p16e_026828.jpg,yes,1,0.95113856,0.78758,0.55,0.55,0.55,0.905525,0.113146,0.740676,0.747127,review,evaluation,,,,,,,,Phase18N confirmatory reviewability packet; labels are not identity labels.
phase18n_dinov2_vitl14_blind_0120,dinov2_vitl14,confirmatory_stratified_blind_review,rank_11_20__similarity_low__quality_low__same_identity__admission_high,rank_11_20,similarity_low,quality_low,same_identity,admission_high,phase18a_czechlynx_1945,phase18a_czechlynx_1863,outputs/final_freeze/lynx-wild/images/czechlynx_1945__p16e_028213.jpg,outputs/final_freeze/lynx-wild/images/czechlynx_1863__p16e_028488.jpg,yes,11,0.93754917,0.566226,0.55,0.55,0.55,0.942042,0.0,0.751394,0.63659,review,evaluation,,,,,,,,Phase18N confirmatory reviewability packet; labels are not identity labels.
phase18n_dinov2_vitl14_blind_0121,dinov2_vitl14,confirmatory_stratified_blind_review,rank_06_10__similarity_low__quality_low__different_identity__admission_low,rank_06_10,similarity_low,quality_low,different_identity,admission_low,phase18a_czechlynx_2507,phase18a_czechlynx_2331,outputs/final_freeze/lynx-wild/images/czechlynx_2507__p16e_008654.jpg,outputs/final_freeze/lynx-wild/images/czechlynx_2331__p16e_045945.jpg,no,8,0.45894927,0.005717,0.55,0.55,0.55,0.730808,0.0,0.636198,0.2453,review,evaluation,,,,,,,,Phase18N confirmatory reviewability packet; labels are not identity labels.
phase18n_dinov2_vitl14_blind_0122,dinov2_vitl14,confirmatory_stratified_blind_review,rank_11_20__similarity_mid__quality_low__same_identity__admission_mid,rank_11_20,similarity_mid,quality_low,same_identity,admission_mid,phase18a_czechlynx_1728,phase18a_czechlynx_1940,outputs/final_freeze/lynx-wild/images/czechlynx_1728__p16e_028440.jpg,outputs/final_freeze/lynx-wild/images/czechlynx_1940__p16e_028174.jpg,yes,18,0.96252501,0.921749,0.55,0.55,0.55,0.91322,0.244622,0.729952,0.799942,review,evaluation,,,,,,,,Phase18N confirmatory reviewability packet; labels are not identity labels.
phase18n_dinov2_vitl14_blind_0123,dinov2_vitl14,confirmatory_stratified_blind_review,rank_01__similarity_low__quality_low__same_identity__admission_high,rank_01,similarity_low,quality_low,same_identity,admission_high,phase18a_czechlynx_2560,phase18a_czechlynx_2009,outputs/final_freeze/lynx-wild/images/czechlynx_2560__p16e_006778.jpg,outputs/final_freeze/lynx-wild/images/czechlynx_2009__p16e_007821.jpg,yes,1,0.93789804,0.57161,0.55,0.55,0.55,0.942503,0.0,0.752062,0.640181,review,evaluation,,,,,,,,Phase18N confirmatory reviewability packet; labels are not identity labels.
phase18n_dinov2_vitl14_blind_0124,dinov2_vitl14,confirmatory_stratified_blind_review,rank_01__similarity_high__quality_low__same_identity__admission_high,rank_01,similarity_high,quality_low,same_identity,admission_high,phase18a_czechlynx_1881,phase18a_czechlynx_1733,outputs/final_freeze/lynx-wild/images/czechlynx_1881__p16e_028268.jpg,outputs/final_freeze/lynx-wild/images/czechlynx_1733__p16e_028267.jpg,yes,1,0.97133613,0.969716,0.55,0.55,0.55,1.0,0.262216,0.755528,0.835881,review,evaluation,,,,,,,,Phase18N confirmatory reviewability packet; labels are not identity labels.
phase18n_dinov2_vitl14_blind_0125,dinov2_vitl14,confirmatory_stratified_blind_review,rank_06_10__similarity_low__quality_low__same_identity__admission_mid,rank_06_10,similarity_low,quality_low,same_identity,admission_mid,phase18a_czechlynx_2146,phase18a_czechlynx_1823,outputs/final_freeze/lynx-wild/images/czechlynx_2146__p16e_028289.jpg,outputs/final_freeze/lynx-wild/images/czechlynx_1823__p16e_028396.jpg,yes,10,0.93520558,0.526875,0.55,0.55,0.55,0.925125,0.0,0.742723,0.608898,review,evaluation,,,,,,,,Phase18N confirmatory reviewability packet; labels are not identity labels.
phase18n_dinov2_vitl14_blind_0126,dinov2_vitl14,confirmatory_stratified_blind_review,rank_11_20__similarity_high__quality_low__same_identity__admission_mid,rank_11_20,similarity_high,quality_low,same_identity,admission_mid,phase18a_czechlynx_1607,phase18a_czechlynx_1789,outputs/final_freeze/lynx-wild/images/czechlynx_1607__p16e_028492.jpg,outputs/final_freeze/lynx-wild/images/czechlynx_1789__p16e_028399.jpg,yes,20,0.96417081,0.933366,0.55,0.55,0.55,0.910479,0.257198,0.727831,0.803823,review,evaluation,,,,,,,,Phase18N confirmatory reviewability packet; labels are not identity labels.
phase18n_dinov2_vitl14_blind_0127,dinov2_vitl14,confirmatory_stratified_blind_review,rank_01__similarity_high__quality_low__same_identity__admission_low,rank_01,similarity_high,quality_low,same_identity,admission_low,phase18a_czechlynx_1816,phase18a_czechlynx_1495,outputs/final_freeze/lynx-wild/images/czechlynx_1816__p16e_028435.jpg,outputs/final_freeze/lynx-wild/images/czechlynx_1495__p16e_028411.jpg,yes,1,0.97778523,0.984983,0.55,0.55,0.55,0.889535,0.316146,0.715339,0.819289,review,evaluation,,,,,,,,Phase18N confirmatory reviewability packet; labels are not identity labels.
phase18n_dinov2_vitl14_blind_0128,dinov2_vitl14,confirmatory_stratified_blind_review,rank_11_20__similarity_mid__quality_low__same_identity__admission_low,rank_11_20,similarity_mid,quality_low,same_identity,admission_low,phase18a_czechlynx_1829,phase18a_czechlynx_2112,outputs/final_freeze/lynx-wild/images/czechlynx_1829__p16e_028400.jpg,outputs/final_freeze/lynx-wild/images/czechlynx_2112__p16e_028181.jpg,yes,20,0.96211421,0.918749,0.55,0.55,0.55,0.832827,0.269759,0.702115,0.782476,review,evaluation,,,,,,,,Phase18N confirmatory reviewability packet; labels are not identity labels.
phase18n_dinov2_vitl14_blind_0129,dinov2_vitl14,confirmatory_stratified_blind_review,rank_02_05__similarity_mid__quality_low__different_identity__admission_mid,rank_02_05,similarity_mid,quality_low,different_identity,admission_mid,phase18a_czechlynx_2352,phase18a_czechlynx_2405,outputs/final_freeze/lynx-wild/images/czechlynx_2352__p16e_033596.jpg,outputs/final_freeze/lynx-wild/images/czechlynx_2405__p16e_040189.jpg,no,4,0.94516534,0.697495,0.55,0.55,0.55,0.901855,0.024346,0.7484,0.71197,review,evaluation,,,,,,,,Phase18N confirmatory reviewability packet; labels are not identity labels.
phase18n_dinov2_vitl14_blind_0130,dinov2_vitl14,confirmatory_stratified_blind_review,rank_01__similarity_high__quality_low__same_identity__admission_low,rank_01,similarity_high,quality_low,same_identity,admission_low,phase18a_czechlynx_2699,phase18a_czechlynx_1390,outputs/final_freeze/lynx-wild/images/czechlynx_2699__p16e_025032.jpg,outputs/final_freeze/lynx-wild/images/czechlynx_1390__p16e_026828.jpg,yes,1,0.96894878,0.960466,0.55,0.55,0.55,0.882636,0.294043,0.715376,0.808523,review,evaluation,,,,,,,,Phase18N confirmatory reviewability packet; labels are not identity labels.
phase18n_dinov2_vitl14_blind_0131,dinov2_vitl14,confirmatory_stratified_blind_review,rank_02_05__similarity_high__quality_low__same_identity__admission_low,rank_02_05,similarity_high,quality_low,same_identity,admission_low,phase18a_czechlynx_1751,phase18a_czechlynx_1847,outputs/final_freeze/lynx-wild/images/czechlynx_1751__p16e_028142.jpg,outputs/final_freeze/lynx-wild/images/czechlynx_1847__p16e_028401.jpg,yes,5,0.96860534,0.959033,0.55,0.55,0.55,0.899951,0.28655,0.72158,0.811491,review,evaluation,,,,,,,,Phase18N confirmatory reviewability packet; labels are not identity labels.
phase18n_dinov2_vitl14_blind_0132,dinov2_vitl14,confirmatory_stratified_blind_review,rank_02_05__similarity_mid__quality_low__different_identity__admission_low,rank_02_05,similarity_mid,quality_low,different_identity,admission_low,phase18a_czechlynx_2909,phase18a_czechlynx_1400,outputs/final_freeze/lynx-wild/images/czechlynx_2909__p16e_029009.jpg,outputs/final_freeze/lynx-wild/images/czechlynx_1400__p16e_037671.jpg,no,3,0.94368303,0.673611,0.55,0.350195,0.350195,0.543305,0.255828,0.515403,0.562327,defer_low_evidence,evaluation,,,,,,,,Phase18N confirmatory reviewability packet; labels are not identity labels.
phase18n_dinov2_vitl14_blind_0133,dinov2_vitl14,confirmatory_stratified_blind_review,rank_06_10__similarity_low__quality_low__same_identity__admission_high,rank_06_10,similarity_low,quality_low,same_identity,admission_high,phase18a_czechlynx_2066,phase18a_czechlynx_1728,outputs/final_freeze/lynx-wild/images/czechlynx_2066__p16e_028421.jpg,outputs/final_freeze/lynx-wild/images/czechlynx_1728__p16e_028440.jpg,yes,6,0.93014562,0.449041,0.55,0.55,0.55,0.986984,0.0,0.75226,0.564264,review,evaluation,,,,,,,,Phase18N confirmatory reviewability packet; labels are not identity labels.
phase18n_dinov2_vitl14_blind_0134,dinov2_vitl14,confirmatory_stratified_blind_review,rank_02_05__similarity_high__quality_low__same_identity__admission_mid,rank_02_05,similarity_high,quality_low,same_identity,admission_mid,phase18a_czechlynx_1633,phase18a_czechlynx_1355,outputs/final_freeze/lynx-wild/images/czechlynx_1633__p16e_028523.jpg,outputs/final_freeze/lynx-wild/images/czechlynx_1355__p16e_028515.jpg,yes,4,0.96789938,0.955349,0.55,0.55,0.55,0.92611,0.273711,0.731104,0.815394,review,evaluation,,,,,,,,Phase18N confirmatory reviewability packet; labels are not identity labels.
phase18n_dinov2_vitl14_blind_0135,dinov2_vitl14,confirmatory_stratified_blind_review,rank_02_05__similarity_low__quality_low__different_identity__admission_high,rank_02_05,similarity_low,quality_low,different_identity,admission_high,phase18a_czechlynx_2520,phase18a_czechlynx_1545,outputs/final_freeze/lynx-wild/images/czechlynx_2520__p16e_006887.jpg,outputs/final_freeze/lynx-wild/images/czechlynx_1545__p16e_041647.jpg,no,3,0.94265199,0.655811,0.55,0.55,0.55,0.932956,0.0,0.757809,0.69457,review,evaluation,,,,,,,,Phase18N confirmatory reviewability packet; labels are not identity labels.
phase18n_dinov2_vitl14_blind_0136,dinov2_vitl14,confirmatory_stratified_blind_review,rank_01__similarity_mid__quality_low__same_identity__admission_high,rank_01,similarity_mid,quality_low,same_identity,admission_high,phase18a_czechlynx_1602,phase18a_czechlynx_1456,outputs/final_freeze/lynx-wild/images/czechlynx_1602__p16e_028363.jpg,outputs/final_freeze/lynx-wild/images/czechlynx_1456__p16e_028437.jpg,yes,1,0.9498775,0.769713,0.55,0.55,0.55,0.971642,0.072138,0.765603,0.753723,review,evaluation,,,,,,,,Phase18N confirmatory reviewability packet; labels are not identity labels.
phase18n_dinov2_vitl14_blind_0137,dinov2_vitl14,confirmatory_stratified_blind_review,rank_02_05__similarity_high__quality_low__same_identity__admission_low,rank_02_05,similarity_high,quality_low,same_identity,admission_low,phase18a_czechlynx_2097,phase18a_czechlynx_1847,outputs/final_freeze/lynx-wild/images/czechlynx_2097__p16e_028393.jpg,outputs/final_freeze/lynx-wild/images/czechlynx_1847__p16e_028401.jpg,yes,3,0.97565901,0.98075,0.55,0.55,0.55,0.910721,0.304497,0.723177,0.821973,review,evaluation,,,,,,,,Phase18N confirmatory reviewability packet; labels are not identity labels.
phase18n_dinov2_vitl14_blind_0138,dinov2_vitl14,confirmatory_stratified_blind_review,rank_06_10__similarity_low__quality_low__same_identity__admission_high,rank_06_10,similarity_low,quality_low,same_identity,admission_high,phase18a_czechlynx_2146,phase18a_czechlynx_1768,outputs/final_freeze/lynx-wild/images/czechlynx_2146__p16e_028289.jpg,outputs/final_freeze/lynx-wild/images/czechlynx_1768__p16e_028314.jpg,yes,7,0.94226217,0.649827,0.55,0.55,0.55,0.999453,0.0,0.77583,0.697708,review,evaluation,,,,,,,,Phase18N confirmatory reviewability packet; labels are not identity labels.
phase18n_dinov2_vitl14_blind_0139,dinov2_vitl14,confirmatory_stratified_blind_review,rank_11_20__similarity_mid__quality_low__different_identity__admission_mid,rank_11_20,similarity_mid,quality_low,different_identity,admission_mid,phase18a_czechlynx_2748,phase18a_czechlynx_1908,outputs/final_freeze/lynx-wild/images/czechlynx_2748__p16e_045026.jpg,outputs/final_freeze/lynx-wild/images/czechlynx_1908__p16e_041905.jpg,no,13,0.95737952,0.870998,0.55,0.55,0.55,0.905046,0.196732,0.732166,0.778895,review,evaluation,,,,,,,,Phase18N confirmatory reviewability packet; labels are not identity labels.
phase18n_dinov2_vitl14_blind_0140,dinov2_vitl14,confirmatory_stratified_blind_review,rank_06_10__similarity_high__quality_low__same_identity__admission_low,rank_06_10,similarity_high,quality_low,same_identity,admission_low,phase18a_czechlynx_1943,phase18a_czechlynx_1619,outputs/final_freeze/lynx-wild/images/czechlynx_1943__p16e_028389.jpg,outputs/final_freeze/lynx-wild/images/czechlynx_1619__p16e_028365.jpg,yes,6,0.97524017,0.979816,0.55,0.55,0.55,0.905667,0.305333,0.721502,0.82059,review,evaluation,,,,,,,,Phase18N confirmatory reviewability packet; labels are not identity labels.
phase18n_dinov2_vitl14_blind_0141,dinov2_vitl14,confirmatory_stratified_blind_review,rank_02_05__similarity_low__quality_low__different_identity__admission_low,rank_02_05,similarity_low,quality_low,different_identity,admission_low,phase18a_czechlynx_2876,phase18a_czechlynx_2439,outputs/final_freeze/lynx-wild/images/czechlynx_2876__p16e_042638.jpg,outputs/final_freeze/lynx-wild/images/czechlynx_2439__p16e_042920.jpg,no,5,0.91414338,0.263088,0.408203,0.385645,0.385645,0.968424,0.0,0.659438,0.413701,review,evaluation,,,,,,,,Phase18N confirmatory reviewability packet; labels are not identity labels.
phase18n_dinov2_vitl14_blind_0142,dinov2_vitl14,confirmatory_stratified_blind_review,rank_01__similarity_low__quality_low__same_identity__admission_mid,rank_01,similarity_low,quality_low,same_identity,admission_mid,phase18a_czechlynx_2695,phase18a_czechlynx_1745,outputs/final_freeze/lynx-wild/images/czechlynx_2695__p16e_037602.jpg,outputs/final_freeze/lynx-wild/images/czechlynx_1745__p16e_037603.jpg,yes,1,0.92086375,0.330522,0.55,0.55,0.55,0.974161,0.0,0.736817,0.484914,review,evaluation,,,,,,,,Phase18N confirmatory reviewability packet; labels are not identity labels.
phase18n_dinov2_vitl14_blind_0143,dinov2_vitl14,confirmatory_stratified_blind_review,rank_01__similarity_high__quality_low__same_identity__admission_low,rank_01,similarity_high,quality_low,same_identity,admission_low,phase18a_czechlynx_1909,phase18a_czechlynx_1671,outputs/final_freeze/lynx-wild/images/czechlynx_1909__p16e_028285.jpg,outputs/final_freeze/lynx-wild/images/czechlynx_1671__p16e_028231.jpg,yes,1,0.97026193,0.965466,0.55,0.55,0.55,0.90532,0.291104,0.722815,0.815038,review,evaluation,,,,,,,,Phase18N confirmatory reviewability packet; labels are not identity labels.
phase18n_dinov2_vitl14_blind_0144,dinov2_vitl14,confirmatory_stratified_blind_review,rank_06_10__similarity_high__quality_low__same_identity__admission_mid,rank_06_10,similarity_high,quality_low,same_identity,admission_mid,phase18a_czechlynx_1492,phase18a_czechlynx_1709,outputs/final_freeze/lynx-wild/images/czechlynx_1492__p16e_028470.jpg,outputs/final_freeze/lynx-wild/images/czechlynx_1709__p16e_028469.jpg,yes,7,0.97030699,0.965649,0.55,0.55,0.55,0.975697,0.266655,0.747429,0.829395,review,evaluation,,,,,,,,Phase18N confirmatory reviewability packet; labels are not identity labels.
phase18n_dinov2_vitl14_blind_0145,dinov2_vitl14,confirmatory_stratified_blind_review,rank_06_10__similarity_low__quality_low__same_identity__admission_low,rank_06_10,similarity_low,quality_low,same_identity,admission_low,phase18a_czechlynx_1849,phase18a_czechlynx_2047,outputs/final_freeze/lynx-wild/images/czechlynx_1849__p16e_028459.jpg,outputs/final_freeze/lynx-wild/images/czechlynx_2047__p16e_028186.jpg,yes,9,0.91970593,0.317355,0.55,0.55,0.55,0.818486,0.0,0.691912,0.459687,review,evaluation,,,,,,,,Phase18N confirmatory reviewability packet; labels are not identity labels.
phase18n_dinov2_vitl14_blind_0146,dinov2_vitl14,confirmatory_stratified_blind_review,rank_06_10__similarity_low__quality_low__same_identity__admission_mid,rank_06_10,similarity_low,quality_low,same_identity,admission_mid,phase18a_czechlynx_1983,phase18a_czechlynx_1969,outputs/final_freeze/lynx-wild/images/czechlynx_1983__p16e_028416.jpg,outputs/final_freeze/lynx-wild/images/czechlynx_1969__p16e_028420.jpg,yes,6,0.92204458,0.343589,0.55,0.55,0.55,0.996671,0.0,0.744427,0.495907,review,evaluation,,,,,,,,Phase18N confirmatory reviewability packet; labels are not identity labels.
phase18n_dinov2_vitl14_blind_0147,dinov2_vitl14,confirmatory_stratified_blind_review,rank_01__similarity_mid__quality_low__different_identity__admission_high,rank_01,similarity_mid,quality_low,different_identity,admission_high,phase18a_czechlynx_2727,phase18a_czechlynx_2638,outputs/final_freeze/lynx-wild/images/czechlynx_2727__p16e_042909.jpg,outputs/final_freeze/lynx-wild/images/czechlynx_2638__p16e_038109.jpg,no,1,0.9441089,0.680795,0.55,0.55,0.55,0.936832,0.0,0.761392,0.711422,review,evaluation,,,,,,,,Phase18N confirmatory reviewability packet; labels are not identity labels.
phase18n_dinov2_vitl14_blind_0148,dinov2_vitl14,confirmatory_stratified_blind_review,rank_11_20__similarity_low__quality_low__same_identity__admission_low,rank_11_20,similarity_low,quality_low,same_identity,admission_low,phase18a_czechlynx_1795,phase18a_czechlynx_1980,outputs/final_freeze/lynx-wild/images/czechlynx_1795__p16e_028219.jpg,outputs/final_freeze/lynx-wild/images/czechlynx_1980__p16e_028180.jpg,yes,16,0.92783314,0.417074,0.55,0.55,0.55,0.850415,0.0,0.710824,0.528699,review,evaluation,,,,,,,,Phase18N confirmatory reviewability packet; labels are not identity labels.
phase18n_dinov2_vitl14_blind_0149,dinov2_vitl14,confirmatory_stratified_blind_review,rank_11_20__similarity_mid__quality_low__same_identity__admission_low,rank_11_20,similarity_mid,quality_low,same_identity,admission_low,phase18a_czechlynx_1325,phase18a_czechlynx_1473,outputs/final_freeze/lynx-wild/images/czechlynx_1325__p16e_028522.jpg,outputs/final_freeze/lynx-wild/images/czechlynx_1473__p16e_028281.jpg,yes,17,0.96260554,0.922499,0.55,0.55,0.55,0.878345,0.257578,0.717671,0.793149,review,evaluation,,,,,,,,Phase18N confirmatory reviewability packet; labels are not identity labels.
phase18n_dinov2_vitl14_blind_0150,dinov2_vitl14,confirmatory_stratified_blind_review,rank_06_10__similarity_mid__quality_low__different_identity__admission_low,rank_06_10,similarity_mid,quality_low,different_identity,admission_low,phase18a_czechlynx_2990,phase18a_czechlynx_1952,outputs/final_freeze/lynx-wild/images/czechlynx_2990__p16e_036892.jpg,outputs/final_freeze/lynx-wild/images/czechlynx_1952__p16e_044198.jpg,no,7,0.94609588,0.712312,0.55,0.55,0.55,0.649234,0.12758,0.658501,0.666348,review,evaluation,,,,,,,,Phase18N confirmatory reviewability packet; labels are not identity labels.
phase18n_dinov2_vitl14_blind_0151,dinov2_vitl14,confirmatory_stratified_blind_review,rank_02_05__similarity_low__quality_low__same_identity__admission_high,rank_02_05,similarity_low,quality_low,same_identity,admission_high,phase18a_czechlynx_2317,phase18a_czechlynx_2653,outputs/final_freeze/lynx-wild/images/czechlynx_2317__p16e_007827.jpg,outputs/final_freeze/lynx-wild/images/czechlynx_2653__p16e_006761.jpg,yes,3,0.94221365,0.649194,0.55,0.55,0.55,0.940157,0.0,0.759163,0.690982,review,evaluation,,,,,,,,Phase18N confirmatory reviewability packet; labels are not identity labels.
phase18n_dinov2_vitl14_blind_0152,dinov2_vitl14,confirmatory_stratified_blind_review,rank_06_10__similarity_high__quality_low__same_identity__admission_low,rank_06_10,similarity_high,quality_low,same_identity,admission_low,phase18a_czechlynx_1405,phase18a_czechlynx_1538,outputs/final_freeze/lynx-wild/images/czechlynx_1405__p16e_028512.jpg,outputs/final_freeze/lynx-wild/images/czechlynx_1538__p16e_028425.jpg,yes,8,0.96800053,0.955866,0.55,0.55,0.55,0.895921,0.284794,0.720486,0.809463,review,evaluation,,,,,,,,Phase18N confirmatory reviewability packet; labels are not identity labels.
phase18n_dinov2_vitl14_blind_0153,dinov2_vitl14,confirmatory_stratified_blind_review,rank_06_10__similarity_low__quality_low__different_identity__admission_low,rank_06_10,similarity_low,quality_low,different_identity,admission_low,phase18a_czechlynx_2964,phase18a_czechlynx_2096,outputs/final_freeze/lynx-wild/images/czechlynx_2964__p16e_041152.jpg,outputs/final_freeze/lynx-wild/images/czechlynx_2096__p16e_043693.jpg,no,8,0.93861938,0.58411,0.55,0.55,0.55,0.740519,0.0,0.696756,0.626915,review,evaluation,,,,,,,,Phase18N confirmatory reviewability packet; labels are not identity labels.
phase18n_dinov2_vitl14_blind_0154,dinov2_vitl14,confirmatory_stratified_blind_review,rank_06_10__similarity_mid__quality_low__same_identity__admission_low,rank_06_10,similarity_mid,quality_low,same_identity,admission_low,phase18a_czechlynx_1909,phase18a_czechlynx_1609,outputs/final_freeze/lynx-wild/images/czechlynx_1909__p16e_028285.jpg,outputs/final_freeze/lynx-wild/images/czechlynx_1609__p16e_028482.jpg,yes,9,0.9599663,0.900298,0.55,0.55,0.55,0.87203,0.237588,0.717681,0.783386,review,evaluation,,,,,,,,Phase18N confirmatory reviewability packet; labels are not identity labels.
phase18n_dinov2_vitl14_blind_0155,dinov2_vitl14,confirmatory_stratified_blind_review,rank_11_20__similarity_mid__quality_low__different_identity__admission_high,rank_11_20,similarity_mid,quality_low,different_identity,admission_high,phase18a_czechlynx_2803,phase18a_czechlynx_2626,outputs/final_freeze/lynx-wild/images/czechlynx_2803__p16e_043467.jpg,outputs/final_freeze/lynx-wild/images/czechlynx_2626__p16e_036322.jpg,no,19,0.94838786,0.747162,0.55,0.55,0.55,0.988006,0.04386,0.773586,0.748431,review,evaluation,,,,,,,,Phase18N confirmatory reviewability packet; labels are not identity labels.
phase18n_dinov2_vitl14_blind_0156,dinov2_vitl14,confirmatory_stratified_blind_review,rank_02_05__similarity_high__quality_low__same_identity__admission_low,rank_02_05,similarity_high,quality_low,same_identity,admission_low,phase18a_czechlynx_1548,phase18a_czechlynx_2016,outputs/final_freeze/lynx-wild/images/czechlynx_1548__p16e_028405.jpg,outputs/final_freeze/lynx-wild/images/czechlynx_2016__p16e_028394.jpg,yes,2,0.97715473,0.983566,0.55,0.55,0.55,0.900846,0.31077,0.71944,0.821044,review,evaluation,,,,,,,,Phase18N confirmatory reviewability packet; labels are not identity labels.
phase18n_dinov2_vitl14_blind_0157,dinov2_vitl14,confirmatory_stratified_blind_review,rank_01__similarity_mid__quality_low__same_identity__admission_high,rank_01,similarity_mid,quality_low,same_identity,admission_high,phase18a_czechlynx_1572,phase18a_czechlynx_1633,outputs/final_freeze/lynx-wild/images/czechlynx_1572__p16e_028418.jpg,outputs/final_freeze/lynx-wild/images/czechlynx_1633__p16e_028523.jpg,yes,1,0.96019596,0.902315,0.55,0.55,0.55,0.962091,0.208083,0.749,0.802439,review,evaluation,,,,,,,,Phase18N confirmatory reviewability packet; labels are not identity labels.
phase18n_dinov2_vitl14_blind_0158,dinov2_vitl14,confirmatory_stratified_blind_review,rank_01__similarity_high__quality_low__same_identity__admission_mid,rank_01,similarity_high,quality_low,same_identity,admission_mid,phase18a_czechlynx_2029,phase18a_czechlynx_1619,outputs/final_freeze/lynx-wild/images/czechlynx_2029__p16e_028383.jpg,outputs/final_freeze/lynx-wild/images/czechlynx_1619__p16e_028365.jpg,yes,1,0.97709662,0.983416,0.55,0.55,0.55,0.925236,0.302084,0.727991,0.825938,review,evaluation,,,,,,,,Phase18N confirmatory reviewability packet; labels are not identity labels.
phase18n_dinov2_vitl14_blind_0159,dinov2_vitl14,confirmatory_stratified_blind_review,rank_02_05__similarity_mid__quality_low__same_identity__admission_mid,rank_02_05,similarity_mid,quality_low,same_identity,admission_mid,phase18a_czechlynx_2091,phase18a_czechlynx_1865,outputs/final_freeze/lynx-wild/images/czechlynx_2091__p16e_028463.jpg,outputs/final_freeze/lynx-wild/images/czechlynx_1865__p16e_028158.jpg,yes,5,0.96114266,0.910332,0.55,0.55,0.55,0.951433,0.21983,0.744468,0.803338,review,evaluation,,,,,,,,Phase18N confirmatory reviewability packet; labels are not identity labels.
phase18n_dinov2_vitl14_blind_0160,dinov2_vitl14,confirmatory_stratified_blind_review,rank_02_05__similarity_high__quality_low__same_identity__admission_low,rank_02_05,similarity_high,quality_low,same_identity,admission_low,phase18a_czechlynx_1753,phase18a_czechlynx_1847,outputs/final_freeze/lynx-wild/images/czechlynx_1753__p16e_028455.jpg,outputs/final_freeze/lynx-wild/images/czechlynx_1847__p16e_028401.jpg,yes,5,0.9665187,0.948766,0.55,0.55,0.55,0.901712,0.275667,0.723223,0.807926,review,evaluation,,,,,,,,Phase18N confirmatory reviewability packet; labels are not identity labels.
phase18n_dinov2_vitl14_blind_0161,dinov2_vitl14,confirmatory_stratified_blind_review,rank_11_20__similarity_mid__quality_low__different_identity__admission_high,rank_11_20,similarity_mid,quality_low,different_identity,admission_high,phase18a_czechlynx_0853,phase18a_czechlynx_1920,outputs/final_freeze/lynx-wild/images/czechlynx_0853__czlx_expanded_0222.jpg,outputs/final_freeze/lynx-wild/images/czechlynx_1920__p16e_037233.jpg,no,12,0.94442862,0.686078,0.55,0.55,0.55,0.979975,0.0,0.774001,0.719489,review,evaluation,,,,,,,,Phase18N confirmatory reviewability packet; labels are not identity labels.
phase18n_dinov2_vitl14_blind_0162,dinov2_vitl14,confirmatory_stratified_blind_review,rank_11_20__similarity_mid__quality_low__same_identity__admission_high,rank_11_20,similarity_mid,quality_low,same_identity,admission_high,phase18a_czechlynx_1826,phase18a_czechlynx_1601,outputs/final_freeze/lynx-wild/images/czechlynx_1826__p16e_028417.jpg,outputs/final_freeze/lynx-wild/images/czechlynx_1601__p16e_028468.jpg,yes,19,0.94537663,0.700778,0.55,0.55,0.55,0.908333,0.025362,0.750339,0.714539,review,evaluation,,,,,,,,Phase18N confirmatory reviewability packet; labels are not identity labels.
phase18n_dinov2_vitl14_blind_0163,dinov2_vitl14,confirmatory_stratified_blind_review,rank_02_05__similarity_low__quality_low__same_identity__admission_low,rank_02_05,similarity_low,quality_low,same_identity,admission_low,phase18a_czechlynx_2103,phase18a_czechlynx_2197,outputs/final_freeze/lynx-wild/images/czechlynx_2103__p16e_025824.jpg,outputs/final_freeze/lynx-wild/images/czechlynx_2197__p16e_025823.jpg,yes,4,0.9093796,0.226454,0.55,0.55,0.55,0.904483,0.0,0.706901,0.409024,review,evaluation,,,,,,,,Phase18N confirmatory reviewability packet; labels are not identity labels.
phase18n_dinov2_vitl14_blind_0164,dinov2_vitl14,confirmatory_stratified_blind_review,rank_06_10__similarity_low__quality_low__same_identity__admission_low,rank_06_10,similarity_low,quality_low,same_identity,admission_low,phase18a_czechlynx_2027,phase18a_czechlynx_1618,outputs/final_freeze/lynx-wild/images/czechlynx_2027__p16e_028448.jpg,outputs/final_freeze/lynx-wild/images/czechlynx_1618__p16e_028524.jpg,yes,9,0.89112848,0.143902,0.55,0.55,0.55,0.83073,0.0,0.677995,0.346858,review,evaluation,,,,,,,,Phase18N confirmatory reviewability packet; labels are not identity labels.
phase18n_dinov2_vitl14_blind_0165,dinov2_vitl14,confirmatory_stratified_blind_review,rank_06_10__similarity_mid__quality_low__different_identity__admission_low,rank_06_10,similarity_mid,quality_low,different_identity,admission_low,phase18a_czechlynx_1776,phase18a_czechlynx_2561,outputs/final_freeze/lynx-wild/images/czechlynx_1776__p16e_032539.jpg,outputs/final_freeze/lynx-wild/images/czechlynx_2561__p16e_019805.jpg,no,7,0.94779664,0.739479,0.55,0.55,0.55,0.8085,0.099004,0.711527,0.709056,review,evaluation,,,,,,,,Phase18N confirmatory reviewability packet; labels are not identity labels.
phase18n_dinov2_vitl14_blind_0166,dinov2_vitl14,confirmatory_stratified_blind_review,rank_02_05__similarity_mid__quality_low__same_identity__admission_mid,rank_02_05,similarity_mid,quality_low,same_identity,admission_mid,phase18a_czechlynx_1481,phase18a_czechlynx_1896,outputs/final_freeze/lynx-wild/images/czechlynx_1481__p16e_034376.jpg,outputs/final_freeze/lynx-wild/images/czechlynx_1896__p16e_032566.jpg,yes,2,0.95707953,0.866931,0.55,0.55,0.55,0.930743,0.183671,0.741567,0.782559,review,evaluation,,,,,,,,Phase18N confirmatory reviewability packet; labels are not identity labels.
phase18n_dinov2_vitl14_blind_0167,dinov2_vitl14,confirmatory_stratified_blind_review,rank_01__similarity_mid__quality_low__different_identity__admission_low,rank_01,similarity_mid,quality_low,different_identity,admission_low,phase18a_czechlynx_2393,phase18a_czechlynx_1567,outputs/final_freeze/lynx-wild/images/czechlynx_2393__p16e_009410.jpg,outputs/final_freeze/lynx-wild/images/czechlynx_1567__p16e_038628.jpg,no,1,0.9590978,0.890882,0.55,0.55,0.55,0.87971,0.225483,0.72131,0.781348,review,evaluation,,,,,,,,Phase18N confirmatory reviewability packet; labels are not identity labels.
phase18n_dinov2_vitl14_blind_0168,dinov2_vitl14,confirmatory_stratified_blind_review,rank_06_10__similarity_mid__quality_low__different_identity__admission_high,rank_06_10,similarity_mid,quality_low,different_identity,admission_high,phase18a_czechlynx_2622,phase18a_czechlynx_2320,outputs/final_freeze/lynx-wild/images/czechlynx_2622__p16e_044942.jpg,outputs/final_freeze/lynx-wild/images/czechlynx_2320__p16e_032848.jpg,no,9,0.95462459,0.835597,0.55,0.55,0.55,0.955428,0.143697,0.75334,0.7756,review,evaluation,,,,,,,,Phase18N confirmatory reviewability packet; labels are not identity labels.
phase18n_dinov2_vitl14_blind_0169,dinov2_vitl14,confirmatory_stratified_blind_review,rank_06_10__similarity_low__quality_low__same_identity__admission_high,rank_06_10,similarity_low,quality_low,same_identity,admission_high,phase18a_czechlynx_1311,phase18a_czechlynx_1687,outputs/final_freeze/lynx-wild/images/czechlynx_1311__p16e_028449.jpg,outputs/final_freeze/lynx-wild/images/czechlynx_1687__p16e_028447.jpg,yes,6,0.92736441,0.410657,0.55,0.55,0.55,0.990985,0.0,0.749541,0.539433,review,evaluation,,,,,,,,Phase18N confirmatory reviewability packet; labels are not identity labels.
phase18n_dinov2_vitl14_blind_0170,dinov2_vitl14,confirmatory_stratified_blind_review,rank_01__similarity_mid__quality_low__same_identity__admission_low,rank_01,similarity_mid,quality_low,same_identity,admission_low,phase18a_czechlynx_2982,phase18a_czechlynx_1717,outputs/final_freeze/lynx-wild/images/czechlynx_2982__p16e_030718.jpg,outputs/final_freeze/lynx-wild/images/czechlynx_1717__p16e_042492.jpg,yes,1,0.94762641,0.736812,0.55,0.55,0.55,0.670351,0.144689,0.663442,0.679994,review,evaluation,,,,,,,,Phase18N confirmatory reviewability packet; labels are not identity labels.
phase18n_dinov2_vitl14_blind_0171,dinov2_vitl14,confirmatory_stratified_blind_review,rank_01__similarity_mid__quality_low__different_identity__admission_mid,rank_01,similarity_mid,quality_low,different_identity,admission_mid,phase18a_czechlynx_2520,phase18a_czechlynx_1497,outputs/final_freeze/lynx-wild/images/czechlynx_2520__p16e_006887.jpg,outputs/final_freeze/lynx-wild/images/czechlynx_1497__p16e_035411.jpg,no,1,0.94406968,0.680061,0.55,0.55,0.55,0.843739,0.027253,0.729802,0.693512,review,evaluation,,,,,,,,Phase18N confirmatory reviewability packet; labels are not identity labels.
phase18n_dinov2_vitl14_blind_0172,dinov2_vitl14,confirmatory_stratified_blind_review,rank_06_10__similarity_mid__quality_low__different_identity__admission_low,rank_06_10,similarity_mid,quality_low,different_identity,admission_low,phase18a_czechlynx_2580,phase18a_czechlynx_2399,outputs/final_freeze/lynx-wild/images/czechlynx_2580__p16e_044952.jpg,outputs/final_freeze/lynx-wild/images/czechlynx_2399__p16e_019849.jpg,no,7,0.95104754,0.78643,0.55,0.55,0.55,0.812775,0.144459,0.708328,0.727859,review,evaluation,,,,,,,,Phase18N confirmatory reviewability packet; labels are not identity labels.
phase18n_dinov2_vitl14_blind_0173,dinov2_vitl14,confirmatory_stratified_blind_review,rank_02_05__similarity_mid__quality_low__same_identity__admission_low,rank_02_05,similarity_mid,quality_low,same_identity,admission_low,phase18a_czechlynx_1978,phase18a_czechlynx_1506,outputs/final_freeze/lynx-wild/images/czechlynx_1978__p16e_024500.jpg,outputs/final_freeze/lynx-wild/images/czechlynx_1506__p16e_024499.jpg,yes,3,0.96043146,0.904348,0.55,0.55,0.55,0.885119,0.237057,0.721857,0.78759,review,evaluation,,,,,,,,Phase18N confirmatory reviewability packet; labels are not identity labels.
phase18n_dinov2_vitl14_blind_0174,dinov2_vitl14,confirmatory_stratified_blind_review,rank_02_05__similarity_high__quality_low__same_identity__admission_high,rank_02_05,similarity_high,quality_low,same_identity,admission_high,phase18a_czechlynx_1600,phase18a_czechlynx_1531,outputs/final_freeze/lynx-wild/images/czechlynx_1600__p16e_028404.jpg,outputs/final_freeze/lynx-wild/images/czechlynx_1531__p16e_028402.jpg,yes,2,0.99493134,0.9989,0.55,0.55,0.55,0.997133,0.292403,0.751607,0.846448,review,evaluation,,,,,,,,Phase18N confirmatory reviewability packet; labels are not identity labels.
phase18n_dinov2_vitl14_blind_0175,dinov2_vitl14,confirmatory_stratified_blind_review,rank_11_20__similarity_high__quality_low__same_identity__admission_mid,rank_11_20,similarity_high,quality_low,same_identity,admission_mid,phase18a_czechlynx_1829,phase18a_czechlynx_1741,outputs/final_freeze/lynx-wild/images/czechlynx_1829__p16e_028400.jpg,outputs/final_freeze/lynx-wild/images/czechlynx_1741__p16e_028466.jpg,yes,17,0.96328199,0.927599,0.55,0.55,0.55,0.942604,0.240187,0.739652,0.808142,review,evaluation,,,,,,,,Phase18N confirmatory reviewability packet; labels are not identity labels.
phase18n_dinov2_vitl14_blind_0176,dinov2_vitl14,confirmatory_stratified_blind_review,rank_06_10__similarity_low__quality_low__different_identity__admission_high,rank_06_10,similarity_low,quality_low,different_identity,admission_high,phase18a_czechlynx_2131,phase18a_czechlynx_2196,outputs/final_freeze/lynx-wild/images/czechlynx_2131__p16e_045629.jpg,outputs/final_freeze/lynx-wild/images/czechlynx_2196__p16e_038683.jpg,no,7,0.93673414,0.552093,0.55,0.55,0.55,0.952135,0.0,0.752807,0.628364,review,evaluation,,,,,,,,Phase18N confirmatory reviewability packet; labels are not identity labels.
phase18n_dinov2_vitl14_blind_0177,dinov2_vitl14,confirmatory_stratified_blind_review,rank_02_05__similarity_low__quality_low__different_identity__admission_low,rank_02_05,similarity_low,quality_low,different_identity,admission_low,phase18a_czechlynx_2796,phase18a_czechlynx_2989,outputs/final_freeze/lynx-wild/images/czechlynx_2796__p16e_024891.jpg,outputs/final_freeze/lynx-wild/images/czechlynx_2989__p16e_043707.jpg,no,4,0.79421383,0.0274,0.55,0.55,0.55,0.965368,0.0,0.704043,0.284525,review,evaluation,,,,,,,,Phase18N confirmatory reviewability packet; labels are not identity labels.
phase18n_dinov2_vitl14_blind_0178,dinov2_vitl14,confirmatory_stratified_blind_review,rank_11_20__similarity_mid__quality_low__same_identity__admission_low,rank_11_20,similarity_mid,quality_low,same_identity,admission_low,phase18a_czechlynx_1940,phase18a_czechlynx_1471,outputs/final_freeze/lynx-wild/images/czechlynx_1940__p16e_028174.jpg,outputs/final_freeze/lynx-wild/images/czechlynx_1471__p16e_028378.jpg,yes,18,0.95862824,0.885148,0.55,0.55,0.55,0.842792,0.232671,0.708962,0.771663,review,evaluation,,,,,,,,Phase18N confirmatory reviewability packet; labels are not identity labels.
phase18n_dinov2_vitl14_blind_0179,dinov2_vitl14,confirmatory_stratified_blind_review,rank_11_20__similarity_high__quality_low__same_identity__admission_low,rank_11_20,similarity_high,quality_low,same_identity,admission_low,phase18a_czechlynx_1949,phase18a_czechlynx_2112,outputs/final_freeze/lynx-wild/images/czechlynx_1949__p16e_028387.jpg,outputs/final_freeze/lynx-wild/images/czechlynx_2112__p16e_028181.jpg,yes,16,0.96683306,0.950366,0.55,0.55,0.55,0.89938,0.278083,0.722246,0.808064,review,evaluation,,,,,,,,Phase18N confirmatory reviewability packet; labels are not identity labels.
phase18n_dinov2_vitl14_blind_0180,dinov2_vitl14,confirmatory_stratified_blind_review,rank_06_10__similarity_mid__quality_low__same_identity__admission_high,rank_06_10,similarity_mid,quality_low,same_identity,admission_high,phase18a_czechlynx_1506,phase18a_czechlynx_1413,outputs/final_freeze/lynx-wild/images/czechlynx_1506__p16e_024499.jpg,outputs/final_freeze/lynx-wild/images/czechlynx_1413__p16e_024496.jpg,yes,8,0.94297278,0.661961,0.55,0.55,0.55,0.994783,0.0,0.775735,0.705195,review,evaluation,,,,,,,,Phase18N confirmatory reviewability packet; labels are not identity labels.
phase18n_dinov2_vitl14_blind_0181,dinov2_vitl14,confirmatory_stratified_blind_review,rank_02_05__similarity_mid__quality_low__different_identity__admission_mid,rank_02_05,similarity_mid,quality_low,different_identity,admission_mid,phase18a_czechlynx_2791,phase18a_czechlynx_1974,outputs/final_freeze/lynx-wild/images/czechlynx_2791__p16e_028705.jpg,outputs/final_freeze/lynx-wild/images/czechlynx_1974__p16e_036025.jpg,no,4,0.95230794,0.804263,0.55,0.55,0.55,0.869169,0.142554,0.726283,0.74612,review,evaluation,,,,,,,,Phase18N confirmatory reviewability packet; labels are not identity labels.
phase18n_dinov2_vitl14_blind_0182,dinov2_vitl14,confirmatory_stratified_blind_review,rank_02_05__similarity_low__quality_low__different_identity__admission_high,rank_02_05,similarity_low,quality_low,different_identity,admission_high,phase18a_czechlynx_2314,phase18a_czechlynx_2056,outputs/final_freeze/lynx-wild/images/czechlynx_2314__p16e_042763.jpg,outputs/final_freeze/lynx-wild/images/czechlynx_2056__p16e_037599.jpg,no,3,0.92677414,0.402573,0.55,0.55,0.55,0.998099,0.0,0.750725,0.534871,review,evaluation,,,,,,,,Phase18N confirmatory reviewability packet; labels are not identity labels.
phase18n_dinov2_vitl14_blind_0183,dinov2_vitl14,confirmatory_stratified_blind_review,rank_01__similarity_low__quality_low__different_identity__admission_high,rank_01,similarity_low,quality_low,different_identity,admission_high,phase18a_czechlynx_2680,phase18a_czechlynx_2866,outputs/final_freeze/lynx-wild/images/czechlynx_2680__p16e_039778.jpg,outputs/final_freeze/lynx-wild/images/czechlynx_2866__p16e_039730.jpg,no,1,0.94083756,0.624044,0.55,0.55,0.55,0.97474,0.0,0.766332,0.678113,review,evaluation,,,,,,,,Phase18N confirmatory reviewability packet; labels are not identity labels.
phase18n_dinov2_vitl14_blind_0184,dinov2_vitl14,confirmatory_stratified_blind_review,rank_11_20__similarity_mid__quality_low__same_identity__admission_mid,rank_11_20,similarity_mid,quality_low,same_identity,admission_mid,phase18a_czechlynx_2047,phase18a_czechlynx_1807,outputs/final_freeze/lynx-wild/images/czechlynx_2047__p16e_028186.jpg,outputs/final_freeze/lynx-wild/images/czechlynx_1807__p16e_028350.jpg,yes,12,0.95224452,0.803313,0.55,0.55,0.55,0.90174,0.130204,0.737778,0.752369,review,evaluation,,,,,,,,Phase18N confirmatory reviewability packet; labels are not identity labels.
phase18n_dinov2_vitl14_blind_0185,dinov2_vitl14,confirmatory_stratified_blind_review,rank_01__similarity_mid__quality_low__different_identity__admission_low,rank_01,similarity_mid,quality_low,different_identity,admission_low,phase18a_czechlynx_2864,phase18a_czechlynx_2601,outputs/final_freeze/lynx-wild/images/czechlynx_2864__p16e_028877.jpg,outputs/final_freeze/lynx-wild/images/czechlynx_2601__p16e_020110.jpg,no,1,0.95714188,0.867598,0.55,0.55,0.55,0.851857,0.211948,0.71389,0.766799,review,evaluation,,,,,,,,Phase18N confirmatory reviewability packet; labels are not identity labels.
phase18n_dinov2_vitl14_blind_0186,dinov2_vitl14,confirmatory_stratified_blind_review,rank_06_10__similarity_mid__quality_low__different_identity__admission_mid,rank_06_10,similarity_mid,quality_low,different_identity,admission_mid,phase18a_czechlynx_2199,phase18a_czechlynx_1511,outputs/final_freeze/lynx-wild/images/czechlynx_2199__p16e_039110.jpg,outputs/final_freeze/lynx-wild/images/czechlynx_1511__p16e_036186.jpg,no,6,0.94291508,0.660894,0.55,0.55,0.55,0.82245,0.015537,0.724268,0.681869,review,evaluation,,,,,,,,Phase18N confirmatory reviewability packet; labels are not identity labels.
phase18n_dinov2_vitl14_blind_0187,dinov2_vitl14,confirmatory_stratified_blind_review,rank_11_20__similarity_high__quality_low__same_identity__admission_high,rank_11_20,similarity_high,quality_low,same_identity,admission_high,phase18a_czechlynx_2021,phase18a_czechlynx_1943,outputs/final_freeze/lynx-wild/images/czechlynx_2021__p16e_028395.jpg,outputs/final_freeze/lynx-wild/images/czechlynx_1943__p16e_028389.jpg,yes,19,0.97022104,0.965349,0.55,0.55,0.55,0.994538,0.259761,0.754053,0.833105,review,evaluation,,,,,,,,Phase18N confirmatory reviewability packet; labels are not identity labels.
phase18n_dinov2_vitl14_blind_0188,dinov2_vitl14,confirmatory_stratified_blind_review,rank_01__similarity_low__quality_low__same_identity__admission_low,rank_01,similarity_low,quality_low,same_identity,admission_low,phase18a_czechlynx_1681,phase18a_czechlynx_1672,outputs/final_freeze/lynx-wild/images/czechlynx_1681__p16e_028037.jpg,outputs/final_freeze/lynx-wild/images/czechlynx_1672__p16e_028358.jpg,yes,1,0.93749905,0.565276,0.55,0.55,0.55,0.829625,0.0,0.719823,0.624004,review,evaluation,,,,,,,,Phase18N confirmatory reviewability packet; labels are not identity labels.
phase18n_dinov2_vitl14_blind_0189,dinov2_vitl14,confirmatory_stratified_blind_review,rank_11_20__similarity_low__quality_low__same_identity__admission_high,rank_11_20,similarity_low,quality_low,same_identity,admission_high,phase18a_czechlynx_1683,phase18a_czechlynx_1416,outputs/final_freeze/lynx-wild/images/czechlynx_1683__p16e_028221.jpg,outputs/final_freeze/lynx-wild/images/czechlynx_1416__p16e_028412.jpg,yes,13,0.93142718,0.468741,0.55,0.55,0.55,0.973722,0.0,0.750516,0.575816,review,evaluation,,,,,,,,Phase18N confirmatory reviewability packet; labels are not identity labels.
phase18n_dinov2_vitl14_blind_0190,dinov2_vitl14,confirmatory_stratified_blind_review,rank_11_20__similarity_mid__quality_low__same_identity__admission_high,rank_11_20,similarity_mid,quality_low,same_identity,admission_high,phase18a_czechlynx_1778,phase18a_czechlynx_1789,outputs/final_freeze/lynx-wild/images/czechlynx_1778__p16e_028357.jpg,outputs/final_freeze/lynx-wild/images/czechlynx_1789__p16e_028399.jpg,yes,14,0.95786178,0.876748,0.55,0.55,0.55,0.959373,0.183467,0.750606,0.792121,review,evaluation,,,,,,,,Phase18N confirmatory reviewability packet; labels are not identity labels.
phase18n_dinov2_vitl14_blind_0191,dinov2_vitl14,confirmatory_stratified_blind_review,rank_11_20__similarity_high__quality_low__same_identity__admission_high,rank_11_20,similarity_high,quality_low,same_identity,admission_high,phase18a_czechlynx_1657,phase18a_czechlynx_1815,outputs/final_freeze/lynx-wild/images/czechlynx_1657__p16e_028332.jpg,outputs/final_freeze/lynx-wild/images/czechlynx_1815__p16e_028361.jpg,yes,20,0.97001559,0.964683,0.55,0.55,0.55,0.992872,0.259678,0.753537,0.832512,review,evaluation,,,,,,,,Phase18N confirmatory reviewability packet; labels are not identity labels.
phase18n_dinov2_vitl14_blind_0192,dinov2_vitl14,confirmatory_stratified_blind_review,rank_11_20__similarity_mid__quality_low__different_identity__admission_low,rank_11_20,similarity_mid,quality_low,different_identity,admission_low,phase18a_czechlynx_1563,phase18a_czechlynx_1588,outputs/final_freeze/lynx-wild/images/czechlynx_1563__p16e_043393.jpg,outputs/final_freeze/lynx-wild/images/czechlynx_1588__p16e_040030.jpg,no,11,0.94953322,0.764346,0.55,0.55,0.55,0.598493,0.197374,0.635538,0.675924,review,evaluation,,,,,,,,Phase18N confirmatory reviewability packet; labels are not identity labels.
phase18n_dinov2_vitl14_blind_0193,dinov2_vitl14,confirmatory_stratified_blind_review,rank_06_10__similarity_mid__quality_low__different_identity__admission_high,rank_06_10,similarity_mid,quality_low,different_identity,admission_high,phase18a_czechlynx_2135,phase18a_czechlynx_2130,outputs/final_freeze/lynx-wild/images/czechlynx_2135__p16e_044967.jpg,outputs/final_freeze/lynx-wild/images/czechlynx_2130__p16e_045596.jpg,no,10,0.95734316,0.870481,0.55,0.55,0.55,0.953885,0.179121,0.749312,0.788613,review,evaluation,,,,,,,,Phase18N confirmatory reviewability packet; labels are not identity labels.
phase18n_dinov2_vitl14_blind_0194,dinov2_vitl14,confirmatory_stratified_blind_review,rank_11_20__similarity_low__quality_low__different_identity__admission_low,rank_11_20,similarity_low,quality_low,different_identity,admission_low,phase18a_czechlynx_2918,phase18a_czechlynx_2910,outputs/final_freeze/lynx-wild/images/czechlynx_2918__p16e_006844.jpg,outputs/final_freeze/lynx-wild/images/czechlynx_2910__p16e_013231.jpg,no,14,0.91396773,0.261804,0.55,0.55,0.55,0.92871,0.0,0.717219,0.434862,review,evaluation,,,,,,,,Phase18N confirmatory reviewability packet; labels are not identity labels.
phase18n_dinov2_vitl14_blind_0195,dinov2_vitl14,confirmatory_stratified_blind_review,rank_11_20__similarity_low__quality_low__different_identity__admission_low,rank_11_20,similarity_low,quality_low,different_identity,admission_low,phase18a_czechlynx_1706,phase18a_czechlynx_1898,outputs/final_freeze/lynx-wild/images/czechlynx_1706__p16e_044844.jpg,outputs/final_freeze/lynx-wild/images/czechlynx_1898__p16e_018489.jpg,no,18,0.91052538,0.234187,0.55,0.55,0.55,0.854261,0.0,0.693612,0.408769,review,evaluation,,,,,,,,Phase18N confirmatory reviewability packet; labels are not identity labels.
phase18n_dinov2_vitl14_blind_0196,dinov2_vitl14,confirmatory_stratified_blind_review,rank_02_05__similarity_high__quality_low__same_identity__admission_low,rank_02_05,similarity_high,quality_low,same_identity,admission_low,phase18a_czechlynx_1834,phase18a_czechlynx_1548,outputs/final_freeze/lynx-wild/images/czechlynx_1834__p16e_028141.jpg,outputs/final_freeze/lynx-wild/images/czechlynx_1548__p16e_028405.jpg,yes,3,0.96742475,0.953233,0.55,0.55,0.55,0.880253,0.287644,0.715265,0.805276,review,evaluation,,,,,,,,Phase18N confirmatory reviewability packet; labels are not identity labels.
phase18n_dinov2_vitl14_blind_0197,dinov2_vitl14,confirmatory_stratified_blind_review,rank_06_10__similarity_mid__quality_low__different_identity__admission_mid,rank_06_10,similarity_mid,quality_low,different_identity,admission_mid,phase18a_czechlynx_0765,phase18a_czechlynx_2166,outputs/final_freeze/lynx-wild/images/czechlynx_0765__czlx_expanded_0274.jpg,outputs/final_freeze/lynx-wild/images/czechlynx_2166__p16e_039800.jpg,no,9,0.95000279,0.77148,0.55,0.55,0.55,0.87346,0.108269,0.731063,0.734467,review,evaluation,,,,,,,,Phase18N confirmatory reviewability packet; labels are not identity labels.
phase18n_dinov2_vitl14_blind_0198,dinov2_vitl14,confirmatory_stratified_blind_review,rank_06_10__similarity_high__quality_low__same_identity__admission_mid,rank_06_10,similarity_high,quality_low,same_identity,admission_mid,phase18a_czechlynx_1475,phase18a_czechlynx_1562,outputs/final_freeze/lynx-wild/images/czechlynx_1475__p16e_028514.jpg,outputs/final_freeze/lynx-wild/images/czechlynx_1562__p16e_028527.jpg,yes,10,0.97195756,0.971416,0.55,0.55,0.55,0.973978,0.273024,0.746251,0.831249,review,evaluation,,,,,,,,Phase18N confirmatory reviewability packet; labels are not identity labels.
phase18n_dinov2_vitl14_blind_0199,dinov2_vitl14,confirmatory_stratified_blind_review,rank_06_10__similarity_low__quality_low__different_identity__admission_high,rank_06_10,similarity_low,quality_low,different_identity,admission_high,phase18a_czechlynx_2613,phase18a_czechlynx_1968,outputs/final_freeze/lynx-wild/images/czechlynx_2613__p16e_006767.jpg,outputs/final_freeze/lynx-wild/images/czechlynx_1968__p16e_045313.jpg,no,10,0.93752301,0.565809,0.55,0.55,0.55,0.953697,0.0,0.754616,0.637556,review,evaluation,,,,,,,,Phase18N confirmatory reviewability packet; labels are not identity labels.
phase18n_dinov2_vitl14_blind_0200,dinov2_vitl14,confirmatory_stratified_blind_review,rank_06_10__similarity_low__quality_low__different_identity__admission_mid,rank_06_10,similarity_low,quality_low,different_identity,admission_mid,phase18a_czechlynx_1767,phase18a_czechlynx_1343,outputs/final_freeze/lynx-wild/images/czechlynx_1767__p16e_037971.jpg,outputs/final_freeze/lynx-wild/images/czechlynx_1343__p16e_037588.jpg,no,7,0.92966801,0.442241,0.55,0.55,0.55,0.890493,0.0,0.724562,0.549523,review,evaluation,,,,,,,,Phase18N confirmatory reviewability packet; labels are not identity labels.
phase18n_dinov2_vitl14_blind_0201,dinov2_vitl14,confirmatory_stratified_blind_review,rank_06_10__similarity_high__quality_low__same_identity__admission_low,rank_06_10,similarity_high,quality_low,same_identity,admission_low,phase18a_czechlynx_1515,phase18a_czechlynx_1816,outputs/final_freeze/lynx-wild/images/czechlynx_1515__p16e_028432.jpg,outputs/final_freeze/lynx-wild/images/czechlynx_1816__p16e_028435.jpg,yes,9,0.96418047,0.933432,0.55,0.55,0.55,0.876794,0.269054,0.716035,0.79701,review,evaluation,,,,,,,,Phase18N confirmatory reviewability packet; labels are not identity labels.
phase18n_dinov2_vitl14_blind_0202,dinov2_vitl14,confirmatory_stratified_blind_review,rank_06_10__similarity_mid__quality_low__different_identity__admission_mid,rank_06_10,similarity_mid,quality_low,different_identity,admission_mid,phase18a_czechlynx_2591,phase18a_czechlynx_2562,outputs/final_freeze/lynx-wild/images/czechlynx_2591__p16e_043470.jpg,outputs/final_freeze/lynx-wild/images/czechlynx_2562__p16e_034520.jpg,no,7,0.95325345,0.818147,0.55,0.55,0.55,0.934417,0.133601,0.747731,0.764669,review,evaluation,,,,,,,,Phase18N confirmatory reviewability packet; labels are not identity labels.
phase18n_dinov2_vitl14_blind_0203,dinov2_vitl14,confirmatory_stratified_blind_review,rank_11_20__similarity_mid__quality_low__same_identity__admission_low,rank_11_20,similarity_mid,quality_low,same_identity,admission_low,phase18a_czechlynx_2334,phase18a_czechlynx_1525,outputs/final_freeze/lynx-wild/images/czechlynx_2334__p16e_028194.jpg,outputs/final_freeze/lynx-wild/images/czechlynx_1525__p16e_028376.jpg,yes,20,0.95632255,0.857564,0.55,0.55,0.55,0.870734,0.195307,0.721501,0.766799,review,evaluation,,,,,,,,Phase18N confirmatory reviewability packet; labels are not identity labels.
phase18n_dinov2_vitl14_blind_0204,dinov2_vitl14,confirmatory_stratified_blind_review,rank_01__similarity_low__quality_low__different_identity__admission_mid,rank_01,similarity_low,quality_low,different_identity,admission_mid,phase18a_czechlynx_1745,phase18a_czechlynx_2161,outputs/final_freeze/lynx-wild/images/czechlynx_1745__p16e_037603.jpg,outputs/final_freeze/lynx-wild/images/czechlynx_2161__p16e_042766.jpg,no,1,0.93903816,0.591027,0.55,0.55,0.55,0.919063,0.0,0.74744,0.650464,review,evaluation,,,,,,,,Phase18N confirmatory reviewability packet; labels are not identity labels.
phase18n_dinov2_vitl14_blind_0205,dinov2_vitl14,confirmatory_stratified_blind_review,rank_01__similarity_high__quality_low__same_identity__admission_mid,rank_01,similarity_high,quality_low,same_identity,admission_mid,phase18a_czechlynx_1910,phase18a_czechlynx_1753,outputs/final_freeze/lynx-wild/images/czechlynx_1910__p16e_028454.jpg,outputs/final_freeze/lynx-wild/images/czechlynx_1753__p16e_028455.jpg,yes,1,0.97852981,0.9863,0.55,0.55,0.55,0.974296,0.287796,0.744874,0.836999,review,evaluation,,,,,,,,Phase18N confirmatory reviewability packet; labels are not identity labels.
phase18n_dinov2_vitl14_blind_0206,dinov2_vitl14,confirmatory_stratified_blind_review,rank_01__similarity_low__quality_low__different_identity__admission_low,rank_01,similarity_low,quality_low,different_identity,admission_low,phase18a_czechlynx_1993,phase18a_czechlynx_1641,outputs/final_freeze/lynx-wild/images/czechlynx_1993__p16e_010529.jpg,outputs/final_freeze/lynx-wild/images/czechlynx_1641__p16e_018575.jpg,no,1,0.92986304,0.444857,0.55,0.55,0.55,0.824796,0.0,0.706429,0.544255,review,evaluation,,,,,,,,Phase18N confirmatory reviewability packet; labels are not identity labels.
phase18n_dinov2_vitl14_blind_0207,dinov2_vitl14,confirmatory_stratified_blind_review,rank_06_10__similarity_mid__quality_low__same_identity__admission_high,rank_06_10,similarity_mid,quality_low,same_identity,admission_high,phase18a_czechlynx_1628,phase18a_czechlynx_1829,outputs/final_freeze/lynx-wild/images/czechlynx_1628__p16e_028375.jpg,outputs/final_freeze/lynx-wild/images/czechlynx_1829__p16e_028400.jpg,yes,10,0.95436484,0.832681,0.55,0.55,0.55,0.984742,0.130521,0.763892,0.780437,review,evaluation,,,,,,,,Phase18N confirmatory reviewability packet; labels are not identity labels.
phase18n_dinov2_vitl14_blind_0208,dinov2_vitl14,confirmatory_stratified_blind_review,rank_01__similarity_mid__quality_low__same_identity__admission_mid,rank_01,similarity_mid,quality_low,same_identity,admission_mid,phase18a_czechlynx_1896,phase18a_czechlynx_1481,outputs/final_freeze/lynx-wild/images/czechlynx_1896__p16e_032566.jpg,outputs/final_freeze/lynx-wild/images/czechlynx_1481__p16e_034376.jpg,yes,1,0.95707953,0.866948,0.55,0.55,0.55,0.930743,0.183688,0.741565,0.782565,review,evaluation,,,,,,,,Phase18N confirmatory reviewability packet; labels are not identity labels.
phase18n_dinov2_vitl14_blind_0209,dinov2_vitl14,confirmatory_stratified_blind_review,rank_06_10__similarity_high__quality_low__different_identity__admission_mid,rank_06_10,similarity_high,quality_low,different_identity,admission_mid,phase18a_czechlynx_2044,phase18a_czechlynx_2360,outputs/final_freeze/lynx-wild/images/czechlynx_2044__p16e_043670.jpg,outputs/final_freeze/lynx-wild/images/czechlynx_2360__p16e_042546.jpg,no,6,0.96855664,0.958666,0.55,0.55,0.55,0.91167,0.282081,0.725718,0.81373,review,evaluation,,,,,,,,Phase18N confirmatory reviewability packet; labels are not identity labels.
phase18n_dinov2_vitl14_blind_0210,dinov2_vitl14,confirmatory_stratified_blind_review,rank_06_10__similarity_low__quality_low__different_identity__admission_low,rank_06_10,similarity_low,quality_low,different_identity,admission_low,phase18a_czechlynx_2528,phase18a_czechlynx_2510,outputs/final_freeze/lynx-wild/images/czechlynx_2528__p16e_028802.jpg,outputs/final_freeze/lynx-wild/images/czechlynx_2510__p16e_019478.jpg,no,9,0.91770518,0.297338,0.55,0.55,0.55,0.822552,0.0,0.691048,0.446948,review,evaluation,,,,,,,,Phase18N confirmatory reviewability packet; labels are not identity labels.
phase18n_dinov2_vitl14_blind_0211,dinov2_vitl14,confirmatory_stratified_blind_review,rank_06_10__similarity_mid__quality_low__different_identity__admission_low,rank_06_10,similarity_mid,quality_low,different_identity,admission_low,phase18a_czechlynx_2580,phase18a_czechlynx_2998,outputs/final_freeze/lynx-wild/images/czechlynx_2580__p16e_044952.jpg,outputs/final_freeze/lynx-wild/images/czechlynx_2998__p16e_029930.jpg,no,10,0.94975322,0.767629,0.55,0.55,0.55,0.614523,0.195046,0.64082,0.680433,review,evaluation,,,,,,,,Phase18N confirmatory reviewability packet; labels are not identity labels.
phase18n_dinov2_vitl14_blind_0212,dinov2_vitl14,confirmatory_stratified_blind_review,rank_06_10__similarity_mid__quality_low__different_identity__admission_high,rank_06_10,similarity_mid,quality_low,different_identity,admission_high,phase18a_czechlynx_0853,phase18a_czechlynx_1952,outputs/final_freeze/lynx-wild/images/czechlynx_0853__czlx_expanded_0222.jpg,outputs/final_freeze/lynx-wild/images/czechlynx_1952__p16e_044198.jpg,no,9,0.94480467,0.692128,0.55,0.55,0.55,0.983902,0.0,0.775705,0.723887,review,evaluation,,,,,,,,Phase18N confirmatory reviewability packet; labels are not identity labels.
phase18n_dinov2_vitl14_blind_0213,dinov2_vitl14,confirmatory_stratified_blind_review,rank_06_10__similarity_low__quality_low__same_identity__admission_mid,rank_06_10,similarity_low,quality_low,same_identity,admission_mid,phase18a_czechlynx_2947,phase18a_czechlynx_2892,outputs/final_freeze/lynx-wild/images/czechlynx_2947__p16e_042272.jpg,outputs/final_freeze/lynx-wild/images/czechlynx_2892__p16e_029884.jpg,yes,10,0.89358032,0.152319,0.55,0.55,0.55,0.996671,0.0,0.7253,0.370052,review,evaluation,,,,,,,,Phase18N confirmatory reviewability packet; labels are not identity labels.
phase18n_dinov2_vitl14_blind_0214,dinov2_vitl14,confirmatory_stratified_blind_review,rank_11_20__similarity_low__quality_low__same_identity__admission_mid,rank_11_20,similarity_low,quality_low,same_identity,admission_mid,phase18a_czechlynx_1732,phase18a_czechlynx_1552,outputs/final_freeze/lynx-wild/images/czechlynx_1732__p16e_028472.jpg,outputs/final_freeze/lynx-wild/images/czechlynx_1552__p16e_028436.jpg,yes,13,0.91136193,0.240771,0.55,0.55,0.55,0.981775,0.0,0.729974,0.426668,review,evaluation,,,,,,,,Phase18N confirmatory reviewability packet; labels are not identity labels.
phase18n_dinov2_vitl14_blind_0215,dinov2_vitl14,confirmatory_stratified_blind_review,rank_01__similarity_low__quality_low__same_identity__admission_high,rank_01,similarity_low,quality_low,same_identity,admission_high,phase18a_czechlynx_2053,phase18a_czechlynx_1685,outputs/final_freeze/lynx-wild/images/czechlynx_2053__p16e_028439.jpg,outputs/final_freeze/lynx-wild/images/czechlynx_1685__p16e_028438.jpg,yes,1,0.93130666,0.466708,0.55,0.55,0.55,0.998911,0.0,0.757366,0.577158,review,evaluation,,,,,,,,Phase18N confirmatory reviewability packet; labels are not identity labels.
phase18n_dinov2_vitl14_blind_0216,dinov2_vitl14,confirmatory_stratified_blind_review,rank_06_10__similarity_low__quality_low__same_identity__admission_high,rank_06_10,similarity_low,quality_low,same_identity,admission_high,phase18a_czechlynx_2146,phase18a_czechlynx_1675,outputs/final_freeze/lynx-wild/images/czechlynx_2146__p16e_028289.jpg,outputs/final_freeze/lynx-wild/images/czechlynx_1675__p16e_028306.jpg,yes,9,0.9360314,0.540026,0.55,0.55,0.55,0.998458,0.0,0.764571,0.625353,review,evaluation,,,,,,,,Phase18N confirmatory reviewability packet; labels are not identity labels.
phase18n_dinov2_vitl14_blind_0217,dinov2_vitl14,confirmatory_stratified_blind_review,rank_11_20__similarity_mid__quality_low__different_identity__admission_low,rank_11_20,similarity_mid,quality_low,different_identity,admission_low,phase18a_czechlynx_2591,phase18a_czechlynx_2360,outputs/final_freeze/lynx-wild/images/czechlynx_2591__p16e_043470.jpg,outputs/final_freeze/lynx-wild/images/czechlynx_2360__p16e_042546.jpg,no,14,0.94968855,0.766479,0.55,0.55,0.55,0.844414,0.113435,0.721397,0.726661,review,evaluation,,,,,,,,Phase18N confirmatory reviewability packet; labels are not identity labels.
phase18n_dinov2_vitl14_blind_0218,dinov2_vitl14,confirmatory_stratified_blind_review,rank_01__similarity_low__quality_low__same_identity__admission_high,rank_01,similarity_low,quality_low,same_identity,admission_high,phase18a_czechlynx_2508,phase18a_czechlynx_2792,outputs/final_freeze/lynx-wild/images/czechlynx_2508__p16e_028725.jpg,outputs/final_freeze/lynx-wild/images/czechlynx_2792__p16e_028779.jpg,yes,1,0.94005907,0.610094,0.55,0.55,0.55,0.95392,0.0,0.759107,0.666719,review,evaluation,,,,,,,,Phase18N confirmatory reviewability packet; labels are not identity labels.
phase18n_dinov2_vitl14_blind_0219,dinov2_vitl14,confirmatory_stratified_blind_review,rank_01__similarity_mid__quality_low__same_identity__admission_mid,rank_01,similarity_mid,quality_low,same_identity,admission_mid,phase18a_czechlynx_1311,phase18a_czechlynx_1686,outputs/final_freeze/lynx-wild/images/czechlynx_1311__p16e_028449.jpg,outputs/final_freeze/lynx-wild/images/czechlynx_1686__p16e_028529.jpg,yes,1,0.96272826,0.923482,0.55,0.55,0.55,0.965182,0.228168,0.747966,0.811152,review,evaluation,,,,,,,,Phase18N confirmatory reviewability packet; labels are not identity labels.
phase18n_dinov2_vitl14_blind_0220,dinov2_vitl14,confirmatory_stratified_blind_review,rank_06_10__similarity_low__quality_low__same_identity__admission_mid,rank_06_10,similarity_low,quality_low,same_identity,admission_mid,phase18a_czechlynx_1983,phase18a_czechlynx_1802,outputs/final_freeze/lynx-wild/images/czechlynx_1983__p16e_028416.jpg,outputs/final_freeze/lynx-wild/images/czechlynx_1802__p16e_028444.jpg,yes,9,0.91889828,0.309188,0.55,0.55,0.55,0.97854,0.0,0.73591,0.471343,review,evaluation,,,,,,,,Phase18N confirmatory reviewability packet; labels are not identity labels.
phase18n_dinov2_vitl14_blind_0221,dinov2_vitl14,confirmatory_stratified_blind_review,rank_11_20__similarity_low__quality_low__different_identity__admission_mid,rank_11_20,similarity_low,quality_low,different_identity,admission_mid,phase18a_czechlynx_2911,phase18a_czechlynx_2836,outputs/final_freeze/lynx-wild/images/czechlynx_2911__p16e_028819.jpg,outputs/final_freeze/lynx-wild/images/czechlynx_2836__p16e_016703.jpg,no,17,0.9337545,0.504225,0.55,0.55,0.55,0.916453,0.0,0.738029,0.593071,review,evaluation,,,,,,,,Phase18N confirmatory reviewability packet; labels are not identity labels.
phase18n_dinov2_vitl14_blind_0222,dinov2_vitl14,confirmatory_stratified_blind_review,rank_02_05__similarity_low__quality_low__different_identity__admission_high,rank_02_05,similarity_low,quality_low,different_identity,admission_high,phase18a_czechlynx_1708,phase18a_czechlynx_1343,outputs/final_freeze/lynx-wild/images/czechlynx_1708__p16e_035036.jpg,outputs/final_freeze/lynx-wild/images/czechlynx_1343__p16e_037588.jpg,no,4,0.93042552,0.453558,0.55,0.55,0.55,0.995682,0.0,0.755147,0.568162,review,evaluation,,,,,,,,Phase18N confirmatory reviewability packet; labels are not identity labels.
phase18n_dinov2_vitl14_blind_0223,dinov2_vitl14,confirmatory_stratified_blind_review,rank_02_05__similarity_mid__quality_low__same_identity__admission_high,rank_02_05,similarity_mid,quality_low,same_identity,admission_high,phase18a_czechlynx_1505,phase18a_czechlynx_1466,outputs/final_freeze/lynx-wild/images/czechlynx_1505__p16e_011910.jpg,outputs/final_freeze/lynx-wild/images/czechlynx_1466__p16e_011909.jpg,yes,2,0.95844281,0.883315,0.55,0.55,0.55,0.963708,0.188517,0.751466,0.795509,review,evaluation,,,,,,,,Phase18N confirmatory reviewability packet; labels are not identity labels.
phase18n_dinov2_vitl14_blind_0224,dinov2_vitl14,confirmatory_stratified_blind_review,rank_11_20__similarity_mid__quality_low__same_identity__admission_mid,rank_11_20,similarity_mid,quality_low,same_identity,admission_mid,phase18a_czechlynx_1774,phase18a_czechlynx_2029,outputs/final_freeze/lynx-wild/images/czechlynx_1774__p16e_028156.jpg,outputs/final_freeze/lynx-wild/images/czechlynx_2029__p16e_028383.jpg,yes,18,0.95180547,0.797747,0.55,0.55,0.55,0.881493,0.131724,0.731248,0.746132,review,evaluation,,,,,,,,Phase18N confirmatory reviewability packet; labels are not identity labels.
phase18n_dinov2_vitl14_blind_0225,dinov2_vitl14,confirmatory_stratified_blind_review,rank_02_05__similarity_mid__quality_low__different_identity__admission_high,rank_02_05,similarity_mid,quality_low,different_identity,admission_high,phase18a_czechlynx_2238,phase18a_czechlynx_2136,outputs/final_freeze/lynx-wild/images/czechlynx_2238__p16e_044226.jpg,outputs/final_freeze/lynx-wild/images/czechlynx_2136__p16e_036185.jpg,no,5,0.94726962,0.731546,0.55,0.55,0.55,0.938285,0.045646,0.757745,0.732372,review,evaluation,,,,,,,,Phase18N confirmatory reviewability packet; labels are not identity labels.
phase18n_dinov2_vitl14_blind_0226,dinov2_vitl14,confirmatory_stratified_blind_review,rank_01__similarity_low__quality_low__same_identity__admission_high,rank_01,similarity_low,quality_low,same_identity,admission_high,phase18a_czechlynx_2125,phase18a_czechlynx_1975,outputs/final_freeze/lynx-wild/images/czechlynx_2125__p16e_028130.jpg,outputs/final_freeze/lynx-wild/images/czechlynx_1975__p16e_028163.jpg,yes,1,0.93662137,0.550026,0.55,0.55,0.55,0.994938,0.0,0.764585,0.631558,review,evaluation,,,,,,,,Phase18N confirmatory reviewability packet; labels are not identity labels.
phase18n_dinov2_vitl14_blind_0227,dinov2_vitl14,confirmatory_stratified_blind_review,rank_02_05__similarity_mid__quality_low__same_identity__admission_mid,rank_02_05,similarity_mid,quality_low,same_identity,admission_mid,phase18a_czechlynx_1823,phase18a_czechlynx_1818,outputs/final_freeze/lynx-wild/images/czechlynx_1823__p16e_028396.jpg,outputs/final_freeze/lynx-wild/images/czechlynx_1818__p16e_028301.jpg,yes,4,0.96287781,0.924949,0.55,0.55,0.55,0.926996,0.243,0.734454,0.803961,review,evaluation,,,,,,,,Phase18N confirmatory reviewability packet; labels are not identity labels.
phase18n_dinov2_vitl14_blind_0228,dinov2_vitl14,confirmatory_stratified_blind_review,rank_01__similarity_high__quality_low__same_identity__admission_mid,rank_01,similarity_high,quality_low,same_identity,admission_mid,phase18a_czechlynx_1673,phase18a_czechlynx_2193,outputs/final_freeze/lynx-wild/images/czechlynx_1673__p16e_029920.jpg,outputs/final_freeze/lynx-wild/images/czechlynx_2193__p16e_029923.jpg,yes,1,0.9725877,0.973533,0.55,0.55,0.55,0.944172,0.285573,0.735607,0.826006,review,evaluation,,,,,,,,Phase18N confirmatory reviewability packet; labels are not identity labels.
phase18n_dinov2_vitl14_blind_0229,dinov2_vitl14,confirmatory_stratified_blind_review,rank_01__similarity_low__quality_low__same_identity__admission_mid,rank_01,similarity_low,quality_low,same_identity,admission_mid,phase18a_czechlynx_1981,phase18a_czechlynx_2087,outputs/final_freeze/lynx-wild/images/czechlynx_1981__p16e_042764.jpg,outputs/final_freeze/lynx-wild/images/czechlynx_2087__p16e_042765.jpg,yes,1,0.93467283,0.518392,0.55,0.55,0.55,0.937394,0.0,0.74531,0.604621,review,evaluation,,,,,,,,Phase18N confirmatory reviewability packet; labels are not identity labels.
phase18n_dinov2_vitl14_blind_0230,dinov2_vitl14,confirmatory_stratified_blind_review,rank_11_20__similarity_low__quality_low__different_identity__admission_low,rank_11_20,similarity_low,quality_low,different_identity,admission_low,phase18a_czechlynx_2765,phase18a_czechlynx_2545,outputs/final_freeze/lynx-wild/images/czechlynx_2765__p16e_028649.jpg,outputs/final_freeze/lynx-wild/images/czechlynx_2545__p16e_017286.jpg,no,13,0.90337706,0.192237,0.55,0.55,0.55,0.852204,0.0,0.688841,0.380946,review,evaluation,,,,,,,,Phase18N confirmatory reviewability packet; labels are not identity labels.
phase18n_dinov2_vitl14_blind_0231,dinov2_vitl14,confirmatory_stratified_blind_review,rank_01__similarity_mid__quality_low__different_identity__admission_mid,rank_01,similarity_mid,quality_low,different_identity,admission_mid,phase18a_czechlynx_1451,phase18a_czechlynx_1294,outputs/final_freeze/lynx-wild/images/czechlynx_1451__p16e_036181.jpg,outputs/final_freeze/lynx-wild/images/czechlynx_1294__p16e_019205.jpg,no,1,0.9427219,0.657228,0.55,0.55,0.55,0.836871,0.006823,0.729682,0.683396,review,evaluation,,,,,,,,Phase18N confirmatory reviewability packet; labels are not identity labels.
phase18n_dinov2_vitl14_blind_0232,dinov2_vitl14,confirmatory_stratified_blind_review,rank_11_20__similarity_low__quality_low__different_identity__admission_mid,rank_11_20,similarity_low,quality_low,different_identity,admission_mid,phase18a_czechlynx_2653,phase18a_czechlynx_2529,outputs/final_freeze/lynx-wild/images/czechlynx_2653__p16e_006761.jpg,outputs/final_freeze/lynx-wild/images/czechlynx_2529__p16e_007838.jpg,no,18,0.92058319,0.327405,0.55,0.55,0.55,0.96122,0.0,0.732882,0.481487,review,evaluation,,,,,,,,Phase18N confirmatory reviewability packet; labels are not identity labels.
phase18n_dinov2_vitl14_blind_0233,dinov2_vitl14,confirmatory_stratified_blind_review,rank_01__similarity_mid__quality_low__same_identity__admission_low,rank_01,similarity_mid,quality_low,same_identity,admission_low,phase18a_czechlynx_1628,phase18a_czechlynx_1986,outputs/final_freeze/lynx-wild/images/czechlynx_1628__p16e_028375.jpg,outputs/final_freeze/lynx-wild/images/czechlynx_1986__p16e_028182.jpg,yes,1,0.95850325,0.883915,0.55,0.55,0.55,0.844141,0.230965,0.709558,0.771466,review,evaluation,,,,,,,,Phase18N confirmatory reviewability packet; labels are not identity labels.
phase18n_dinov2_vitl14_blind_0234,dinov2_vitl14,confirmatory_stratified_blind_review,rank_01__similarity_high__quality_low__same_identity__admission_mid,rank_01,similarity_high,quality_low,same_identity,admission_mid,phase18a_czechlynx_1513,phase18a_czechlynx_1913,outputs/final_freeze/lynx-wild/images/czechlynx_1513__p16e_028160.jpg,outputs/final_freeze/lynx-wild/images/czechlynx_1913__p16e_028155.jpg,yes,1,0.98272878,0.991733,0.55,0.55,0.55,0.986804,0.288852,0.748708,0.841613,review,evaluation,,,,,,,,Phase18N confirmatory reviewability packet; labels are not identity labels.
phase18n_dinov2_vitl14_blind_0235,dinov2_vitl14,confirmatory_stratified_blind_review,rank_11_20__similarity_mid__quality_low__different_identity__admission_high,rank_11_20,similarity_mid,quality_low,different_identity,admission_high,phase18a_czechlynx_1375,phase18a_czechlynx_1724,outputs/final_freeze/lynx-wild/images/czechlynx_1375__p16e_032528.jpg,outputs/final_freeze/lynx-wild/images/czechlynx_1724__p16e_028309.jpg,no,19,0.94937879,0.761763,0.55,0.55,0.55,0.967069,0.065789,0.764798,0.749758,review,evaluation,,,,,,,,Phase18N confirmatory reviewability packet; labels are not identity labels.
phase18n_dinov2_vitl14_blind_0236,dinov2_vitl14,confirmatory_stratified_blind_review,rank_11_20__similarity_high__quality_low__same_identity__admission_high,rank_11_20,similarity_high,quality_low,same_identity,admission_high,phase18a_czechlynx_1867,phase18a_czechlynx_1521,outputs/final_freeze/lynx-wild/images/czechlynx_1867__p16e_028159.jpg,outputs/final_freeze/lynx-wild/images/czechlynx_1521__p16e_028316.jpg,yes,20,0.96774012,0.954699,0.55,0.55,0.55,0.995998,0.2486,0.755629,0.829333,review,evaluation,,,,,,,,Phase18N confirmatory reviewability packet; labels are not identity labels.
phase18n_dinov2_vitl14_blind_0237,dinov2_vitl14,confirmatory_stratified_blind_review,rank_06_10__similarity_mid__quality_low__same_identity__admission_low,rank_06_10,similarity_mid,quality_low,same_identity,admission_low,phase18a_czechlynx_1886,phase18a_czechlynx_1475,outputs/final_freeze/lynx-wild/images/czechlynx_1886__p16e_028534.jpg,outputs/final_freeze/lynx-wild/images/czechlynx_1475__p16e_028514.jpg,yes,7,0.94898063,0.756146,0.55,0.55,0.55,0.80876,0.11558,0.709951,0.715476,review,evaluation,,,,,,,,Phase18N confirmatory reviewability packet; labels are not identity labels.
phase18n_dinov2_vitl14_blind_0238,dinov2_vitl14,confirmatory_stratified_blind_review,rank_06_10__similarity_high__quality_low__different_identity__admission_mid,rank_06_10,similarity_high,quality_low,different_identity,admission_mid,phase18a_czechlynx_2044,phase18a_czechlynx_2065,outputs/final_freeze/lynx-wild/images/czechlynx_2044__p16e_043670.jpg,outputs/final_freeze/lynx-wild/images/czechlynx_2065__p16e_044056.jpg,no,7,0.96852243,0.958433,0.55,0.55,0.55,0.91745,0.279825,0.727764,0.814814,review,evaluation,,,,,,,,Phase18N confirmatory reviewability packet; labels are not identity labels.
phase18n_dinov2_vitl14_blind_0239,dinov2_vitl14,confirmatory_stratified_blind_review,rank_02_05__similarity_low__quality_low__same_identity__admission_mid,rank_02_05,similarity_low,quality_low,same_identity,admission_mid,phase18a_czechlynx_2808,phase18a_czechlynx_2791,outputs/final_freeze/lynx-wild/images/czechlynx_2808__p16e_029013.jpg,outputs/final_freeze/lynx-wild/images/czechlynx_2791__p16e_028705.jpg,yes,4,0.93160045,0.471325,0.55,0.55,0.55,0.953931,0.0,0.745233,0.57541,review,evaluation,,,,,,,,Phase18N confirmatory reviewability packet; labels are not identity labels.
phase18n_dinov2_vitl14_blind_0240,dinov2_vitl14,confirmatory_stratified_blind_review,rank_01__similarity_high__quality_low__same_identity__admission_high,rank_01,similarity_high,quality_low,same_identity,admission_high,phase18a_czechlynx_1473,phase18a_czechlynx_1714,outputs/final_freeze/lynx-wild/images/czechlynx_1473__p16e_028281.jpg,outputs/final_freeze/lynx-wild/images/czechlynx_1714__p16e_028279.jpg,yes,1,0.98298132,0.992033,0.55,0.55,0.55,0.994759,0.286368,0.751462,0.843343,review,evaluation,,,,,,,,Phase18N confirmatory reviewability packet; labels are not identity labels.
phase18n_dinov2_vitl14_blind_0241,dinov2_vitl14,confirmatory_stratified_blind_review,rank_01__similarity_low__quality_low__same_identity__admission_low,rank_01,similarity_low,quality_low,same_identity,admission_low,phase18a_czechlynx_2986,phase18a_czechlynx_2983,outputs/final_freeze/lynx-wild/images/czechlynx_2986__p16e_044403.jpg,outputs/final_freeze/lynx-wild/images/czechlynx_2983__p16e_044398.jpg,yes,1,0.91752928,0.295688,0.55,0.55,0.55,0.860693,0.0,0.701563,0.449921,review,evaluation,,,,,,,,Phase18N confirmatory reviewability packet; labels are not identity labels.
phase18n_dinov2_vitl14_blind_0242,dinov2_vitl14,confirmatory_stratified_blind_review,rank_06_10__similarity_high__quality_low__same_identity__admission_high,rank_06_10,similarity_high,quality_low,same_identity,admission_high,phase18a_czechlynx_1737,phase18a_czechlynx_1581,outputs/final_freeze/lynx-wild/images/czechlynx_1737__p16e_028428.jpg,outputs/final_freeze/lynx-wild/images/czechlynx_1581__p16e_028302.jpg,yes,8,0.96504951,0.939366,0.55,0.55,0.55,0.99571,0.233367,0.757062,0.823417,review,evaluation,,,,,,,,Phase18N confirmatory reviewability packet; labels are not identity labels.
phase18n_dinov2_vitl14_blind_0243,dinov2_vitl14,confirmatory_stratified_blind_review,rank_02_05__similarity_mid__quality_low__different_identity__admission_mid,rank_02_05,similarity_mid,quality_low,different_identity,admission_mid,phase18a_czechlynx_2596,phase18a_czechlynx_1920,outputs/final_freeze/lynx-wild/images/czechlynx_2596__p16e_045632.jpg,outputs/final_freeze/lynx-wild/images/czechlynx_1920__p16e_037233.jpg,no,4,0.95667493,0.861798,0.55,0.55,0.55,0.903516,0.188067,0.732551,0.775071,review,evaluation,,,,,,,,Phase18N confirmatory reviewability packet; labels are not identity labels.
phase18n_dinov2_vitl14_blind_0244,dinov2_vitl14,confirmatory_stratified_blind_review,rank_11_20__similarity_mid__quality_low__different_identity__admission_high,rank_11_20,similarity_mid,quality_low,different_identity,admission_high,phase18a_czechlynx_2320,phase18a_czechlynx_2130,outputs/final_freeze/lynx-wild/images/czechlynx_2320__p16e_032848.jpg,outputs/final_freeze/lynx-wild/images/czechlynx_2130__p16e_045596.jpg,no,19,0.9529618,0.81373,0.55,0.55,0.55,0.960384,0.120096,0.757261,0.768253,review,evaluation,,,,,,,,Phase18N confirmatory reviewability packet; labels are not identity labels.
phase18n_dinov2_vitl14_blind_0245,dinov2_vitl14,confirmatory_stratified_blind_review,rank_11_20__similarity_low__quality_low__different_identity__admission_mid,rank_11_20,similarity_low,quality_low,different_identity,admission_mid,phase18a_czechlynx_2012,phase18a_czechlynx_1327,outputs/final_freeze/lynx-wild/images/czechlynx_2012__p16e_028810.jpg,outputs/final_freeze/lynx-wild/images/czechlynx_1327__p16e_019018.jpg,no,15,0.93090338,0.460641,0.55,0.55,0.55,0.94005,0.0,0.740278,0.566903,review,evaluation,,,,,,,,Phase18N confirmatory reviewability packet; labels are not identity labels.
phase18n_dinov2_vitl14_blind_0246,dinov2_vitl14,confirmatory_stratified_blind_review,rank_02_05__similarity_mid__quality_low__same_identity__admission_low,rank_02_05,similarity_mid,quality_low,same_identity,admission_low,phase18a_czechlynx_2047,phase18a_czechlynx_1863,outputs/final_freeze/lynx-wild/images/czechlynx_2047__p16e_028186.jpg,outputs/final_freeze/lynx-wild/images/czechlynx_1863__p16e_028488.jpg,yes,5,0.95599258,0.852964,0.55,0.55,0.55,0.820761,0.208198,0.70447,0.754897,review,evaluation,,,,,,,,Phase18N confirmatory reviewability packet; labels are not identity labels.
phase18n_dinov2_vitl14_blind_0247,dinov2_vitl14,confirmatory_stratified_blind_review,rank_02_05__similarity_low__quality_low__same_identity__admission_low,rank_02_05,similarity_low,quality_low,same_identity,admission_low,phase18a_czechlynx_2528,phase18a_czechlynx_2808,outputs/final_freeze/lynx-wild/images/czechlynx_2528__p16e_028802.jpg,outputs/final_freeze/lynx-wild/images/czechlynx_2808__p16e_029013.jpg,yes,2,0.92671788,0.401923,0.55,0.55,0.55,0.903576,0.0,0.724194,0.524386,review,evaluation,,,,,,,,Phase18N confirmatory reviewability packet; labels are not identity labels.
phase18n_dinov2_vitl14_blind_0248,dinov2_vitl14,confirmatory_stratified_blind_review,rank_02_05__similarity_low__quality_low__same_identity__admission_high,rank_02_05,similarity_low,quality_low,same_identity,admission_high,phase18a_czechlynx_1849,phase18a_czechlynx_1556,outputs/final_freeze/lynx-wild/images/czechlynx_1849__p16e_028459.jpg,outputs/final_freeze/lynx-wild/images/czechlynx_1556__p16e_028473.jpg,yes,4,0.93851972,0.58216,0.55,0.55,0.55,0.996727,0.0,0.7683,0.652893,review,evaluation,,,,,,,,Phase18N confirmatory reviewability packet; labels are not identity labels.
phase18n_dinov2_vitl14_blind_0249,dinov2_vitl14,confirmatory_stratified_blind_review,rank_11_20__similarity_mid__quality_low__same_identity__admission_mid,rank_11_20,similarity_mid,quality_low,same_identity,admission_mid,phase18a_czechlynx_2645,phase18a_czechlynx_2990,outputs/final_freeze/lynx-wild/images/czechlynx_2645__p16e_034259.jpg,outputs/final_freeze/lynx-wild/images/czechlynx_2990__p16e_036892.jpg,yes,15,0.94471341,0.690495,0.55,0.55,0.55,0.835377,0.040613,0.725832,0.6958,review,evaluation,,,,,,,,Phase18N confirmatory reviewability packet; labels are not identity labels.
phase18n_dinov2_vitl14_blind_0250,dinov2_vitl14,confirmatory_stratified_blind_review,rank_01__similarity_mid__quality_low__same_identity__admission_low,rank_01,similarity_mid,quality_low,same_identity,admission_low,phase18a_czechlynx_2832,phase18a_czechlynx_2774,outputs/final_freeze/lynx-wild/images/czechlynx_2832__p16e_007699.jpg,outputs/final_freeze/lynx-wild/images/czechlynx_2774__p16e_008367.jpg,yes,1,0.95950615,0.895148,0.55,0.55,0.55,0.81036,0.254022,0.696611,0.7689,review,evaluation,,,,,,,,Phase18N confirmatory reviewability packet; labels are not identity labels.
phase18n_dinov2_vitl14_blind_0251,dinov2_vitl14,confirmatory_stratified_blind_review,rank_06_10__similarity_mid__quality_low__different_identity__admission_high,rank_06_10,similarity_mid,quality_low,different_identity,admission_high,phase18a_czechlynx_2776,phase18a_czechlynx_2136,outputs/final_freeze/lynx-wild/images/czechlynx_2776__p16e_015111.jpg,outputs/final_freeze/lynx-wild/images/czechlynx_2136__p16e_036185.jpg,no,9,0.95381069,0.826364,0.55,0.55,0.55,0.941222,0.139436,0.749291,0.769189,review,evaluation,,,,,,,,Phase18N confirmatory reviewability packet; labels are not identity labels.
phase18n_dinov2_vitl14_blind_0252,dinov2_vitl14,confirmatory_stratified_blind_review,rank_01__similarity_mid__quality_low__different_identity__admission_mid,rank_01,similarity_mid,quality_low,different_identity,admission_mid,phase18a_czechlynx_1598,phase18a_czechlynx_2122,outputs/final_freeze/lynx-wild/images/czechlynx_1598__p16e_039724.jpg,outputs/final_freeze/lynx-wild/images/czechlynx_2122__p16e_045532.jpg,no,1,0.95904565,0.890415,0.55,0.55,0.55,0.903164,0.216807,0.729566,0.785931,review,evaluation,,,,,,,,Phase18N confirmatory reviewability packet; labels are not identity labels.
phase18n_dinov2_vitl14_blind_0253,dinov2_vitl14,confirmatory_stratified_blind_review,rank_01__similarity_low__quality_low__same_identity__admission_low,rank_01,similarity_low,quality_low,same_identity,admission_low,phase18a_czechlynx_2342,phase18a_czechlynx_2263,outputs/final_freeze/lynx-wild/images/czechlynx_2342__p16e_028566.jpg,outputs/final_freeze/lynx-wild/images/czechlynx_2263__p16e_028072.jpg,yes,1,0.69042522,0.01175,0.55,0.55,0.55,0.891376,0.0,0.68176,0.266354,review,evaluation,,,,,,,,Phase18N confirmatory reviewability packet; labels are not identity labels.
phase18n_dinov2_vitl14_blind_0254,dinov2_vitl14,confirmatory_stratified_blind_review,rank_06_10__similarity_mid__quality_low__same_identity__admission_high,rank_06_10,similarity_mid,quality_low,same_identity,admission_high,phase18a_czechlynx_1622,phase18a_czechlynx_1861,outputs/final_freeze/lynx-wild/images/czechlynx_1622__p16e_028263.jpg,outputs/final_freeze/lynx-wild/images/czechlynx_1861__p16e_028269.jpg,yes,6,0.94895983,0.755763,0.55,0.55,0.55,0.972471,0.057898,0.767289,0.748563,review,evaluation,,,,,,,,Phase18N confirmatory reviewability packet; labels are not identity labels.
phase18n_dinov2_vitl14_blind_0255,dinov2_vitl14,confirmatory_stratified_blind_review,rank_06_10__similarity_mid__quality_low__same_identity__admission_low,rank_06_10,similarity_mid,quality_low,same_identity,admission_low,phase18a_czechlynx_1514,phase18a_czechlynx_1475,outputs/final_freeze/lynx-wild/images/czechlynx_1514__p16e_028535.jpg,outputs/final_freeze/lynx-wild/images/czechlynx_1475__p16e_028514.jpg,yes,6,0.95356351,0.82313,0.55,0.55,0.55,0.818084,0.179301,0.706516,0.742957,review,evaluation,,,,,,,,Phase18N confirmatory reviewability packet; labels are not identity labels.
phase18n_dinov2_vitl14_blind_0256,dinov2_vitl14,confirmatory_stratified_blind_review,rank_02_05__similarity_low__quality_low__different_identity__admission_low,rank_02_05,similarity_low,quality_low,different_identity,admission_low,phase18a_czechlynx_1576,phase18a_czechlynx_2546,outputs/final_freeze/lynx-wild/images/czechlynx_1576__p16e_045910.jpg,outputs/final_freeze/lynx-wild/images/czechlynx_2546__p16e_042731.jpg,no,4,0.89403385,0.153969,0.55,0.55,0.55,0.859728,0.0,0.687121,0.356567,review,evaluation,,,,,,,,Phase18N confirmatory reviewability packet; labels are not identity labels.
phase18n_dinov2_vitl14_blind_0257,dinov2_vitl14,confirmatory_stratified_blind_review,rank_11_20__similarity_mid__quality_low__different_identity__admission_mid,rank_11_20,similarity_mid,quality_low,different_identity,admission_mid,phase18a_czechlynx_2259,phase18a_czechlynx_2249,outputs/final_freeze/lynx-wild/images/czechlynx_2259__p16e_042179.jpg,outputs/final_freeze/lynx-wild/images/czechlynx_2249__p16e_045144.jpg,no,15,0.9563545,0.857814,0.55,0.55,0.55,0.939567,0.171466,0.745567,0.780867,review,evaluation,,,,,,,,Phase18N confirmatory reviewability packet; labels are not identity labels.
phase18n_dinov2_vitl14_blind_0258,dinov2_vitl14,confirmatory_stratified_blind_review,rank_06_10__similarity_mid__quality_low__different_identity__admission_high,rank_06_10,similarity_mid,quality_low,different_identity,admission_high,phase18a_czechlynx_2522,phase18a_czechlynx_2096,outputs/final_freeze/lynx-wild/images/czechlynx_2522__p16e_044172.jpg,outputs/final_freeze/lynx-wild/images/czechlynx_2096__p16e_043693.jpg,no,7,0.95459342,0.835081,0.55,0.55,0.55,0.97138,0.137598,0.758975,0.778641,review,evaluation,,,,,,,,Phase18N confirmatory reviewability packet; labels are not identity labels.
phase18n_dinov2_vitl14_blind_0259,dinov2_vitl14,confirmatory_stratified_blind_review,rank_11_20__similarity_high__quality_low__same_identity__admission_mid,rank_11_20,similarity_high,quality_low,same_identity,admission_mid,phase18a_czechlynx_1504,phase18a_czechlynx_1867,outputs/final_freeze/lynx-wild/images/czechlynx_1504__p16e_028153.jpg,outputs/final_freeze/lynx-wild/images/czechlynx_1867__p16e_028159.jpg,yes,11,0.96849245,0.958383,0.55,0.55,0.55,0.967651,0.262205,0.74534,0.824985,review,evaluation,,,,,,,,Phase18N confirmatory reviewability packet; labels are not identity labels.
phase18n_dinov2_vitl14_blind_0260,dinov2_vitl14,confirmatory_stratified_blind_review,rank_02_05__similarity_low__quality_low__same_identity__admission_low,rank_02_05,similarity_low,quality_low,same_identity,admission_low,phase18a_czechlynx_2528,phase18a_czechlynx_2854,outputs/final_freeze/lynx-wild/images/czechlynx_2528__p16e_028802.jpg,outputs/final_freeze/lynx-wild/images/czechlynx_2854__p16e_029010.jpg,yes,4,0.92030567,0.324089,0.55,0.55,0.55,0.886795,0.0,0.711711,0.471385,review,evaluation,,,,,,,,Phase18N confirmatory reviewability packet; labels are not identity labels.
phase18n_dinov2_vitl14_blind_0261,dinov2_vitl14,confirmatory_stratified_blind_review,rank_02_05__similarity_mid__quality_low__different_identity__admission_mid,rank_02_05,similarity_mid,quality_low,different_identity,admission_mid,phase18a_czechlynx_2803,phase18a_czechlynx_2411,outputs/final_freeze/lynx-wild/images/czechlynx_2803__p16e_043467.jpg,outputs/final_freeze/lynx-wild/images/czechlynx_2411__p16e_041928.jpg,no,2,0.95994699,0.900198,0.55,0.55,0.55,0.93581,0.215165,0.740014,0.796295,review,evaluation,,,,,,,,Phase18N confirmatory reviewability packet; labels are not identity labels.
phase18n_dinov2_vitl14_blind_0262,dinov2_vitl14,confirmatory_stratified_blind_review,rank_11_20__similarity_mid__quality_low__different_identity__admission_low,rank_11_20,similarity_mid,quality_low,different_identity,admission_low,phase18a_czechlynx_2817,phase18a_czechlynx_2612,outputs/final_freeze/lynx-wild/images/czechlynx_2817__p16e_044124.jpg,outputs/final_freeze/lynx-wild/images/czechlynx_2612__p16e_045265.jpg,no,20,0.95027918,0.77508,0.55,0.55,0.55,0.774859,0.146379,0.696193,0.715827,review,evaluation,,,,,,,,Phase18N confirmatory reviewability packet; labels are not identity labels.
phase18n_dinov2_vitl14_blind_0263,dinov2_vitl14,confirmatory_stratified_blind_review,rank_11_20__similarity_low__quality_low__same_identity__admission_mid,rank_11_20,similarity_low,quality_low,same_identity,admission_mid,phase18a_czechlynx_1969,phase18a_czechlynx_1905,outputs/final_freeze/lynx-wild/images/czechlynx_1969__p16e_028420.jpg,outputs/final_freeze/lynx-wild/images/czechlynx_1905__p16e_028415.jpg,yes,13,0.92220539,0.345739,0.55,0.55,0.55,0.998335,0.0,0.745108,0.497499,review,evaluation,,,,,,,,Phase18N confirmatory reviewability packet; labels are not identity labels.
phase18n_dinov2_vitl14_blind_0264,dinov2_vitl14,confirmatory_stratified_blind_review,rank_06_10__similarity_low__quality_low__same_identity__admission_mid,rank_06_10,similarity_low,quality_low,same_identity,admission_mid,phase18a_czechlynx_1602,phase18a_czechlynx_1287,outputs/final_freeze/lynx-wild/images/czechlynx_1602__p16e_028363.jpg,outputs/final_freeze/lynx-wild/images/czechlynx_1287__p16e_028549.jpg,yes,7,0.93351001,0.500158,0.55,0.55,0.55,0.911216,0.0,0.736156,0.589837,review,evaluation,,,,,,,,Phase18N confirmatory reviewability packet; labels are not identity labels.
phase18n_dinov2_vitl14_blind_0265,dinov2_vitl14,confirmatory_stratified_blind_review,rank_06_10__similarity_mid__quality_low__different_identity__admission_high,rank_06_10,similarity_mid,quality_low,different_identity,admission_high,phase18a_czechlynx_2797,phase18a_czechlynx_2411,outputs/final_freeze/lynx-wild/images/czechlynx_2797__p16e_044125.jpg,outputs/final_freeze/lynx-wild/images/czechlynx_2411__p16e_041928.jpg,no,10,0.94459468,0.688378,0.55,0.55,0.55,0.938614,0.002363,0.762177,0.715949,review,evaluation,,,,,,,,Phase18N confirmatory reviewability packet; labels are not identity labels.
phase18n_dinov2_vitl14_blind_0266,dinov2_vitl14,confirmatory_stratified_blind_review,rank_06_10__similarity_high__quality_low__same_identity__admission_high,rank_06_10,similarity_high,quality_low,same_identity,admission_high,phase18a_czechlynx_2007,phase18a_czechlynx_1986,outputs/final_freeze/lynx-wild/images/czechlynx_2007__p16e_028157.jpg,outputs/final_freeze/lynx-wild/images/czechlynx_1986__p16e_028182.jpg,yes,8,0.96532589,0.941449,0.55,0.55,0.55,0.995481,0.235531,0.756773,0.824166,review,evaluation,,,,,,,,Phase18N confirmatory reviewability packet; labels are not identity labels.
phase18n_dinov2_vitl14_blind_0267,dinov2_vitl14,confirmatory_stratified_blind_review,rank_01__similarity_mid__quality_low__different_identity__admission_high,rank_01,similarity_mid,quality_low,different_identity,admission_high,phase18a_czechlynx_2490,phase18a_czechlynx_1545,outputs/final_freeze/lynx-wild/images/czechlynx_2490__p16e_007111.jpg,outputs/final_freeze/lynx-wild/images/czechlynx_1545__p16e_041647.jpg,no,1,0.9515205,0.793047,0.55,0.55,0.55,0.933943,0.108667,0.750075,0.754984,review,evaluation,,,,,,,,Phase18N confirmatory reviewability packet; labels are not identity labels.
phase18n_dinov2_vitl14_blind_0268,dinov2_vitl14,confirmatory_stratified_blind_review,rank_01__similarity_high__quality_low__same_identity__admission_high,rank_01,similarity_high,quality_low,same_identity,admission_high,phase18a_czechlynx_1738,phase18a_czechlynx_1735,outputs/final_freeze/lynx-wild/images/czechlynx_1738__p16e_028408.jpg,outputs/final_freeze/lynx-wild/images/czechlynx_1735__p16e_028409.jpg,yes,1,0.99033344,0.997117,0.55,0.55,0.55,0.998316,0.290206,0.752199,0.846007,review,evaluation,,,,,,,,Phase18N confirmatory reviewability packet; labels are not identity labels.
phase18n_dinov2_vitl14_blind_0269,dinov2_vitl14,confirmatory_stratified_blind_review,rank_06_10__similarity_high__quality_low__same_identity__admission_mid,rank_06_10,similarity_high,quality_low,same_identity,admission_mid,phase18a_czechlynx_1861,phase18a_czechlynx_1943,outputs/final_freeze/lynx-wild/images/czechlynx_1861__p16e_028269.jpg,outputs/final_freeze/lynx-wild/images/czechlynx_1943__p16e_028389.jpg,yes,6,0.96505845,0.939449,0.55,0.55,0.55,0.968004,0.243148,0.747356,0.817824,review,evaluation,,,,,,,,Phase18N confirmatory reviewability packet; labels are not identity labels.
phase18n_dinov2_vitl14_blind_0270,dinov2_vitl14,confirmatory_stratified_blind_review,rank_06_10__similarity_mid__quality_low__same_identity__admission_high,rank_06_10,similarity_mid,quality_low,same_identity,admission_high,phase18a_czechlynx_2047,phase18a_czechlynx_2247,outputs/final_freeze/lynx-wild/images/czechlynx_2047__p16e_028186.jpg,outputs/final_freeze/lynx-wild/images/czechlynx_2247__p16e_028198.jpg,yes,6,0.9557904,0.850264,0.55,0.55,0.55,0.964516,0.155184,0.755054,0.783048,review,evaluation,,,,,,,,Phase18N confirmatory reviewability packet; labels are not identity labels.
phase18n_dinov2_vitl14_blind_0271,dinov2_vitl14,confirmatory_stratified_blind_review,rank_02_05__similarity_mid__quality_low__different_identity__admission_low,rank_02_05,similarity_mid,quality_low,different_identity,admission_low,phase18a_czechlynx_1672,phase18a_czechlynx_1440,outputs/final_freeze/lynx-wild/images/czechlynx_1672__p16e_028358.jpg,outputs/final_freeze/lynx-wild/images/czechlynx_1440__p16e_020433.jpg,no,4,0.95113695,0.787546,0.55,0.55,0.55,0.826265,0.140854,0.712938,0.731024,review,evaluation,,,,,,,,Phase18N confirmatory reviewability packet; labels are not identity labels.
phase18n_dinov2_vitl14_blind_0272,dinov2_vitl14,confirmatory_stratified_blind_review,rank_11_20__similarity_low__quality_low__same_identity__admission_mid,rank_11_20,similarity_low,quality_low,same_identity,admission_mid,phase18a_czechlynx_1969,phase18a_czechlynx_1983,outputs/final_freeze/lynx-wild/images/czechlynx_1969__p16e_028420.jpg,outputs/final_freeze/lynx-wild/images/czechlynx_1983__p16e_028416.jpg,yes,14,0.92204458,0.343572,0.55,0.55,0.55,0.996671,0.0,0.744425,0.495896,review,evaluation,,,,,,,,Phase18N confirmatory reviewability packet; labels are not identity labels.
phase18n_dinov2_vitl14_blind_0273,dinov2_vitl14,confirmatory_stratified_blind_review,rank_01__similarity_high__quality_low__same_identity__admission_mid,rank_01,similarity_high,quality_low,same_identity,admission_mid,phase18a_czechlynx_1591,phase18a_czechlynx_1805,outputs/final_freeze/lynx-wild/images/czechlynx_1591__p16e_028364.jpg,outputs/final_freeze/lynx-wild/images/czechlynx_1805__p16e_028370.jpg,yes,1,0.97801703,0.985416,0.55,0.55,0.55,0.97282,0.287429,0.744445,0.836361,review,evaluation,,,,,,,,Phase18N confirmatory reviewability packet; labels are not identity labels.
phase18n_dinov2_vitl14_blind_0274,dinov2_vitl14,confirmatory_stratified_blind_review,rank_01__similarity_high__quality_low__same_identity__admission_mid,rank_01,similarity_high,quality_low,same_identity,admission_mid,phase18a_czechlynx_1324,phase18a_czechlynx_1475,outputs/final_freeze/lynx-wild/images/czechlynx_1324__p16e_028504.jpg,outputs/final_freeze/lynx-wild/images/czechlynx_1475__p16e_028514.jpg,yes,1,0.99055612,0.9972,0.55,0.55,0.55,0.987014,0.294245,0.748235,0.843744,review,evaluation,,,,,,,,Phase18N confirmatory reviewability packet; labels are not identity labels.
phase18n_dinov2_vitl14_blind_0275,dinov2_vitl14,confirmatory_stratified_blind_review,rank_01__similarity_mid__quality_low__same_identity__admission_high,rank_01,similarity_mid,quality_low,same_identity,admission_high,phase18a_czechlynx_2682,phase18a_czechlynx_2782,outputs/final_freeze/lynx-wild/images/czechlynx_2682__p16e_010750.jpg,outputs/final_freeze/lynx-wild/images/czechlynx_2782__p16e_010751.jpg,yes,1,0.94945401,0.763063,0.55,0.55,0.55,0.988662,0.059531,0.772225,0.754638,review,evaluation,,,,,,,,Phase18N confirmatory reviewability packet; labels are not identity labels.
phase18n_dinov2_vitl14_blind_0276,dinov2_vitl14,confirmatory_stratified_blind_review,rank_02_05__similarity_mid__quality_low__different_identity__admission_high,rank_02_05,similarity_mid,quality_low,different_identity,admission_high,phase18a_czechlynx_1965,phase18a_czechlynx_1511,outputs/final_freeze/lynx-wild/images/czechlynx_1965__p16e_034428.jpg,outputs/final_freeze/lynx-wild/images/czechlynx_1511__p16e_036186.jpg,no,3,0.95114648,0.787713,0.55,0.55,0.55,0.932769,0.103744,0.750198,0.752709,review,evaluation,,,,,,,,Phase18N confirmatory reviewability packet; labels are not identity labels.
phase18n_dinov2_vitl14_blind_0277,dinov2_vitl14,confirmatory_stratified_blind_review,rank_11_20__similarity_mid__quality_low__same_identity__admission_mid,rank_11_20,similarity_mid,quality_low,same_identity,admission_mid,phase18a_czechlynx_1669,phase18a_czechlynx_1763,outputs/final_freeze/lynx-wild/images/czechlynx_1669__p16e_028467.jpg,outputs/final_freeze/lynx-wild/images/czechlynx_1763__p16e_028330.jpg,yes,15,0.95866668,0.885531,0.55,0.55,0.55,0.956673,0.193196,0.748782,0.794927,review,evaluation,,,,,,,,Phase18N confirmatory reviewability packet; labels are not identity labels.
phase18n_dinov2_vitl14_blind_0278,dinov2_vitl14,confirmatory_stratified_blind_review,rank_11_20__similarity_low__quality_low__same_identity__admission_low,rank_11_20,similarity_low,quality_low,same_identity,admission_low,phase18a_czechlynx_1843,phase18a_czechlynx_1969,outputs/final_freeze/lynx-wild/images/czechlynx_1843__p16e_028431.jpg,outputs/final_freeze/lynx-wild/images/czechlynx_1969__p16e_028420.jpg,yes,15,0.92834347,0.42389,0.55,0.55,0.55,0.889553,0.0,0.722464,0.537348,review,evaluation,,,,,,,,Phase18N confirmatory reviewability packet; labels are not identity labels.
phase18n_dinov2_vitl14_blind_0279,dinov2_vitl14,confirmatory_stratified_blind_review,rank_11_20__similarity_low__quality_low__different_identity__admission_low,rank_11_20,similarity_low,quality_low,different_identity,admission_low,phase18a_czechlynx_2724,phase18a_czechlynx_1616,outputs/final_freeze/lynx-wild/images/czechlynx_2724__p16e_037968.jpg,outputs/final_freeze/lynx-wild/images/czechlynx_1616__p16e_042900.jpg,no,18,0.80172455,0.030284,0.55,0.55,0.55,0.96475,0.0,0.704158,0.286356,review,evaluation,,,,,,,,Phase18N confirmatory reviewability packet; labels are not identity labels.
phase18n_dinov2_vitl14_blind_0280,dinov2_vitl14,confirmatory_stratified_blind_review,rank_02_05__similarity_low__quality_low__same_identity__admission_mid,rank_02_05,similarity_low,quality_low,same_identity,admission_mid,phase18a_czechlynx_2026,phase18a_czechlynx_1384,outputs/final_freeze/lynx-wild/images/czechlynx_2026__p16e_024651.jpg,outputs/final_freeze/lynx-wild/images/czechlynx_1384__p16e_024498.jpg,yes,2,0.92997926,0.446441,0.55,0.55,0.55,0.932483,0.0,0.736739,0.556754,review,evaluation,,,,,,,,Phase18N confirmatory reviewability packet; labels are not identity labels.
phase18n_dinov2_vitl14_blind_0281,dinov2_vitl14,confirmatory_stratified_blind_review,rank_11_20__similarity_low__quality_low__same_identity__admission_high,rank_11_20,similarity_low,quality_low,same_identity,admission_high,phase18a_czechlynx_1683,phase18a_czechlynx_1628,outputs/final_freeze/lynx-wild/images/czechlynx_1683__p16e_028221.jpg,outputs/final_freeze/lynx-wild/images/czechlynx_1628__p16e_028375.jpg,yes,16,0.92949247,0.439991,0.55,0.55,0.55,0.993765,0.0,0.753253,0.55903,review,evaluation,,,,,,,,Phase18N confirmatory reviewability packet; labels are not identity labels.
phase18n_dinov2_vitl14_blind_0282,dinov2_vitl14,confirmatory_stratified_blind_review,rank_11_20__similarity_low__quality_low__different_identity__admission_mid,rank_11_20,similarity_low,quality_low,different_identity,admission_mid,phase18a_czechlynx_2429,phase18a_czechlynx_2559,outputs/final_freeze/lynx-wild/images/czechlynx_2429__p16e_041890.jpg,outputs/final_freeze/lynx-wild/images/czechlynx_2559__p16e_036509.jpg,no,14,0.90739602,0.213954,0.55,0.55,0.55,0.997989,0.0,0.731832,0.410747,review,evaluation,,,,,,,,Phase18N confirmatory reviewability packet; labels are not identity labels.
phase18n_dinov2_vitl14_blind_0283,dinov2_vitl14,confirmatory_stratified_blind_review,rank_11_20__similarity_low__quality_low__same_identity__admission_mid,rank_11_20,similarity_low,quality_low,same_identity,admission_mid,phase18a_czechlynx_1761,phase18a_czechlynx_1687,outputs/final_freeze/lynx-wild/images/czechlynx_1761__p16e_028442.jpg,outputs/final_freeze/lynx-wild/images/czechlynx_1687__p16e_028447.jpg,yes,14,0.94271296,0.656894,0.55,0.55,0.55,0.861466,0.0,0.7379,0.687676,review,evaluation,,,,,,,,Phase18N confirmatory reviewability packet; labels are not identity labels.
phase18n_dinov2_vitl14_blind_0284,dinov2_vitl14,confirmatory_stratified_blind_review,rank_06_10__similarity_high__quality_low__same_identity__admission_high,rank_06_10,similarity_high,quality_low,same_identity,admission_high,phase18a_czechlynx_1664,phase18a_czechlynx_1763,outputs/final_freeze/lynx-wild/images/czechlynx_1664__p16e_028342.jpg,outputs/final_freeze/lynx-wild/images/czechlynx_1763__p16e_028330.jpg,yes,7,0.98122633,0.99035,0.55,0.55,0.55,0.989588,0.286494,0.749821,0.84165,review,evaluation,,,,,,,,Phase18N confirmatory reviewability packet; labels are not identity labels.
phase18n_dinov2_vitl14_blind_0285,dinov2_vitl14,confirmatory_stratified_blind_review,rank_11_20__similarity_low__quality_low__same_identity__admission_high,rank_11_20,similarity_low,quality_low,same_identity,admission_high,phase18a_czechlynx_1795,phase18a_czechlynx_1628,outputs/final_freeze/lynx-wild/images/czechlynx_1795__p16e_028219.jpg,outputs/final_freeze/lynx-wild/images/czechlynx_1628__p16e_028375.jpg,yes,18,0.9269135,0.404623,0.55,0.55,0.55,0.991964,0.0,0.749212,0.535567,review,evaluation,,,,,,,,Phase18N confirmatory reviewability packet; labels are not identity labels.
phase18n_dinov2_vitl14_blind_0286,dinov2_vitl14,confirmatory_stratified_blind_review,rank_11_20__similarity_mid__quality_low__same_identity__admission_high,rank_11_20,similarity_mid,quality_low,same_identity,admission_high,phase18a_czechlynx_1829,phase18a_czechlynx_1609,outputs/final_freeze/lynx-wild/images/czechlynx_1829__p16e_028400.jpg,outputs/final_freeze/lynx-wild/images/czechlynx_1609__p16e_028482.jpg,yes,19,0.9629581,0.925382,0.55,0.55,0.55,0.968765,0.228814,0.74903,0.812605,review,evaluation,,,,,,,,Phase18N confirmatory reviewability packet; labels are not identity labels.
phase18n_dinov2_vitl14_blind_0287,dinov2_vitl14,confirmatory_stratified_blind_review,rank_01__similarity_mid__quality_low__same_identity__admission_high,rank_01,similarity_mid,quality_low,same_identity,admission_high,phase18a_czechlynx_1715,phase18a_czechlynx_1558,outputs/final_freeze/lynx-wild/images/czechlynx_1715__p16e_044843.jpg,outputs/final_freeze/lynx-wild/images/czechlynx_1558__p16e_044884.jpg,yes,1,0.95658171,0.860514,0.55,0.55,0.55,0.952336,0.169697,0.749766,0.784491,review,evaluation,,,,,,,,Phase18N confirmatory reviewability packet; labels are not identity labels.
phase18n_dinov2_vitl14_blind_0288,dinov2_vitl14,confirmatory_stratified_blind_review,rank_06_10__similarity_low__quality_low__different_identity__admission_mid,rank_06_10,similarity_low,quality_low,different_identity,admission_mid,phase18a_czechlynx_1703,phase18a_czechlynx_1857,outputs/final_freeze/lynx-wild/images/czechlynx_1703__p16e_042489.jpg,outputs/final_freeze/lynx-wild/images/czechlynx_1857__p16e_027024.jpg,no,10,0.9230091,0.354773,0.55,0.55,0.55,0.929575,0.0,0.726758,0.496127,review,evaluation,,,,,,,,Phase18N confirmatory reviewability packet; labels are not identity labels.
phase18n_dinov2_vitl14_blind_0289,dinov2_vitl14,confirmatory_stratified_blind_review,rank_06_10__similarity_low__quality_low__same_identity__admission_mid,rank_06_10,similarity_low,quality_low,same_identity,admission_mid,phase18a_czechlynx_2661,phase18a_czechlynx_2832,outputs/final_freeze/lynx-wild/images/czechlynx_2661__p16e_006883.jpg,outputs/final_freeze/lynx-wild/images/czechlynx_2832__p16e_007699.jpg,yes,8,0.93311667,0.493908,0.55,0.55,0.55,0.876662,0.0,0.725856,0.582048,review,evaluation,,,,,,,,Phase18N confirmatory reviewability packet; labels are not identity labels.
phase18n_dinov2_vitl14_blind_0290,dinov2_vitl14,confirmatory_stratified_blind_review,rank_11_20__similarity_low__quality_low__different_identity__admission_mid,rank_11_20,similarity_low,quality_low,different_identity,admission_mid,phase18a_czechlynx_2199,phase18a_czechlynx_2776,outputs/final_freeze/lynx-wild/images/czechlynx_2199__p16e_039110.jpg,outputs/final_freeze/lynx-wild/images/czechlynx_2776__p16e_015111.jpg,no,11,0.93795645,0.572626,0.55,0.55,0.55,0.87433,0.0,0.733075,0.633597,review,evaluation,,,,,,,,Phase18N confirmatory reviewability packet; labels are not identity labels.
phase18n_dinov2_vitl14_blind_0291,dinov2_vitl14,confirmatory_stratified_blind_review,rank_02_05__similarity_mid__quality_low__different_identity__admission_low,rank_02_05,similarity_mid,quality_low,different_identity,admission_low,phase18a_czechlynx_2210,phase18a_czechlynx_1837,outputs/final_freeze/lynx-wild/images/czechlynx_2210__p16e_042864.jpg,outputs/final_freeze/lynx-wild/images/czechlynx_1837__p16e_045258.jpg,no,3,0.95994598,0.900165,0.55,0.55,0.55,0.75736,0.277589,0.67756,0.760057,review,evaluation,,,,,,,,Phase18N confirmatory reviewability packet; labels are not identity labels.
phase18n_dinov2_vitl14_blind_0292,dinov2_vitl14,confirmatory_stratified_blind_review,rank_02_05__similarity_mid__quality_low__same_identity__admission_low,rank_02_05,similarity_mid,quality_low,same_identity,admission_low,phase18a_czechlynx_2610,phase18a_czechlynx_1738,outputs/final_freeze/lynx-wild/images/czechlynx_2610__p16e_029921.jpg,outputs/final_freeze/lynx-wild/images/czechlynx_1738__p16e_028408.jpg,yes,5,0.95622039,0.856198,0.55,0.55,0.55,0.807558,0.216052,0.699526,0.753452,review,evaluation,,,,,,,,Phase18N confirmatory reviewability packet; labels are not identity labels.
phase18n_dinov2_vitl14_blind_0293,dinov2_vitl14,confirmatory_stratified_blind_review,rank_11_20__similarity_high__quality_low__different_identity__admission_mid,rank_11_20,similarity_high,quality_low,different_identity,admission_mid,phase18a_czechlynx_2044,phase18a_czechlynx_2080,outputs/final_freeze/lynx-wild/images/czechlynx_2044__p16e_043670.jpg,outputs/final_freeze/lynx-wild/images/czechlynx_2080__p16e_039978.jpg,no,16,0.96413994,0.933249,0.55,0.55,0.55,0.961911,0.23908,0.745844,0.814219,review,evaluation,,,,,,,,Phase18N confirmatory reviewability packet; labels are not identity labels.
phase18n_dinov2_vitl14_blind_0294,dinov2_vitl14,confirmatory_stratified_blind_review,rank_06_10__similarity_high__quality_low__same_identity__admission_high,rank_06_10,similarity_high,quality_low,same_identity,admission_high,phase18a_czechlynx_1763,phase18a_czechlynx_1856,outputs/final_freeze/lynx-wild/images/czechlynx_1763__p16e_028330.jpg,outputs/final_freeze/lynx-wild/images/czechlynx_1856__p16e_028343.jpg,yes,8,0.97996312,0.988466,0.55,0.55,0.55,0.989588,0.284611,0.750009,0.84093,review,evaluation,,,,,,,,Phase18N confirmatory reviewability packet; labels are not identity labels.
phase18n_dinov2_vitl14_blind_0295,dinov2_vitl14,confirmatory_stratified_blind_review,rank_02_05__similarity_mid__quality_low__different_identity__admission_mid,rank_02_05,similarity_mid,quality_low,different_identity,admission_mid,phase18a_czechlynx_2523,phase18a_czechlynx_2435,outputs/final_freeze/lynx-wild/images/czechlynx_2523__p16e_044194.jpg,outputs/final_freeze/lynx-wild/images/czechlynx_2435__p16e_045096.jpg,no,4,0.94581342,0.707528,0.55,0.55,0.55,0.838382,0.056595,0.725181,0.702917,review,evaluation,,,,,,,,Phase18N confirmatory reviewability packet; labels are not identity labels.
phase18n_dinov2_vitl14_blind_0296,dinov2_vitl14,confirmatory_stratified_blind_review,rank_06_10__similarity_high__quality_low__same_identity__admission_mid,rank_06_10,similarity_high,quality_low,same_identity,admission_mid,phase18a_czechlynx_1639,phase18a_czechlynx_1618,outputs/final_freeze/lynx-wild/images/czechlynx_1639__p16e_028526.jpg,outputs/final_freeze/lynx-wild/images/czechlynx_1618__p16e_028524.jpg,yes,6,0.97867221,0.9865,0.55,0.55,0.55,0.960093,0.292967,0.739883,0.834192,review,evaluation,,,,,,,,Phase18N confirmatory reviewability packet; labels are not identity labels.
phase18n_dinov2_vitl14_blind_0297,dinov2_vitl14,confirmatory_stratified_blind_review,rank_06_10__similarity_mid__quality_low__same_identity__admission_low,rank_06_10,similarity_mid,quality_low,same_identity,admission_low,phase18a_czechlynx_2109,phase18a_czechlynx_1671,outputs/final_freeze/lynx-wild/images/czechlynx_2109__p16e_028462.jpg,outputs/final_freeze/lynx-wild/images/czechlynx_1671__p16e_028231.jpg,yes,7,0.96179831,0.916049,0.55,0.55,0.55,0.886732,0.248192,0.721251,0.792387,review,evaluation,,,,,,,,Phase18N confirmatory reviewability packet; labels are not identity labels.
phase18n_dinov2_vitl14_blind_0298,dinov2_vitl14,confirmatory_stratified_blind_review,rank_06_10__similarity_low__quality_low__different_identity__admission_low,rank_06_10,similarity_low,quality_low,different_identity,admission_low,phase18a_czechlynx_2150,phase18a_czechlynx_2568,outputs/final_freeze/lynx-wild/images/czechlynx_2150__p16e_024850.jpg,outputs/final_freeze/lynx-wild/images/czechlynx_2568__p16e_037480.jpg,no,9,0.36688441,0.00355,0.55,0.55,0.55,0.915906,0.0,0.687809,0.263568,review,evaluation,,,,,,,,Phase18N confirmatory reviewability packet; labels are not identity labels.
phase18n_dinov2_vitl14_blind_0299,dinov2_vitl14,confirmatory_stratified_blind_review,rank_11_20__similarity_low__quality_low__different_identity__admission_high,rank_11_20,similarity_low,quality_low,different_identity,admission_high,phase18a_czechlynx_1978,phase18a_czechlynx_2277,outputs/final_freeze/lynx-wild/images/czechlynx_1978__p16e_024500.jpg,outputs/final_freeze/lynx-wild/images/czechlynx_2277__p16e_006502.jpg,no,13,0.93716651,0.559293,0.55,0.55,0.55,0.973917,0.0,0.759626,0.635419,review,evaluation,,,,,,,,Phase18N confirmatory reviewability packet; labels are not identity labels.
phase18n_dinov2_vitl14_blind_0300,dinov2_vitl14,confirmatory_stratified_blind_review,rank_01__similarity_high__quality_low__different_identity__admission_low,rank_01,similarity_high,quality_low,different_identity,admission_low,phase18a_czechlynx_2101,phase18a_czechlynx_2473,outputs/final_freeze/lynx-wild/images/czechlynx_2101__p16e_043454.jpg,outputs/final_freeze/lynx-wild/images/czechlynx_2473__p16e_034770.jpg,no,1,0.96929514,0.961899,0.55,0.55,0.55,0.888177,0.293537,0.717172,0.810196,review,evaluation,,,,,,,,Phase18N confirmatory reviewability packet; labels are not identity labels.
phase18n_dinov2_vitl14_blind_0301,dinov2_vitl14,confirmatory_stratified_blind_review,rank_01__similarity_low__quality_low__same_identity__admission_mid,rank_01,similarity_low,quality_low,same_identity,admission_mid,phase18a_czechlynx_2533,phase18a_czechlynx_2009,outputs/final_freeze/lynx-wild/images/czechlynx_2533__p16e_006779.jpg,outputs/final_freeze/lynx-wild/images/czechlynx_2009__p16e_007821.jpg,yes,1,0.93397111,0.507525,0.55,0.55,0.55,0.933442,0.0,0.743116,0.59705,review,evaluation,,,,,,,,Phase18N confirmatory reviewability packet; labels are not identity labels.
phase18n_dinov2_vitl14_blind_0302,dinov2_vitl14,confirmatory_stratified_blind_review,rank_01__similarity_mid__quality_low__different_identity__admission_high,rank_01,similarity_mid,quality_low,different_identity,admission_high,phase18a_czechlynx_2645,phase18a_czechlynx_2766,outputs/final_freeze/lynx-wild/images/czechlynx_2645__p16e_034259.jpg,outputs/final_freeze/lynx-wild/images/czechlynx_2766__p16e_039801.jpg,no,1,0.95643759,0.858881,0.55,0.55,0.55,0.958095,0.166048,0.751945,0.785036,review,evaluation,,,,,,,,Phase18N confirmatory reviewability packet; labels are not identity labels.
phase18n_dinov2_vitl14_blind_0303,dinov2_vitl14,confirmatory_stratified_blind_review,rank_11_20__similarity_high__quality_low__same_identity__admission_mid,rank_11_20,similarity_high,quality_low,same_identity,admission_mid,phase18a_czechlynx_1772,phase18a_czechlynx_1802,outputs/final_freeze/lynx-wild/images/czechlynx_1772__p16e_028196.jpg,outputs/final_freeze/lynx-wild/images/czechlynx_1802__p16e_028444.jpg,yes,13,0.96562976,0.943616,0.55,0.55,0.55,0.954395,0.252077,0.742177,0.816654,review,evaluation,,,,,,,,Phase18N confirmatory reviewability packet; labels are not identity labels.
phase18n_dinov2_vitl14_blind_0304,dinov2_vitl14,confirmatory_stratified_blind_review,rank_01__similarity_high__quality_low__same_identity__admission_mid,rank_01,similarity_high,quality_low,same_identity,admission_mid,phase18a_czechlynx_1280,phase18a_czechlynx_1553,outputs/final_freeze/lynx-wild/images/czechlynx_1280__p16e_028453.jpg,outputs/final_freeze/lynx-wild/images/czechlynx_1553__p16e_028471.jpg,yes,1,0.97609103,0.981516,0.55,0.55,0.55,0.957688,0.288826,0.739539,0.8318,review,evaluation,,,,,,,,Phase18N confirmatory reviewability packet; labels are not identity labels.
phase18n_dinov2_vitl14_blind_0305,dinov2_vitl14,confirmatory_stratified_blind_review,rank_06_10__similarity_low__quality_low__different_identity__admission_high,rank_06_10,similarity_low,quality_low,different_identity,admission_high,phase18a_czechlynx_2832,phase18a_czechlynx_2296,outputs/final_freeze/lynx-wild/images/czechlynx_2832__p16e_007699.jpg,outputs/final_freeze/lynx-wild/images/czechlynx_2296__p16e_045204.jpg,no,8,0.93724823,0.560759,0.55,0.55,0.55,0.94588,0.0,0.751922,0.633401,review,evaluation,,,,,,,,Phase18N confirmatory reviewability packet; labels are not identity labels.
phase18n_dinov2_vitl14_blind_0306,dinov2_vitl14,confirmatory_stratified_blind_review,rank_11_20__similarity_mid__quality_low__different_identity__admission_high,rank_11_20,similarity_mid,quality_low,different_identity,admission_high,phase18a_czechlynx_1438,phase18a_czechlynx_1298,outputs/final_freeze/lynx-wild/images/czechlynx_1438__p16e_032527.jpg,outputs/final_freeze/lynx-wild/images/czechlynx_1298__p16e_028538.jpg,no,15,0.95146203,0.792197,0.55,0.55,0.55,0.987765,0.088979,0.768998,0.765585,review,evaluation,,,,,,,,Phase18N confirmatory reviewability packet; labels are not identity labels.
phase18n_dinov2_vitl14_blind_0307,dinov2_vitl14,confirmatory_stratified_blind_review,rank_01__similarity_low__quality_low__different_identity__admission_mid,rank_01,similarity_low,quality_low,different_identity,admission_mid,phase18a_czechlynx_2965,phase18a_czechlynx_2810,outputs/final_freeze/lynx-wild/images/czechlynx_2965__p16e_045698.jpg,outputs/final_freeze/lynx-wild/images/czechlynx_2810__p16e_008366.jpg,no,1,0.9018563,0.184653,0.55,0.55,0.55,0.995927,0.0,0.728325,0.391248,review,evaluation,,,,,,,,Phase18N confirmatory reviewability packet; labels are not identity labels.
phase18n_dinov2_vitl14_blind_0308,dinov2_vitl14,confirmatory_stratified_blind_review,rank_01__similarity_mid__quality_low__same_identity__admission_mid,rank_01,similarity_mid,quality_low,same_identity,admission_mid,phase18a_czechlynx_1732,phase18a_czechlynx_1556,outputs/final_freeze/lynx-wild/images/czechlynx_1732__p16e_028472.jpg,outputs/final_freeze/lynx-wild/images/czechlynx_1556__p16e_028473.jpg,yes,1,0.9563036,0.857364,0.55,0.55,0.55,0.941998,0.170165,0.746463,0.781189,review,evaluation,,,,,,,,Phase18N confirmatory reviewability packet; labels are not identity labels.
phase18n_dinov2_vitl14_blind_0309,dinov2_vitl14,confirmatory_stratified_blind_review,rank_11_20__similarity_mid__quality_low__different_identity__admission_mid,rank_11_20,similarity_mid,quality_low,different_identity,admission_mid,phase18a_czechlynx_1375,phase18a_czechlynx_1341,outputs/final_freeze/lynx-wild/images/czechlynx_1375__p16e_032528.jpg,outputs/final_freeze/lynx-wild/images/czechlynx_1341__p16e_028144.jpg,no,11,0.95191669,0.799097,0.55,0.55,0.55,0.932109,0.115359,0.748828,0.756923,review,evaluation,,,,,,,,Phase18N confirmatory reviewability packet; labels are not identity labels.
phase18n_dinov2_vitl14_blind_0310,dinov2_vitl14,confirmatory_stratified_blind_review,rank_11_20__similarity_low__quality_low__different_identity__admission_low,rank_11_20,similarity_low,quality_low,different_identity,admission_low,phase18a_czechlynx_2980,phase18a_czechlynx_2024,outputs/final_freeze/lynx-wild/images/czechlynx_2980__p16e_034519.jpg,outputs/final_freeze/lynx-wild/images/czechlynx_2024__p16e_046056.jpg,no,11,0.92876673,0.429374,0.55,0.55,0.55,0.610644,0.0,0.644918,0.511281,review,evaluation,,,,,,,,Phase18N confirmatory reviewability packet; labels are not identity labels.
phase18n_dinov2_vitl14_blind_0311,dinov2_vitl14,confirmatory_stratified_blind_review,rank_02_05__similarity_high__quality_low__same_identity__admission_mid,rank_02_05,similarity_high,quality_low,same_identity,admission_mid,phase18a_czechlynx_1504,phase18a_czechlynx_1495,outputs/final_freeze/lynx-wild/images/czechlynx_1504__p16e_028153.jpg,outputs/final_freeze/lynx-wild/images/czechlynx_1495__p16e_028411.jpg,yes,2,0.97756422,0.984566,0.55,0.55,0.55,0.980865,0.283764,0.747346,0.83767,review,evaluation,,,,,,,,Phase18N confirmatory reviewability packet; labels are not identity labels.
phase18n_dinov2_vitl14_blind_0312,dinov2_vitl14,confirmatory_stratified_blind_review,rank_11_20__similarity_low__quality_low__different_identity__admission_low,rank_11_20,similarity_low,quality_low,different_identity,admission_low,phase18a_czechlynx_2810,phase18a_czechlynx_2728,outputs/final_freeze/lynx-wild/images/czechlynx_2810__p16e_008366.jpg,outputs/final_freeze/lynx-wild/images/czechlynx_2728__p16e_045628.jpg,no,16,0.9228369,0.352589,0.55,0.55,0.55,0.915461,0.0,0.722588,0.493189,review,evaluation,,,,,,,,Phase18N confirmatory reviewability packet; labels are not identity labels.
phase18n_dinov2_vitl14_blind_0313,dinov2_vitl14,confirmatory_stratified_blind_review,rank_06_10__similarity_mid__quality_low__same_identity__admission_mid,rank_06_10,similarity_mid,quality_low,same_identity,admission_mid,phase18a_czechlynx_2791,phase18a_czechlynx_2909,outputs/final_freeze/lynx-wild/images/czechlynx_2791__p16e_028705.jpg,outputs/final_freeze/lynx-wild/images/czechlynx_2909__p16e_029009.jpg,yes,7,0.95099819,0.785396,0.55,0.55,0.55,0.912024,0.108688,0.743169,0.747612,review,evaluation,,,,,,,,Phase18N confirmatory reviewability packet; labels are not identity labels.
phase18n_dinov2_vitl14_blind_0314,dinov2_vitl14,confirmatory_stratified_blind_review,rank_06_10__similarity_high__quality_low__same_identity__admission_high,rank_06_10,similarity_high,quality_low,same_identity,admission_high,phase18a_czechlynx_1987,phase18a_czechlynx_1949,outputs/final_freeze/lynx-wild/images/czechlynx_1987__p16e_028335.jpg,outputs/final_freeze/lynx-wild/images/czechlynx_1949__p16e_028387.jpg,yes,7,0.96602118,0.946182,0.55,0.55,0.55,0.989525,0.242349,0.754215,0.824765,review,evaluation,,,,,,,,Phase18N confirmatory reviewability packet; labels are not identity labels.
phase18n_dinov2_vitl14_blind_0315,dinov2_vitl14,confirmatory_stratified_blind_review,rank_06_10__similarity_mid__quality_low__same_identity__admission_low,rank_06_10,similarity_mid,quality_low,same_identity,admission_low,phase18a_czechlynx_2791,phase18a_czechlynx_1416,outputs/final_freeze/lynx-wild/images/czechlynx_2791__p16e_028705.jpg,outputs/final_freeze/lynx-wild/images/czechlynx_1416__p16e_028412.jpg,yes,10,0.94897664,0.756046,0.55,0.55,0.55,0.761626,0.131977,0.693464,0.705869,review,evaluation,,,,,,,,Phase18N confirmatory reviewability packet; labels are not identity labels.
phase18n_dinov2_vitl14_blind_0316,dinov2_vitl14,confirmatory_stratified_blind_review,rank_02_05__similarity_low__quality_low__different_identity__admission_low,rank_02_05,similarity_low,quality_low,different_identity,admission_low,phase18a_czechlynx_1767,phase18a_czechlynx_2838,outputs/final_freeze/lynx-wild/images/czechlynx_1767__p16e_037971.jpg,outputs/final_freeze/lynx-wild/images/czechlynx_2838__p16e_032139.jpg,no,2,0.9354974,0.531759,0.55,0.55,0.55,0.660963,0.0,0.669246,0.584004,review,evaluation,,,,,,,,Phase18N confirmatory reviewability packet; labels are not identity labels.
phase18n_dinov2_vitl14_blind_0317,dinov2_vitl14,confirmatory_stratified_blind_review,rank_01__similarity_high__quality_low__same_identity__admission_high,rank_01,similarity_high,quality_low,same_identity,admission_high,phase18a_czechlynx_2016,phase18a_czechlynx_2104,outputs/final_freeze/lynx-wild/images/czechlynx_2016__p16e_028394.jpg,outputs/final_freeze/lynx-wild/images/czechlynx_2104__p16e_028388.jpg,yes,1,0.97837204,0.986016,0.55,0.55,0.55,0.989046,0.28235,0.750065,0.839885,review,evaluation,,,,,,,,Phase18N confirmatory reviewability packet; labels are not identity labels.
phase18n_dinov2_vitl14_blind_0318,dinov2_vitl14,confirmatory_stratified_blind_review,rank_11_20__similarity_low__quality_low__different_identity__admission_low,rank_11_20,similarity_low,quality_low,different_identity,admission_low,phase18a_czechlynx_2996,phase18a_czechlynx_2014,outputs/final_freeze/lynx-wild/images/czechlynx_2996__p16e_029883.jpg,outputs/final_freeze/lynx-wild/images/czechlynx_2014__p16e_006535.jpg,no,14,0.8810392,0.114602,0.55,0.55,0.55,0.587448,0.0,0.606946,0.301693,review,evaluation,,,,,,,,Phase18N confirmatory reviewability packet; labels are not identity labels.
phase18n_dinov2_vitl14_blind_0319,dinov2_vitl14,confirmatory_stratified_blind_review,rank_02_05__similarity_low__quality_low__different_identity__admission_low,rank_02_05,similarity_low,quality_low,different_identity,admission_low,phase18a_czechlynx_2727,phase18a_czechlynx_1636,outputs/final_freeze/lynx-wild/images/czechlynx_2727__p16e_042909.jpg,outputs/final_freeze/lynx-wild/images/czechlynx_1636__p16e_037601.jpg,no,4,0.92398632,0.367039,0.55,0.55,0.55,0.899863,0.0,0.719666,0.501038,review,evaluation,,,,,,,,Phase18N confirmatory reviewability packet; labels are not identity labels.
phase18n_dinov2_vitl14_blind_0320,dinov2_vitl14,confirmatory_stratified_blind_review,rank_11_20__similarity_mid__quality_low__different_identity__admission_mid,rank_11_20,similarity_mid,quality_low,different_identity,admission_mid,phase18a_czechlynx_2926,phase18a_czechlynx_1432,outputs/final_freeze/lynx-wild/images/czechlynx_2926__p16e_025067.jpg,outputs/final_freeze/lynx-wild/images/czechlynx_1432__p16e_029299.jpg,no,12,0.9436819,0.673561,0.55,0.55,0.55,0.851783,0.017937,0.733268,0.692662,review,evaluation,,,,,,,,Phase18N confirmatory reviewability packet; labels are not identity labels.
phase18n_dinov2_vitl14_blind_0321,dinov2_vitl14,confirmatory_stratified_blind_review,rank_11_20__similarity_high__quality_low__same_identity__admission_high,rank_11_20,similarity_high,quality_low,same_identity,admission_high,phase18a_czechlynx_1904,phase18a_czechlynx_1790,outputs/final_freeze/lynx-wild/images/czechlynx_1904__p16e_028344.jpg,outputs/final_freeze/lynx-wild/images/czechlynx_1790__p16e_028356.jpg,yes,15,0.97366726,0.976283,0.55,0.55,0.55,0.99568,0.270295,0.75336,0.837513,review,evaluation,,,,,,,,Phase18N confirmatory reviewability packet; labels are not identity labels.
phase18n_dinov2_vitl14_blind_0322,dinov2_vitl14,confirmatory_stratified_blind_review,rank_02_05__similarity_mid__quality_low__same_identity__admission_mid,rank_02_05,similarity_mid,quality_low,same_identity,admission_mid,phase18a_czechlynx_2215,phase18a_czechlynx_1814,outputs/final_freeze/lynx-wild/images/czechlynx_2215__p16e_028192.jpg,outputs/final_freeze/lynx-wild/images/czechlynx_1814__p16e_028197.jpg,yes,4,0.94688052,0.725429,0.55,0.55,0.55,0.90987,0.049474,0.748412,0.724268,review,evaluation,,,,,,,,Phase18N confirmatory reviewability packet; labels are not identity labels.
phase18n_dinov2_vitl14_blind_0323,dinov2_vitl14,confirmatory_stratified_blind_review,rank_01__similarity_mid__quality_low__different_identity__admission_low,rank_01,similarity_mid,quality_low,different_identity,admission_low,phase18a_czechlynx_2838,phase18a_czechlynx_2164,outputs/final_freeze/lynx-wild/images/czechlynx_2838__p16e_032139.jpg,outputs/final_freeze/lynx-wild/images/czechlynx_2164__p16e_008045.jpg,no,1,0.95106691,0.786646,0.55,0.55,0.55,0.788336,0.153229,0.699753,0.722981,review,evaluation,,,,,,,,Phase18N confirmatory reviewability packet; labels are not identity labels.
phase18n_dinov2_vitl14_blind_0324,dinov2_vitl14,confirmatory_stratified_blind_review,rank_11_20__similarity_low__quality_low__different_identity__admission_mid,rank_11_20,similarity_low,quality_low,different_identity,admission_mid,phase18a_czechlynx_2911,phase18a_czechlynx_2907,outputs/final_freeze/lynx-wild/images/czechlynx_2911__p16e_028819.jpg,outputs/final_freeze/lynx-wild/images/czechlynx_2907__p16e_045224.jpg,no,19,0.93317688,0.494892,0.55,0.55,0.55,0.885364,0.0,0.728391,0.583621,review,evaluation,,,,,,,,Phase18N confirmatory reviewability packet; labels are not identity labels.
phase18n_dinov2_vitl14_blind_0325,dinov2_vitl14,confirmatory_stratified_blind_review,rank_11_20__similarity_mid__quality_low__same_identity__admission_low,rank_11_20,similarity_mid,quality_low,same_identity,admission_low,phase18a_czechlynx_1490,phase18a_czechlynx_1552,outputs/final_freeze/lynx-wild/images/czechlynx_1490__p16e_028413.jpg,outputs/final_freeze/lynx-wild/images/czechlynx_1552__p16e_028436.jpg,yes,16,0.95792055,0.877381,0.55,0.55,0.55,0.86382,0.217544,0.717099,0.772965,review,evaluation,,,,,,,,Phase18N confirmatory reviewability packet; labels are not identity labels.
phase18n_dinov2_vitl14_blind_0326,dinov2_vitl14,confirmatory_stratified_blind_review,rank_02_05__similarity_mid__quality_low__different_identity__admission_low,rank_02_05,similarity_mid,quality_low,different_identity,admission_low,phase18a_czechlynx_2602,phase18a_czechlynx_0032,outputs/final_freeze/lynx-wild/images/czechlynx_2602__p16e_032538.jpg,outputs/final_freeze/lynx-wild/images/czechlynx_0032__czlx_phase6_v2_0265.jpg,no,2,0.94908571,0.757729,0.55,0.439355,0.439355,0.665883,0.239089,0.598931,0.649568,review,evaluation,,,,,,,,Phase18N confirmatory reviewability packet; labels are not identity labels.
phase18n_dinov2_vitl14_blind_0327,dinov2_vitl14,confirmatory_stratified_blind_review,rank_01__similarity_low__quality_low__different_identity__admission_low,rank_01,similarity_low,quality_low,different_identity,admission_low,phase18a_czechlynx_1278,phase18a_czechlynx_1601,outputs/final_freeze/lynx-wild/images/czechlynx_1278__p16e_045908.jpg,outputs/final_freeze/lynx-wild/images/czechlynx_1601__p16e_028468.jpg,no,1,0.89405209,0.154036,0.495215,0.55,0.495215,0.709078,0.0,0.621936,0.331838,review,evaluation,,,,,,,,Phase18N confirmatory reviewability packet; labels are not identity labels.
phase18n_dinov2_vitl14_blind_0328,dinov2_vitl14,confirmatory_stratified_blind_review,rank_11_20__similarity_mid__quality_low__different_identity__admission_mid,rank_11_20,similarity_mid,quality_low,different_identity,admission_mid,phase18a_czechlynx_2521,phase18a_czechlynx_2058,outputs/final_freeze/lynx-wild/images/czechlynx_2521__p16e_035354.jpg,outputs/final_freeze/lynx-wild/images/czechlynx_2058__p16e_042193.jpg,no,11,0.951738,0.796747,0.55,0.55,0.55,0.884428,0.129697,0.732375,0.746346,review,evaluation,,,,,,,,Phase18N confirmatory reviewability packet; labels are not identity labels.
phase18n_dinov2_vitl14_blind_0329,dinov2_vitl14,confirmatory_stratified_blind_review,rank_01__similarity_high__quality_low__same_identity__admission_high,rank_01,similarity_high,quality_low,same_identity,admission_high,phase18a_czechlynx_1849,phase18a_czechlynx_1854,outputs/final_freeze/lynx-wild/images/czechlynx_1849__p16e_028459.jpg,outputs/final_freeze/lynx-wild/images/czechlynx_1854__p16e_028460.jpg,yes,1,0.96506554,0.939499,0.55,0.55,0.55,0.996605,0.233187,0.757362,0.82365,review,evaluation,,,,,,,,Phase18N confirmatory reviewability packet; labels are not identity labels.
phase18n_dinov2_vitl14_blind_0330,dinov2_vitl14,confirmatory_stratified_blind_review,rank_02_05__similarity_high__quality_low__same_identity__admission_high,rank_02_05,similarity_high,quality_low,same_identity,admission_high,phase18a_czechlynx_1326,phase18a_czechlynx_1412,outputs/final_freeze/lynx-wild/images/czechlynx_1326__p16e_024497.jpg,outputs/final_freeze/lynx-wild/images/czechlynx_1412__p16e_024492.jpg,yes,3,0.98109519,0.99005,0.55,0.55,0.55,0.995418,0.284154,0.751891,0.842719,review,evaluation,,,,,,,,Phase18N confirmatory reviewability packet; labels are not identity labels.
phase18n_dinov2_vitl14_blind_0331,dinov2_vitl14,confirmatory_stratified_blind_review,rank_02_05__similarity_mid__quality_low__same_identity__admission_mid,rank_02_05,similarity_mid,quality_low,same_identity,admission_mid,phase18a_czechlynx_1605,phase18a_czechlynx_1722,outputs/final_freeze/lynx-wild/images/czechlynx_1605__p16e_028246.jpg,outputs/final_freeze/lynx-wild/images/czechlynx_1722__p16e_028187.jpg,yes,3,0.95235831,0.804847,0.55,0.55,0.55,0.901993,0.131649,0.737713,0.753006,review,evaluation,,,,,,,,Phase18N confirmatory reviewability packet; labels are not identity labels.
phase18n_dinov2_vitl14_blind_0332,dinov2_vitl14,confirmatory_stratified_blind_review,rank_11_20__similarity_mid__quality_low__same_identity__admission_high,rank_11_20,similarity_mid,quality_low,same_identity,admission_high,phase18a_czechlynx_1605,phase18a_czechlynx_1633,outputs/final_freeze/lynx-wild/images/czechlynx_1605__p16e_028246.jpg,outputs/final_freeze/lynx-wild/images/czechlynx_1633__p16e_028523.jpg,yes,16,0.94509625,0.696512,0.55,0.55,0.55,0.993022,0.0,0.778697,0.727742,review,evaluation,,,,,,,,Phase18N confirmatory reviewability packet; labels are not identity labels.
phase18n_dinov2_vitl14_blind_0333,dinov2_vitl14,confirmatory_stratified_blind_review,rank_11_20__similarity_low__quality_low__same_identity__admission_mid,rank_11_20,similarity_low,quality_low,same_identity,admission_mid,phase18a_czechlynx_1326,phase18a_czechlynx_1652,outputs/final_freeze/lynx-wild/images/czechlynx_1326__p16e_024497.jpg,outputs/final_freeze/lynx-wild/images/czechlynx_1652__p16e_028195.jpg,yes,20,0.93549371,0.531609,0.55,0.55,0.55,0.861135,0.0,0.725279,0.605204,review,evaluation,,,,,,,,Phase18N confirmatory reviewability packet; labels are not identity labels.
phase18n_dinov2_vitl14_blind_0334,dinov2_vitl14,confirmatory_stratified_blind_review,rank_02_05__similarity_mid__quality_low__different_identity__admission_mid,rank_02_05,similarity_mid,quality_low,different_identity,admission_mid,phase18a_czechlynx_1438,phase18a_czechlynx_1352,outputs/final_freeze/lynx-wild/images/czechlynx_1438__p16e_032527.jpg,outputs/final_freeze/lynx-wild/images/czechlynx_1352__p16e_028242.jpg,no,5,0.95314223,0.816397,0.55,0.55,0.55,0.934063,0.131975,0.747782,0.763928,review,evaluation,,,,,,,,Phase18N confirmatory reviewability packet; labels are not identity labels.
phase18n_dinov2_vitl14_blind_0335,dinov2_vitl14,confirmatory_stratified_blind_review,rank_02_05__similarity_mid__quality_low__different_identity__admission_high,rank_02_05,similarity_mid,quality_low,different_identity,admission_high,phase18a_czechlynx_2523,phase18a_czechlynx_2122,outputs/final_freeze/lynx-wild/images/czechlynx_2523__p16e_044194.jpg,outputs/final_freeze/lynx-wild/images/czechlynx_2122__p16e_045532.jpg,no,3,0.94596314,0.710112,0.55,0.55,0.55,0.91887,0.031007,0.753093,0.720243,review,evaluation,,,,,,,,Phase18N confirmatory reviewability packet; labels are not identity labels.
phase18n_dinov2_vitl14_blind_0336,dinov2_vitl14,confirmatory_stratified_blind_review,rank_11_20__similarity_high__quality_low__same_identity__admission_low,rank_11_20,similarity_high,quality_low,same_identity,admission_low,phase18a_czechlynx_1595,phase18a_czechlynx_2112,outputs/final_freeze/lynx-wild/images/czechlynx_1595__p16e_028407.jpg,outputs/final_freeze/lynx-wild/images/czechlynx_2112__p16e_028181.jpg,yes,14,0.96847981,0.958316,0.55,0.55,0.55,0.832906,0.309299,0.698185,0.797606,review,evaluation,,,,,,,,Phase18N confirmatory reviewability packet; labels are not identity labels.
phase18n_dinov2_vitl14_blind_0337,dinov2_vitl14,confirmatory_stratified_blind_review,rank_06_10__similarity_low__quality_low__different_identity__admission_mid,rank_06_10,similarity_low,quality_low,different_identity,admission_mid,phase18a_czechlynx_2810,phase18a_czechlynx_2750,outputs/final_freeze/lynx-wild/images/czechlynx_2810__p16e_008366.jpg,outputs/final_freeze/lynx-wild/images/czechlynx_2750__p16e_045148.jpg,no,7,0.93086642,0.459774,0.55,0.55,0.55,0.907503,0.0,0.731078,0.56287,review,evaluation,,,,,,,,Phase18N confirmatory reviewability packet; labels are not identity labels.
phase18n_dinov2_vitl14_blind_0338,dinov2_vitl14,confirmatory_stratified_blind_review,rank_06_10__similarity_low__quality_low__same_identity__admission_high,rank_06_10,similarity_low,quality_low,same_identity,admission_high,phase18a_czechlynx_2520,phase18a_czechlynx_2652,outputs/final_freeze/lynx-wild/images/czechlynx_2520__p16e_006887.jpg,outputs/final_freeze/lynx-wild/images/czechlynx_2652__p16e_006764.jpg,yes,9,0.9382751,0.57791,0.55,0.55,0.55,0.952565,0.0,0.755509,0.645397,review,evaluation,,,,,,,,Phase18N confirmatory reviewability packet; labels are not identity labels.
phase18n_dinov2_vitl14_blind_0339,dinov2_vitl14,confirmatory_stratified_blind_review,rank_06_10__similarity_low__quality_low__same_identity__admission_high,rank_06_10,similarity_low,quality_low,same_identity,admission_high,phase18a_czechlynx_1748,phase18a_czechlynx_1863,outputs/final_freeze/lynx-wild/images/czechlynx_1748__p16e_028381.jpg,outputs/final_freeze/lynx-wild/images/czechlynx_1863__p16e_028488.jpg,yes,7,0.93485779,0.521159,0.55,0.55,0.55,0.988115,0.0,0.759788,0.611838,review,evaluation,,,,,,,,Phase18N confirmatory reviewability packet; labels are not identity labels.
phase18n_dinov2_vitl14_blind_0340,dinov2_vitl14,confirmatory_stratified_blind_review,rank_01__similarity_mid__quality_low__same_identity__admission_high,rank_01,similarity_mid,quality_low,same_identity,admission_high,phase18a_czechlynx_2041,phase18a_czechlynx_1945,outputs/final_freeze/lynx-wild/images/czechlynx_2041__p16e_028414.jpg,outputs/final_freeze/lynx-wild/images/czechlynx_1945__p16e_028213.jpg,yes,1,0.95536917,0.845614,0.55,0.55,0.55,0.967614,0.149449,0.756604,0.7819,review,evaluation,,,,,,,,Phase18N confirmatory reviewability packet; labels are not identity labels.
phase18n_dinov2_vitl14_blind_0341,dinov2_vitl14,confirmatory_stratified_blind_review,rank_01__similarity_high__quality_low__same_identity__admission_mid,rank_01,similarity_high,quality_low,same_identity,admission_mid,phase18a_czechlynx_2791,phase18a_czechlynx_2074,outputs/final_freeze/lynx-wild/images/czechlynx_2791__p16e_028705.jpg,outputs/final_freeze/lynx-wild/images/czechlynx_2074__p16e_028706.jpg,yes,1,0.96589828,0.945399,0.55,0.55,0.55,0.912729,0.268444,0.727415,0.808876,review,evaluation,,,,,,,,Phase18N confirmatory reviewability packet; labels are not identity labels.
phase18n_dinov2_vitl14_blind_0342,dinov2_vitl14,confirmatory_stratified_blind_review,rank_11_20__similarity_high__quality_low__same_identity__admission_high,rank_11_20,similarity_high,quality_low,same_identity,admission_high,phase18a_czechlynx_1675,phase18a_czechlynx_1904,outputs/final_freeze/lynx-wild/images/czechlynx_1675__p16e_028306.jpg,outputs/final_freeze/lynx-wild/images/czechlynx_1904__p16e_028344.jpg,yes,18,0.96553057,0.942916,0.55,0.55,0.55,0.996162,0.236759,0.756865,0.824865,review,evaluation,,,,,,,,Phase18N confirmatory reviewability packet; labels are not identity labels.
phase18n_dinov2_vitl14_blind_0343,dinov2_vitl14,confirmatory_stratified_blind_review,rank_02_05__similarity_low__quality_low__different_identity__admission_mid,rank_02_05,similarity_low,quality_low,different_identity,admission_mid,phase18a_czechlynx_1681,phase18a_czechlynx_2102,outputs/final_freeze/lynx-wild/images/czechlynx_1681__p16e_028037.jpg,outputs/final_freeze/lynx-wild/images/czechlynx_2102__p16e_020431.jpg,no,3,0.93121994,0.465374,0.55,0.55,0.55,0.913085,0.0,0.733201,0.567149,review,evaluation,,,,,,,,Phase18N confirmatory reviewability packet; labels are not identity labels.
phase18n_dinov2_vitl14_blind_0344,dinov2_vitl14,confirmatory_stratified_blind_review,rank_06_10__similarity_mid__quality_low__different_identity__admission_high,rank_06_10,similarity_mid,quality_low,different_identity,admission_high,phase18a_czechlynx_2009,phase18a_czechlynx_2573,outputs/final_freeze/lynx-wild/images/czechlynx_2009__p16e_007821.jpg,outputs/final_freeze/lynx-wild/images/czechlynx_2573__p16e_044186.jpg,no,6,0.94411349,0.680828,0.55,0.55,0.55,0.971846,0.0,0.7712,0.715169,review,evaluation,,,,,,,,Phase18N confirmatory reviewability packet; labels are not identity labels.
phase18n_dinov2_vitl14_blind_0345,dinov2_vitl14,confirmatory_stratified_blind_review,rank_06_10__similarity_low__quality_low__different_identity__admission_low,rank_06_10,similarity_low,quality_low,different_identity,admission_low,phase18a_czechlynx_2895,phase18a_czechlynx_2807,outputs/final_freeze/lynx-wild/images/czechlynx_2895__p16e_024876.jpg,outputs/final_freeze/lynx-wild/images/czechlynx_2807__p16e_028643.jpg,no,10,0.84388351,0.056351,0.55,0.55,0.55,0.671311,0.0,0.624602,0.272286,review,evaluation,,,,,,,,Phase18N confirmatory reviewability packet; labels are not identity labels.
phase18n_dinov2_vitl14_blind_0346,dinov2_vitl14,confirmatory_stratified_blind_review,rank_06_10__similarity_low__quality_low__different_identity__admission_low,rank_06_10,similarity_low,quality_low,different_identity,admission_low,phase18a_czechlynx_1396,phase18a_czechlynx_2759,outputs/final_freeze/lynx-wild/images/czechlynx_1396__p16e_045903.jpg,outputs/final_freeze/lynx-wild/images/czechlynx_2759__p16e_027755.jpg,no,8,0.51134157,0.006783,0.55,0.534961,0.534961,0.801028,0.0,0.64965,0.251073,review,evaluation,,,,,,,,Phase18N confirmatory reviewability packet; labels are not identity labels.
phase18n_dinov2_vitl14_blind_0347,dinov2_vitl14,confirmatory_stratified_blind_review,rank_01__similarity_high__quality_low__same_identity__admission_mid,rank_01,similarity_high,quality_low,same_identity,admission_mid,phase18a_czechlynx_1671,phase18a_czechlynx_1645,outputs/final_freeze/lynx-wild/images/czechlynx_1671__p16e_028231.jpg,outputs/final_freeze/lynx-wild/images/czechlynx_1645__p16e_028501.jpg,yes,1,0.97838157,0.986066,0.55,0.55,0.55,0.965461,0.290655,0.741805,0.835116,review,evaluation,,,,,,,,Phase18N confirmatory reviewability packet; labels are not identity labels.
phase18n_dinov2_vitl14_blind_0348,dinov2_vitl14,confirmatory_stratified_blind_review,rank_11_20__similarity_low__quality_low__different_identity__admission_high,rank_11_20,similarity_low,quality_low,different_identity,admission_high,phase18a_czechlynx_1598,phase18a_czechlynx_1509,outputs/final_freeze/lynx-wild/images/czechlynx_1598__p16e_039724.jpg,outputs/final_freeze/lynx-wild/images/czechlynx_1509__p16e_045324.jpg,no,11,0.93854892,0.582576,0.55,0.55,0.55,0.989051,0.0,0.766192,0.65235,review,evaluation,,,,,,,,Phase18N confirmatory reviewability packet; labels are not identity labels.
phase18n_dinov2_vitl14_blind_0349,dinov2_vitl14,confirmatory_stratified_blind_review,rank_11_20__similarity_low__quality_low__different_identity__admission_high,rank_11_20,similarity_low,quality_low,different_identity,admission_high,phase18a_czechlynx_2797,phase18a_czechlynx_2907,outputs/final_freeze/lynx-wild/images/czechlynx_2797__p16e_044125.jpg,outputs/final_freeze/lynx-wild/images/czechlynx_2907__p16e_045224.jpg,no,15,0.93922132,0.594327,0.55,0.55,0.55,0.964869,0.0,0.760596,0.657509,review,evaluation,,,,,,,,Phase18N confirmatory reviewability packet; labels are not identity labels.
phase18n_dinov2_vitl14_blind_0350,dinov2_vitl14,confirmatory_stratified_blind_review,rank_02_05__similarity_high__quality_low__same_identity__admission_mid,rank_02_05,similarity_high,quality_low,same_identity,admission_mid,phase18a_czechlynx_1596,phase18a_czechlynx_1675,outputs/final_freeze/lynx-wild/images/czechlynx_1596__p16e_028326.jpg,outputs/final_freeze/lynx-wild/images/czechlynx_1675__p16e_028306.jpg,yes,5,0.97642142,0.982316,0.55,0.55,0.55,0.98199,0.28112,0.747965,0.837039,review,evaluation,,,,,,,,Phase18N confirmatory reviewability packet; labels are not identity labels.
phase18n_dinov2_vitl14_blind_0351,dinov2_vitl14,confirmatory_stratified_blind_review,rank_01__similarity_mid__quality_low__different_identity__admission_high,rank_01,similarity_mid,quality_low,different_identity,admission_high,phase18a_czechlynx_1708,phase18a_czechlynx_1424,outputs/final_freeze/lynx-wild/images/czechlynx_1708__p16e_035036.jpg,outputs/final_freeze/lynx-wild/images/czechlynx_1424__p16e_031688.jpg,no,1,0.95458108,0.834931,0.55,0.55,0.55,0.957488,0.14231,0.754128,0.775764,review,evaluation,,,,,,,,Phase18N confirmatory reviewability packet; labels are not identity labels.
phase18n_dinov2_vitl14_blind_0352,dinov2_vitl14,confirmatory_stratified_blind_review,rank_01__similarity_high__quality_low__same_identity__admission_high,rank_01,similarity_high,quality_low,same_identity,admission_high,phase18a_czechlynx_1538,phase18a_czechlynx_1534,outputs/final_freeze/lynx-wild/images/czechlynx_1538__p16e_028425.jpg,outputs/final_freeze/lynx-wild/images/czechlynx_1534__p16e_028424.jpg,yes,1,0.99528486,0.999017,0.55,0.55,0.55,0.999337,0.291749,0.752366,0.84694,review,evaluation,,,,,,,,Phase18N confirmatory reviewability packet; labels are not identity labels.
phase18n_dinov2_vitl14_blind_0353,dinov2_vitl14,confirmatory_stratified_blind_review,rank_02_05__similarity_mid__quality_low__different_identity__admission_high,rank_02_05,similarity_mid,quality_low,different_identity,admission_high,phase18a_czechlynx_2791,phase18a_czechlynx_2385,outputs/final_freeze/lynx-wild/images/czechlynx_2791__p16e_028705.jpg,outputs/final_freeze/lynx-wild/images/czechlynx_2385__p16e_019855.jpg,no,5,0.9518494,0.79828,0.55,0.55,0.55,0.937681,0.112592,0.75086,0.757742,review,evaluation,,,,,,,,Phase18N confirmatory reviewability packet; labels are not identity labels.
phase18n_dinov2_vitl14_blind_0354,dinov2_vitl14,confirmatory_stratified_blind_review,rank_01__similarity_mid__quality_low__different_identity__admission_mid,rank_01,similarity_mid,quality_low,different_identity,admission_mid,phase18a_czechlynx_2591,phase18a_czechlynx_2626,outputs/final_freeze/lynx-wild/images/czechlynx_2591__p16e_043470.jpg,outputs/final_freeze/lynx-wild/images/czechlynx_2626__p16e_036322.jpg,no,1,0.96042085,0.904215,0.55,0.55,0.55,0.915198,0.226396,0.732398,0.793645,review,evaluation,,,,,,,,Phase18N confirmatory reviewability packet; labels are not identity labels.
phase18n_dinov2_vitl14_blind_0355,dinov2_vitl14,confirmatory_stratified_blind_review,rank_06_10__similarity_high__quality_low__same_identity__admission_high,rank_06_10,similarity_high,quality_low,same_identity,admission_high,phase18a_czechlynx_1975,phase18a_czechlynx_1758,outputs/final_freeze/lynx-wild/images/czechlynx_1975__p16e_028163.jpg,outputs/final_freeze/lynx-wild/images/czechlynx_1758__p16e_028164.jpg,yes,7,0.97078186,0.967499,0.55,0.55,0.55,0.986267,0.264806,0.750944,0.832247,review,evaluation,,,,,,,,Phase18N confirmatory reviewability packet; labels are not identity labels.
phase18n_dinov2_vitl14_blind_0356,dinov2_vitl14,confirmatory_stratified_blind_review,rank_02_05__similarity_high__quality_low__same_identity__admission_high,rank_02_05,similarity_high,quality_low,same_identity,admission_high,phase18a_czechlynx_1308,phase18a_czechlynx_1392,outputs/final_freeze/lynx-wild/images/czechlynx_1308__p16e_028499.jpg,outputs/final_freeze/lynx-wild/images/czechlynx_1392__p16e_028510.jpg,yes,2,0.98398185,0.99295,0.55,0.55,0.55,0.996968,0.286511,0.752144,0.844141,review,evaluation,,,,,,,,Phase18N confirmatory reviewability packet; labels are not identity labels.
phase18n_dinov2_vitl14_blind_0357,dinov2_vitl14,confirmatory_stratified_blind_review,rank_06_10__similarity_low__quality_low__same_identity__admission_low,rank_06_10,similarity_low,quality_low,same_identity,admission_low,phase18a_czechlynx_2168,phase18a_czechlynx_1932,outputs/final_freeze/lynx-wild/images/czechlynx_2168__p16e_028034.jpg,outputs/final_freeze/lynx-wild/images/czechlynx_1932__p16e_028564.jpg,yes,8,0.82976341,0.046401,0.55,0.55,0.55,0.826127,0.0,0.666956,0.282212,review,evaluation,,,,,,,,Phase18N confirmatory reviewability packet; labels are not identity labels.
phase18n_dinov2_vitl14_blind_0358,dinov2_vitl14,confirmatory_stratified_blind_review,rank_01__similarity_low__quality_low__different_identity__admission_low,rank_01,similarity_low,quality_low,different_identity,admission_low,phase18a_czechlynx_2962,phase18a_czechlynx_2434,outputs/final_freeze/lynx-wild/images/czechlynx_2962__p16e_008856.jpg,outputs/final_freeze/lynx-wild/images/czechlynx_2434__p16e_008665.jpg,no,1,0.71290243,0.012734,0.55,0.55,0.55,0.863794,0.0,0.674136,0.264066,review,evaluation,,,,,,,,Phase18N confirmatory reviewability packet; labels are not identity labels.
phase18n_dinov2_vitl14_blind_0359,dinov2_vitl14,confirmatory_stratified_blind_review,rank_06_10__similarity_low__quality_low__same_identity__admission_low,rank_06_10,similarity_low,quality_low,same_identity,admission_low,phase18a_czechlynx_1732,phase18a_czechlynx_2047,outputs/final_freeze/lynx-wild/images/czechlynx_1732__p16e_028472.jpg,outputs/final_freeze/lynx-wild/images/czechlynx_2047__p16e_028186.jpg,yes,9,0.92256641,0.349622,0.55,0.55,0.55,0.859429,0.0,0.706602,0.485275,review,evaluation,,,,,,,,Phase18N confirmatory reviewability packet; labels are not identity labels.
phase18n_dinov2_vitl14_blind_0360,dinov2_vitl14,confirmatory_stratified_blind_review,rank_06_10__similarity_low__quality_low__different_identity__admission_mid,rank_06_10,similarity_low,quality_low,different_identity,admission_mid,phase18a_czechlynx_2810,phase18a_czechlynx_2927,outputs/final_freeze/lynx-wild/images/czechlynx_2810__p16e_008366.jpg,outputs/final_freeze/lynx-wild/images/czechlynx_2927__p16e_040199.jpg,no,9,0.93009865,0.448357,0.55,0.55,0.55,0.920755,0.0,0.733647,0.556767,review,evaluation,,,,,,,,Phase18N confirmatory reviewability packet; labels are not identity labels.
phase18n_dinov2_vitl14_blind_0361,dinov2_vitl14,confirmatory_stratified_blind_review,rank_11_20__similarity_mid__quality_low__different_identity__admission_low,rank_11_20,similarity_mid,quality_low,different_identity,admission_low,phase18a_czechlynx_0765,phase18a_czechlynx_2538,outputs/final_freeze/lynx-wild/images/czechlynx_0765__czlx_expanded_0274.jpg,outputs/final_freeze/lynx-wild/images/czechlynx_2538__p16e_032815.jpg,no,16,0.94652849,0.719462,0.55,0.55,0.55,0.822152,0.074209,0.718307,0.704181,review,evaluation,,,,,,,,Phase18N confirmatory reviewability packet; labels are not identity labels.
phase18n_dinov2_vitl14_blind_0362,dinov2_vitl14,confirmatory_stratified_blind_review,rank_02_05__similarity_high__quality_low__same_identity__admission_high,rank_02_05,similarity_high,quality_low,same_identity,admission_high,phase18a_czechlynx_1642,phase18a_czechlynx_1712,outputs/final_freeze/lynx-wild/images/czechlynx_1642__p16e_028307.jpg,outputs/final_freeze/lynx-wild/images/czechlynx_1712__p16e_028295.jpg,yes,3,0.98793572,0.995733,0.55,0.55,0.55,0.999001,0.288583,0.752577,0.845617,review,evaluation,,,,,,,,Phase18N confirmatory reviewability packet; labels are not identity labels.
phase18n_dinov2_vitl14_blind_0363,dinov2_vitl14,confirmatory_stratified_blind_review,rank_01__similarity_mid__quality_low__different_identity__admission_high,rank_01,similarity_mid,quality_low,different_identity,admission_high,phase18a_czechlynx_2131,phase18a_czechlynx_2166,outputs/final_freeze/lynx-wild/images/czechlynx_2131__p16e_045629.jpg,outputs/final_freeze/lynx-wild/images/czechlynx_2166__p16e_039800.jpg,no,1,0.94989657,0.769963,0.55,0.55,0.55,0.988377,0.066531,0.771436,0.757216,review,evaluation,,,,,,,,Phase18N confirmatory reviewability packet; labels are not identity labels.
phase18n_dinov2_vitl14_blind_0364,dinov2_vitl14,confirmatory_stratified_blind_review,rank_02_05__similarity_mid__quality_low__same_identity__admission_low,rank_02_05,similarity_mid,quality_low,same_identity,admission_low,phase18a_czechlynx_1886,phase18a_czechlynx_1324,outputs/final_freeze/lynx-wild/images/czechlynx_1886__p16e_028534.jpg,outputs/final_freeze/lynx-wild/images/czechlynx_1324__p16e_028504.jpg,yes,5,0.94970554,0.766779,0.55,0.55,0.55,0.817248,0.123243,0.711859,0.721261,review,evaluation,,,,,,,,Phase18N confirmatory reviewability packet; labels are not identity labels.
phase18n_dinov2_vitl14_blind_0365,dinov2_vitl14,confirmatory_stratified_blind_review,rank_06_10__similarity_mid__quality_low__same_identity__admission_high,rank_06_10,similarity_mid,quality_low,same_identity,admission_high,phase18a_czechlynx_2109,phase18a_czechlynx_1685,outputs/final_freeze/lynx-wild/images/czechlynx_2109__p16e_028462.jpg,outputs/final_freeze/lynx-wild/images/czechlynx_1685__p16e_028438.jpg,yes,10,0.95846862,0.883615,0.55,0.55,0.55,0.96429,0.188613,0.75164,0.795742,review,evaluation,,,,,,,,Phase18N confirmatory reviewability packet; labels are not identity labels.
phase18n_dinov2_vitl14_blind_0366,dinov2_vitl14,confirmatory_stratified_blind_review,rank_11_20__similarity_mid__quality_low__different_identity__admission_high,rank_11_20,similarity_mid,quality_low,different_identity,admission_high,phase18a_czechlynx_1585,phase18a_czechlynx_1588,outputs/final_freeze/lynx-wild/images/czechlynx_1585__p16e_032532.jpg,outputs/final_freeze/lynx-wild/images/czechlynx_1588__p16e_040030.jpg,no,13,0.95229501,0.80398,0.55,0.55,0.55,0.964608,0.108867,0.759715,0.765386,review,evaluation,,,,,,,,Phase18N confirmatory reviewability packet; labels are not identity labels.
phase18n_dinov2_vitl14_blind_0367,dinov2_vitl14,confirmatory_stratified_blind_review,rank_11_20__similarity_low__quality_low__different_identity__admission_high,rank_11_20,similarity_low,quality_low,different_identity,admission_high,phase18a_czechlynx_1852,phase18a_czechlynx_1597,outputs/final_freeze/lynx-wild/images/czechlynx_1852__p16e_028146.jpg,outputs/final_freeze/lynx-wild/images/czechlynx_1597__p16e_019019.jpg,no,17,0.93689406,0.554609,0.55,0.55,0.55,0.966767,0.0,0.757156,0.631577,review,evaluation,,,,,,,,Phase18N confirmatory reviewability packet; labels are not identity labels.
phase18n_dinov2_vitl14_blind_0368,dinov2_vitl14,confirmatory_stratified_blind_review,rank_02_05__similarity_low__quality_low__different_identity__admission_low,rank_02_05,similarity_low,quality_low,different_identity,admission_low,phase18a_czechlynx_1981,phase18a_czechlynx_2553,outputs/final_freeze/lynx-wild/images/czechlynx_1981__p16e_042764.jpg,outputs/final_freeze/lynx-wild/images/czechlynx_2553__p16e_034947.jpg,no,4,0.92291862,0.353656,0.55,0.55,0.55,0.896693,0.0,0.71744,0.491894,review,evaluation,,,,,,,,Phase18N confirmatory reviewability packet; labels are not identity labels.
phase18n_dinov2_vitl14_blind_0369,dinov2_vitl14,confirmatory_stratified_blind_review,rank_11_20__similarity_mid__quality_low__same_identity__admission_high,rank_11_20,similarity_mid,quality_low,same_identity,admission_high,phase18a_czechlynx_1909,phase18a_czechlynx_1902,outputs/final_freeze/lynx-wild/images/czechlynx_1909__p16e_028285.jpg,outputs/final_freeze/lynx-wild/images/czechlynx_1902__p16e_028427.jpg,yes,12,0.95822287,0.880715,0.55,0.55,0.55,0.97394,0.182336,0.755307,0.796593,review,evaluation,,,,,,,,Phase18N confirmatory reviewability packet; labels are not identity labels.
phase18n_dinov2_vitl14_blind_0370,dinov2_vitl14,confirmatory_stratified_blind_review,rank_01__similarity_mid__quality_low__different_identity__admission_low,rank_01,similarity_mid,quality_low,different_identity,admission_low,phase18a_czechlynx_1929,phase18a_czechlynx_1545,outputs/final_freeze/lynx-wild/images/czechlynx_1929__p16e_024872.jpg,outputs/final_freeze/lynx-wild/images/czechlynx_1545__p16e_041647.jpg,no,1,0.95100152,0.785496,0.55,0.55,0.55,0.723077,0.174919,0.677027,0.709294,review,evaluation,,,,,,,,Phase18N confirmatory reviewability packet; labels are not identity labels.
phase18n_dinov2_vitl14_blind_0371,dinov2_vitl14,confirmatory_stratified_blind_review,rank_06_10__similarity_high__quality_low__same_identity__admission_mid,rank_06_10,similarity_high,quality_low,same_identity,admission_mid,phase18a_czechlynx_1525,phase18a_czechlynx_1714,outputs/final_freeze/lynx-wild/images/czechlynx_1525__p16e_028376.jpg,outputs/final_freeze/lynx-wild/images/czechlynx_1714__p16e_028279.jpg,yes,7,0.97131288,0.969549,0.55,0.55,0.55,0.915607,0.291587,0.726008,0.818686,review,evaluation,,,,,,,,Phase18N confirmatory reviewability packet; labels are not identity labels.
phase18n_dinov2_vitl14_blind_0372,dinov2_vitl14,confirmatory_stratified_blind_review,rank_11_20__similarity_low__quality_low__different_identity__admission_high,rank_11_20,similarity_low,quality_low,different_identity,admission_high,phase18a_czechlynx_1598,phase18a_czechlynx_2435,outputs/final_freeze/lynx-wild/images/czechlynx_1598__p16e_039724.jpg,outputs/final_freeze/lynx-wild/images/czechlynx_2435__p16e_045096.jpg,no,19,0.93472576,0.519192,0.55,0.55,0.55,0.997093,0.0,0.762105,0.611499,review,evaluation,,,,,,,,Phase18N confirmatory reviewability packet; labels are not identity labels.
phase18n_dinov2_vitl14_blind_0373,dinov2_vitl14,confirmatory_stratified_blind_review,rank_02_05__similarity_low__quality_low__same_identity__admission_mid,rank_02_05,similarity_low,quality_low,same_identity,admission_mid,phase18a_czechlynx_1556,phase18a_czechlynx_1814,outputs/final_freeze/lynx-wild/images/czechlynx_1556__p16e_028473.jpg,outputs/final_freeze/lynx-wild/images/czechlynx_1814__p16e_028197.jpg,yes,5,0.92952788,0.440524,0.55,0.55,0.55,0.916547,0.0,0.731686,0.551166,review,evaluation,,,,,,,,Phase18N confirmatory reviewability packet; labels are not identity labels.
phase18n_dinov2_vitl14_blind_0374,dinov2_vitl14,confirmatory_stratified_blind_review,rank_06_10__similarity_mid__quality_low__different_identity__admission_high,rank_06_10,similarity_mid,quality_low,different_identity,admission_high,phase18a_czechlynx_2522,phase18a_czechlynx_1908,outputs/final_freeze/lynx-wild/images/czechlynx_2522__p16e_044172.jpg,outputs/final_freeze/lynx-wild/images/czechlynx_1908__p16e_041905.jpg,no,9,0.95301068,0.81438,0.55,0.55,0.55,0.996535,0.108093,0.769849,0.77584,review,evaluation,,,,,,,,Phase18N confirmatory reviewability packet; labels are not identity labels.
phase18n_dinov2_vitl14_blind_0375,dinov2_vitl14,confirmatory_stratified_blind_review,rank_11_20__similarity_mid__quality_low__same_identity__admission_mid,rank_11_20,similarity_mid,quality_low,same_identity,admission_mid,phase18a_czechlynx_1553,phase18a_czechlynx_1943,outputs/final_freeze/lynx-wild/images/czechlynx_1553__p16e_028471.jpg,outputs/final_freeze/lynx-wild/images/czechlynx_1943__p16e_028389.jpg,yes,13,0.9610734,0.909582,0.55,0.55,0.55,0.911751,0.232969,0.730655,0.794996,review,evaluation,,,,,,,,Phase18N confirmatory reviewability packet; labels are not identity labels.
phase18n_dinov2_vitl14_blind_0376,dinov2_vitl14,confirmatory_stratified_blind_review,rank_11_20__similarity_high__quality_low__same_identity__admission_high,rank_11_20,similarity_high,quality_low,same_identity,admission_high,phase18a_czechlynx_1415,phase18a_czechlynx_1325,outputs/final_freeze/lynx-wild/images/czechlynx_1415__p16e_028519.jpg,outputs/final_freeze/lynx-wild/images/czechlynx_1325__p16e_028522.jpg,yes,14,0.96461439,0.936416,0.55,0.55,0.55,0.980293,0.235813,0.751961,0.81916,review,evaluation,,,,,,,,Phase18N confirmatory reviewability packet; labels are not identity labels.
phase18n_dinov2_vitl14_blind_0377,dinov2_vitl14,confirmatory_stratified_blind_review,rank_01__similarity_high__quality_low__same_identity__admission_mid,rank_01,similarity_high,quality_low,same_identity,admission_mid,phase18a_czechlynx_1949,phase18a_czechlynx_1847,outputs/final_freeze/lynx-wild/images/czechlynx_1949__p16e_028387.jpg,outputs/final_freeze/lynx-wild/images/czechlynx_1847__p16e_028401.jpg,yes,1,0.97618234,0.98185,0.55,0.55,0.55,0.918646,0.302824,0.725841,0.824002,review,evaluation,,,,,,,,Phase18N confirmatory reviewability packet; labels are not identity labels.
phase18n_dinov2_vitl14_blind_0378,dinov2_vitl14,confirmatory_stratified_blind_review,rank_01__similarity_high__quality_low__same_identity__admission_low,rank_01,similarity_high,quality_low,same_identity,admission_low,phase18a_czechlynx_1325,phase18a_czechlynx_1689,outputs/final_freeze/lynx-wild/images/czechlynx_1325__p16e_028522.jpg,outputs/final_freeze/lynx-wild/images/czechlynx_1689__p16e_028143.jpg,yes,1,0.97412592,0.977483,0.55,0.55,0.55,0.87793,0.312707,0.712027,0.814068,review,evaluation,,,,,,,,Phase18N confirmatory reviewability packet; labels are not identity labels.
phase18n_dinov2_vitl14_blind_0379,dinov2_vitl14,confirmatory_stratified_blind_review,rank_11_20__similarity_high__quality_low__same_identity__admission_high,rank_11_20,similarity_high,quality_low,same_identity,admission_high,phase18a_czechlynx_1664,phase18a_czechlynx_1670,outputs/final_freeze/lynx-wild/images/czechlynx_1664__p16e_028342.jpg,outputs/final_freeze/lynx-wild/images/czechlynx_1670__p16e_028312.jpg,yes,17,0.9721061,0.9719,0.55,0.55,0.55,0.994518,0.266318,0.753391,0.835603,review,evaluation,,,,,,,,Phase18N confirmatory reviewability packet; labels are not identity labels.
phase18n_dinov2_vitl14_blind_0380,dinov2_vitl14,confirmatory_stratified_blind_review,rank_06_10__similarity_mid__quality_low__same_identity__admission_high,rank_06_10,similarity_mid,quality_low,same_identity,admission_high,phase18a_czechlynx_1693,phase18a_czechlynx_1907,outputs/final_freeze/lynx-wild/images/czechlynx_1693__p16e_028177.jpg,outputs/final_freeze/lynx-wild/images/czechlynx_1907__p16e_028184.jpg,yes,6,0.96271163,0.923249,0.55,0.55,0.55,0.994227,0.217769,0.758155,0.816959,review,evaluation,,,,,,,,Phase18N confirmatory reviewability packet; labels are not identity labels.
phase18n_dinov2_vitl14_blind_0381,dinov2_vitl14,confirmatory_stratified_blind_review,rank_02_05__similarity_high__quality_low__same_identity__admission_mid,rank_02_05,similarity_high,quality_low,same_identity,admission_mid,phase18a_czechlynx_1579,phase18a_czechlynx_1943,outputs/final_freeze/lynx-wild/images/czechlynx_1579__p16e_028161.jpg,outputs/final_freeze/lynx-wild/images/czechlynx_1943__p16e_028389.jpg,yes,3,0.97900701,0.986983,0.55,0.55,0.55,0.95174,0.296374,0.736911,0.832681,review,evaluation,,,,,,,,Phase18N confirmatory reviewability packet; labels are not identity labels.
phase18n_dinov2_vitl14_blind_0382,dinov2_vitl14,confirmatory_stratified_blind_review,rank_11_20__similarity_low__quality_low__different_identity__admission_mid,rank_11_20,similarity_low,quality_low,different_identity,admission_mid,phase18a_czechlynx_1860,phase18a_czechlynx_1827,outputs/final_freeze/lynx-wild/images/czechlynx_1860__p16e_039109.jpg,outputs/final_freeze/lynx-wild/images/czechlynx_1827__p16e_033191.jpg,no,19,0.92728961,0.409707,0.55,0.55,0.55,0.933063,0.0,0.733228,0.532645,review,evaluation,,,,,,,,Phase18N confirmatory reviewability packet; labels are not identity labels.
phase18n_dinov2_vitl14_blind_0383,dinov2_vitl14,confirmatory_stratified_blind_review,rank_11_20__similarity_high__quality_low__same_identity__admission_low,rank_11_20,similarity_high,quality_low,same_identity,admission_low,phase18a_czechlynx_2112,phase18a_czechlynx_1943,outputs/final_freeze/lynx-wild/images/czechlynx_2112__p16e_028181.jpg,outputs/final_freeze/lynx-wild/images/czechlynx_1943__p16e_028389.jpg,yes,18,0.96653128,0.948832,0.55,0.55,0.55,0.903932,0.274956,0.723993,0.808402,review,evaluation,,,,,,,,Phase18N confirmatory reviewability packet; labels are not identity labels.
phase18n_dinov2_vitl14_blind_0384,dinov2_vitl14,confirmatory_stratified_blind_review,rank_02_05__similarity_mid__quality_low__same_identity__admission_high,rank_02_05,similarity_mid,quality_low,same_identity,admission_high,phase18a_czechlynx_1732,phase18a_czechlynx_1854,outputs/final_freeze/lynx-wild/images/czechlynx_1732__p16e_028472.jpg,outputs/final_freeze/lynx-wild/images/czechlynx_1854__p16e_028460.jpg,yes,4,0.94312459,0.664444,0.55,0.55,0.55,0.941944,0.0,0.761189,0.701207,review,evaluation,,,,,,,,Phase18N confirmatory reviewability packet; labels are not identity labels.
phase18n_dinov2_vitl14_blind_0385,dinov2_vitl14,confirmatory_stratified_blind_review,rank_01__similarity_low__quality_low__same_identity__admission_mid,rank_01,similarity_low,quality_low,same_identity,admission_mid,phase18a_czechlynx_2429,phase18a_czechlynx_2074,outputs/final_freeze/lynx-wild/images/czechlynx_2429__p16e_041890.jpg,outputs/final_freeze/lynx-wild/images/czechlynx_2074__p16e_028706.jpg,yes,1,0.92107505,0.333056,0.55,0.55,0.55,0.990601,0.0,0.741674,0.488331,review,evaluation,,,,,,,,Phase18N confirmatory reviewability packet; labels are not identity labels.
phase18n_dinov2_vitl14_blind_0386,dinov2_vitl14,confirmatory_stratified_blind_review,rank_11_20__similarity_mid__quality_low__same_identity__admission_low,rank_11_20,similarity_mid,quality_low,same_identity,admission_low,phase18a_czechlynx_1947,phase18a_czechlynx_1847,outputs/final_freeze/lynx-wild/images/czechlynx_1947__p16e_028457.jpg,outputs/final_freeze/lynx-wild/images/czechlynx_1847__p16e_028401.jpg,yes,15,0.9571498,0.867648,0.55,0.55,0.55,0.880658,0.201917,0.723966,0.772665,review,evaluation,,,,,,,,Phase18N confirmatory reviewability packet; labels are not identity labels.
phase18n_dinov2_vitl14_blind_0387,dinov2_vitl14,confirmatory_stratified_blind_review,rank_06_10__similarity_low__quality_low__same_identity__admission_low,rank_06_10,similarity_low,quality_low,same_identity,admission_low,phase18a_czechlynx_1794,phase18a_czechlynx_1398,outputs/final_freeze/lynx-wild/images/czechlynx_1794__p16e_028530.jpg,outputs/final_freeze/lynx-wild/images/czechlynx_1398__p16e_028505.jpg,yes,9,0.93574142,0.535676,0.55,0.55,0.55,0.841235,0.0,0.720113,0.605762,review,evaluation,,,,,,,,Phase18N confirmatory reviewability packet; labels are not identity labels.
phase18n_dinov2_vitl14_blind_0388,dinov2_vitl14,confirmatory_stratified_blind_review,rank_01__similarity_mid__quality_low__same_identity__admission_mid,rank_01,similarity_mid,quality_low,same_identity,admission_mid,phase18a_czechlynx_1494,phase18a_czechlynx_1456,outputs/final_freeze/lynx-wild/images/czechlynx_1494__p16e_028188.jpg,outputs/final_freeze/lynx-wild/images/czechlynx_1456__p16e_028437.jpg,yes,1,0.95695913,0.865514,0.55,0.55,0.55,0.938279,0.179617,0.744346,0.783547,review,evaluation,,,,,,,,Phase18N confirmatory reviewability packet; labels are not identity labels.
phase18n_dinov2_vitl14_blind_0389,dinov2_vitl14,confirmatory_stratified_blind_review,rank_11_20__similarity_high__quality_low__same_identity__admission_mid,rank_11_20,similarity_high,quality_low,same_identity,admission_mid,phase18a_czechlynx_2004,phase18a_czechlynx_1808,outputs/final_freeze/lynx-wild/images/czechlynx_2004__p16e_028151.jpg,outputs/final_freeze/lynx-wild/images/czechlynx_1808__p16e_028293.jpg,yes,13,0.9655509,0.942999,0.55,0.55,0.55,0.90316,0.269393,0.724306,0.806017,review,evaluation,,,,,,,,Phase18N confirmatory reviewability packet; labels are not identity labels.
phase18n_dinov2_vitl14_blind_0390,dinov2_vitl14,confirmatory_stratified_blind_review,rank_01__similarity_mid__quality_low__same_identity__admission_mid,rank_01,similarity_mid,quality_low,same_identity,admission_mid,phase18a_czechlynx_1505,phase18a_czechlynx_1885,outputs/final_freeze/lynx-wild/images/czechlynx_1505__p16e_011910.jpg,outputs/final_freeze/lynx-wild/images/czechlynx_1885__p16e_011911.jpg,yes,1,0.96042895,0.904315,0.55,0.55,0.55,0.956289,0.212114,0.74677,0.802025,review,evaluation,,,,,,,,Phase18N confirmatory reviewability packet; labels are not identity labels.
phase18n_dinov2_vitl14_blind_0391,dinov2_vitl14,confirmatory_stratified_blind_review,rank_11_20__similarity_low__quality_low__different_identity__admission_low,rank_11_20,similarity_low,quality_low,different_identity,admission_low,phase18a_czechlynx_2796,phase18a_czechlynx_1994,outputs/final_freeze/lynx-wild/images/czechlynx_2796__p16e_024891.jpg,outputs/final_freeze/lynx-wild/images/czechlynx_1994__p16e_018928.jpg,no,13,0.77034819,0.020017,0.55,0.55,0.55,0.770197,0.0,0.648657,0.2589,review,evaluation,,,,,,,,Phase18N confirmatory reviewability packet; labels are not identity labels.
phase18n_dinov2_vitl14_blind_0392,dinov2_vitl14,confirmatory_stratified_blind_review,rank_01__similarity_low__quality_low__same_identity__admission_high,rank_01,similarity_low,quality_low,same_identity,admission_high,phase18a_czechlynx_1612,phase18a_czechlynx_2613,outputs/final_freeze/lynx-wild/images/czechlynx_1612__p16e_006774.jpg,outputs/final_freeze/lynx-wild/images/czechlynx_2613__p16e_006767.jpg,yes,1,0.93350089,0.499975,0.55,0.55,0.55,0.972814,0.0,0.753385,0.596271,review,evaluation,,,,,,,,Phase18N confirmatory reviewability packet; labels are not identity labels.
phase18n_dinov2_vitl14_blind_0393,dinov2_vitl14,confirmatory_stratified_blind_review,rank_06_10__similarity_low__quality_low__different_identity__admission_mid,rank_06_10,similarity_low,quality_low,different_identity,admission_mid,phase18a_czechlynx_2832,phase18a_czechlynx_2824,outputs/final_freeze/lynx-wild/images/czechlynx_2832__p16e_007699.jpg,outputs/final_freeze/lynx-wild/images/czechlynx_2824__p16e_044272.jpg,no,9,0.93563586,0.534026,0.55,0.55,0.55,0.85907,0.0,0.724942,0.606574,review,evaluation,,,,,,,,Phase18N confirmatory reviewability packet; labels are not identity labels.
phase18n_dinov2_vitl14_blind_0394,dinov2_vitl14,confirmatory_stratified_blind_review,rank_02_05__similarity_low__quality_low__same_identity__admission_high,rank_02_05,similarity_low,quality_low,same_identity,admission_high,phase18a_czechlynx_1602,phase18a_czechlynx_1713,outputs/final_freeze/lynx-wild/images/czechlynx_1602__p16e_028363.jpg,outputs/final_freeze/lynx-wild/images/czechlynx_1713__p16e_028518.jpg,yes,2,0.94247431,0.652778,0.55,0.55,0.55,0.94817,0.0,0.761765,0.694193,review,evaluation,,,,,,,,Phase18N confirmatory reviewability packet; labels are not identity labels.
phase18n_dinov2_vitl14_blind_0395,dinov2_vitl14,confirmatory_stratified_blind_review,rank_11_20__similarity_mid__quality_low__different_identity__admission_low,rank_11_20,similarity_mid,quality_low,different_identity,admission_low,phase18a_czechlynx_2489,phase18a_czechlynx_2410,outputs/final_freeze/lynx-wild/images/czechlynx_2489__p16e_034265.jpg,outputs/final_freeze/lynx-wild/images/czechlynx_2410__p16e_044048.jpg,no,12,0.95465857,0.836164,0.55,0.55,0.55,0.829918,0.188193,0.709355,0.750338,review,evaluation,,,,,,,,Phase18N confirmatory reviewability packet; labels are not identity labels.
phase18n_dinov2_vitl14_blind_0396,dinov2_vitl14,confirmatory_stratified_blind_review,rank_01__similarity_low__quality_low__same_identity__admission_mid,rank_01,similarity_low,quality_low,same_identity,admission_mid,phase18a_czechlynx_2155,phase18a_czechlynx_1717,outputs/final_freeze/lynx-wild/images/czechlynx_2155__p16e_042493.jpg,outputs/final_freeze/lynx-wild/images/czechlynx_1717__p16e_042492.jpg,yes,1,0.9201256,0.322005,0.55,0.55,0.55,0.974462,0.0,0.73605,0.479342,review,evaluation,,,,,,,,Phase18N confirmatory reviewability packet; labels are not identity labels.
phase18n_dinov2_vitl14_blind_0397,dinov2_vitl14,confirmatory_stratified_blind_review,rank_02_05__similarity_low__quality_low__same_identity__admission_mid,rank_02_05,similarity_low,quality_low,same_identity,admission_mid,phase18a_czechlynx_2652,phase18a_czechlynx_1906,outputs/final_freeze/lynx-wild/images/czechlynx_2652__p16e_006764.jpg,outputs/final_freeze/lynx-wild/images/czechlynx_1906__p16e_007112.jpg,yes,5,0.92943561,0.439107,0.55,0.55,0.55,0.962734,0.0,0.744476,0.555147,review,evaluation,,,,,,,,Phase18N confirmatory reviewability packet; labels are not identity labels.
phase18n_dinov2_vitl14_blind_0398,dinov2_vitl14,confirmatory_stratified_blind_review,rank_11_20__similarity_high__quality_low__same_identity__admission_low,rank_11_20,similarity_high,quality_low,same_identity,admission_low,phase18a_czechlynx_1538,phase18a_czechlynx_1552,outputs/final_freeze/lynx-wild/images/czechlynx_1538__p16e_028425.jpg,outputs/final_freeze/lynx-wild/images/czechlynx_1552__p16e_028436.jpg,yes,15,0.96805233,0.956183,0.55,0.55,0.55,0.850788,0.300907,0.704658,0.800422,review,evaluation,,,,,,,,Phase18N confirmatory reviewability packet; labels are not identity labels.
phase18n_dinov2_vitl14_blind_0399,dinov2_vitl14,confirmatory_stratified_blind_review,rank_06_10__similarity_mid__quality_low__different_identity__admission_high,rank_06_10,similarity_mid,quality_low,different_identity,admission_high,phase18a_czechlynx_2135,phase18a_czechlynx_2096,outputs/final_freeze/lynx-wild/images/czechlynx_2135__p16e_044967.jpg,outputs/final_freeze/lynx-wild/images/czechlynx_2096__p16e_043693.jpg,no,7,0.96049953,0.905015,0.55,0.55,0.55,0.996252,0.198827,0.760687,0.810405,review,evaluation,,,,,,,,Phase18N confirmatory reviewability packet; labels are not identity labels.
phase18n_dinov2_vitl14_blind_0400,dinov2_vitl14,confirmatory_stratified_blind_review,rank_06_10__similarity_low__quality_low__different_identity__admission_high,rank_06_10,similarity_low,quality_low,different_identity,admission_high,phase18a_czechlynx_2490,phase18a_czechlynx_1810,outputs/final_freeze/lynx-wild/images/czechlynx_2490__p16e_007111.jpg,outputs/final_freeze/lynx-wild/images/czechlynx_1810__p16e_042482.jpg,no,6,0.93546617,0.531192,0.55,0.55,0.55,0.953693,0.0,0.751153,0.614777,review,evaluation,,,,,,,,Phase18N confirmatory reviewability packet; labels are not identity labels.
phase18n_dinov2_vitl14_blind_0401,dinov2_vitl14,confirmatory_stratified_blind_review,rank_11_20__similarity_low__quality_low__same_identity__admission_low,rank_11_20,similarity_low,quality_low,same_identity,admission_low,phase18a_czechlynx_1932,phase18a_czechlynx_1834,outputs/final_freeze/lynx-wild/images/czechlynx_1932__p16e_028564.jpg,outputs/final_freeze/lynx-wild/images/czechlynx_1834__p16e_028141.jpg,yes,19,0.90761352,0.215404,0.55,0.55,0.55,0.918441,0.0,0.709704,0.403238,review,evaluation,,,,,,,,Phase18N confirmatory reviewability packet; labels are not identity labels.
phase18n_dinov2_vitl14_blind_0402,dinov2_vitl14,confirmatory_stratified_blind_review,rank_06_10__similarity_mid__quality_low__same_identity__admission_mid,rank_06_10,similarity_mid,quality_low,same_identity,admission_mid,phase18a_czechlynx_1622,phase18a_czechlynx_2007,outputs/final_freeze/lynx-wild/images/czechlynx_1622__p16e_028263.jpg,outputs/final_freeze/lynx-wild/images/czechlynx_2007__p16e_028157.jpg,yes,10,0.94599938,0.710795,0.55,0.55,0.55,0.852422,0.054947,0.729768,0.707015,review,evaluation,,,,,,,,Phase18N confirmatory reviewability packet; labels are not identity labels.
phase18n_dinov2_vitl14_blind_0403,dinov2_vitl14,confirmatory_stratified_blind_review,rank_06_10__similarity_high__quality_low__same_identity__admission_mid,rank_06_10,similarity_high,quality_low,same_identity,admission_mid,phase18a_czechlynx_1840,phase18a_czechlynx_1404,outputs/final_freeze/lynx-wild/images/czechlynx_1840__p16e_028362.jpg,outputs/final_freeze/lynx-wild/images/czechlynx_1404__p16e_028384.jpg,yes,7,0.97643137,0.982366,0.55,0.55,0.55,0.93042,0.299219,0.72991,0.826589,review,evaluation,,,,,,,,Phase18N confirmatory reviewability packet; labels are not identity labels.
phase18n_dinov2_vitl14_blind_0404,dinov2_vitl14,confirmatory_stratified_blind_review,rank_11_20__similarity_mid__quality_low__different_identity__admission_mid,rank_11_20,similarity_mid,quality_low,different_identity,admission_mid,phase18a_czechlynx_2135,phase18a_czechlynx_2521,outputs/final_freeze/lynx-wild/images/czechlynx_2135__p16e_044967.jpg,outputs/final_freeze/lynx-wild/images/czechlynx_2521__p16e_035354.jpg,no,20,0.95194268,0.799497,0.55,0.55,0.55,0.89289,0.129485,0.735062,0.749114,review,evaluation,,,,,,,,Phase18N confirmatory reviewability packet; labels are not identity labels.
phase18n_dinov2_vitl14_blind_0405,dinov2_vitl14,confirmatory_stratified_blind_review,rank_11_20__similarity_mid__quality_low__same_identity__admission_high,rank_11_20,similarity_mid,quality_low,same_identity,admission_high,phase18a_czechlynx_1881,phase18a_czechlynx_1473,outputs/final_freeze/lynx-wild/images/czechlynx_1881__p16e_028268.jpg,outputs/final_freeze/lynx-wild/images/czechlynx_1473__p16e_028281.jpg,yes,13,0.94945627,0.763096,0.55,0.55,0.55,0.954181,0.071633,0.760154,0.747651,review,evaluation,,,,,,,,Phase18N confirmatory reviewability packet; labels are not identity labels.
phase18n_dinov2_vitl14_blind_0406,dinov2_vitl14,confirmatory_stratified_blind_review,rank_02_05__similarity_mid__quality_low__same_identity__admission_low,rank_02_05,similarity_mid,quality_low,same_identity,admission_low,phase18a_czechlynx_1833,phase18a_czechlynx_2193,outputs/final_freeze/lynx-wild/images/czechlynx_1833__p16e_028145.jpg,outputs/final_freeze/lynx-wild/images/czechlynx_2193__p16e_029923.jpg,yes,4,0.96092331,0.908765,0.55,0.55,0.55,0.704346,0.304744,0.658145,0.752581,review,evaluation,,,,,,,,Phase18N confirmatory reviewability packet; labels are not identity labels.
phase18n_dinov2_vitl14_blind_0407,dinov2_vitl14,confirmatory_stratified_blind_review,rank_01__similarity_mid__quality_low__same_identity__admission_high,rank_01,similarity_mid,quality_low,same_identity,admission_high,phase18a_czechlynx_2027,phase18a_czechlynx_1687,outputs/final_freeze/lynx-wild/images/czechlynx_2027__p16e_028448.jpg,outputs/final_freeze/lynx-wild/images/czechlynx_1687__p16e_028447.jpg,yes,1,0.95867109,0.885581,0.55,0.55,0.55,0.997589,0.178925,0.763098,0.803253,review,evaluation,,,,,,,,Phase18N confirmatory reviewability packet; labels are not identity labels.
phase18n_dinov2_vitl14_blind_0408,dinov2_vitl14,confirmatory_stratified_blind_review,rank_11_20__similarity_low__quality_low__same_identity__admission_low,rank_11_20,similarity_low,quality_low,same_identity,admission_low,phase18a_czechlynx_1747,phase18a_czechlynx_1975,outputs/final_freeze/lynx-wild/images/czechlynx_1747__p16e_028220.jpg,outputs/final_freeze/lynx-wild/images/czechlynx_1975__p16e_028163.jpg,yes,11,0.93051636,0.454824,0.55,0.55,0.55,0.854578,0.0,0.715764,0.553981,review,evaluation,,,,,,,,Phase18N confirmatory reviewability packet; labels are not identity labels.
phase18n_dinov2_vitl14_blind_0409,dinov2_vitl14,confirmatory_stratified_blind_review,rank_01__similarity_mid__quality_low__same_identity__admission_low,rank_01,similarity_mid,quality_low,same_identity,admission_low,phase18a_czechlynx_2917,phase18a_czechlynx_2703,outputs/final_freeze/lynx-wild/images/czechlynx_2917__p16e_028622.jpg,outputs/final_freeze/lynx-wild/images/czechlynx_2703__p16e_028621.jpg,yes,1,0.96185112,0.916549,0.55,0.55,0.55,0.879816,0.251113,0.718781,0.791174,review,evaluation,,,,,,,,Phase18N confirmatory reviewability packet; labels are not identity labels.
phase18n_dinov2_vitl14_blind_0410,dinov2_vitl14,confirmatory_stratified_blind_review,rank_01__similarity_high__quality_low__same_identity__admission_low,rank_01,similarity_high,quality_low,same_identity,admission_low,phase18a_czechlynx_1521,phase18a_czechlynx_1607,outputs/final_freeze/lynx-wild/images/czechlynx_1521__p16e_028316.jpg,outputs/final_freeze/lynx-wild/images/czechlynx_1607__p16e_028492.jpg,yes,1,0.98111498,0.99015,0.55,0.55,0.55,0.873597,0.326891,0.709244,0.818027,review,evaluation,,,,,,,,Phase18N confirmatory reviewability packet; labels are not identity labels.
phase18n_dinov2_vitl14_blind_0411,dinov2_vitl14,confirmatory_stratified_blind_review,rank_02_05__similarity_mid__quality_low__same_identity__admission_mid,rank_02_05,similarity_mid,quality_low,same_identity,admission_mid,phase18a_czechlynx_1852,phase18a_czechlynx_2047,outputs/final_freeze/lynx-wild/images/czechlynx_1852__p16e_028146.jpg,outputs/final_freeze/lynx-wild/images/czechlynx_2047__p16e_028186.jpg,yes,5,0.94508946,0.696428,0.55,0.55,0.55,0.901737,0.02332,0.748465,0.711538,review,evaluation,,,,,,,,Phase18N confirmatory reviewability packet; labels are not identity labels.
phase18n_dinov2_vitl14_blind_0412,dinov2_vitl14,confirmatory_stratified_blind_review,rank_11_20__similarity_low__quality_low__same_identity__admission_mid,rank_11_20,similarity_low,quality_low,same_identity,admission_mid,phase18a_czechlynx_1732,phase18a_czechlynx_1287,outputs/final_freeze/lynx-wild/images/czechlynx_1732__p16e_028472.jpg,outputs/final_freeze/lynx-wild/images/czechlynx_1287__p16e_028549.jpg,yes,11,0.91885519,0.308772,0.55,0.55,0.55,0.938889,0.0,0.724766,0.46685,review,evaluation,,,,,,,,Phase18N confirmatory reviewability packet; labels are not identity labels.
phase18n_dinov2_vitl14_blind_0413,dinov2_vitl14,confirmatory_stratified_blind_review,rank_01__similarity_low__quality_low__same_identity__admission_mid,rank_01,similarity_low,quality_low,same_identity,admission_mid,phase18a_czechlynx_1932,phase18a_czechlynx_2029,outputs/final_freeze/lynx-wild/images/czechlynx_1932__p16e_028564.jpg,outputs/final_freeze/lynx-wild/images/czechlynx_2029__p16e_028383.jpg,yes,1,0.92434543,0.371706,0.55,0.55,0.55,0.96555,0.0,0.738525,0.511097,review,evaluation,,,,,,,,Phase18N confirmatory reviewability packet; labels are not identity labels.
phase18n_dinov2_vitl14_blind_0414,dinov2_vitl14,confirmatory_stratified_blind_review,rank_01__similarity_low__quality_low__different_identity__admission_mid,rank_01,similarity_low,quality_low,different_identity,admission_mid,phase18a_czechlynx_1839,phase18a_czechlynx_2015,outputs/final_freeze/lynx-wild/images/czechlynx_1839__p16e_042753.jpg,outputs/final_freeze/lynx-wild/images/czechlynx_2015__p16e_040723.jpg,no,1,0.93697751,0.556259,0.55,0.55,0.55,0.863973,0.0,0.728538,0.621725,review,evaluation,,,,,,,,Phase18N confirmatory reviewability packet; labels are not identity labels.
phase18n_dinov2_vitl14_blind_0415,dinov2_vitl14,confirmatory_stratified_blind_review,rank_02_05__similarity_low__quality_low__same_identity__admission_high,rank_02_05,similarity_low,quality_low,same_identity,admission_high,phase18a_czechlynx_1602,phase18a_czechlynx_1633,outputs/final_freeze/lynx-wild/images/czechlynx_1602__p16e_028363.jpg,outputs/final_freeze/lynx-wild/images/czechlynx_1633__p16e_028523.jpg,yes,5,0.93832982,0.578993,0.55,0.55,0.55,0.943501,0.0,0.75308,0.645146,review,evaluation,,,,,,,,Phase18N confirmatory reviewability packet; labels are not identity labels.
phase18n_dinov2_vitl14_blind_0416,dinov2_vitl14,confirmatory_stratified_blind_review,rank_06_10__similarity_mid__quality_low__different_identity__admission_mid,rank_06_10,similarity_mid,quality_low,different_identity,admission_mid,phase18a_czechlynx_2817,phase18a_czechlynx_2213,outputs/final_freeze/lynx-wild/images/czechlynx_2817__p16e_044124.jpg,outputs/final_freeze/lynx-wild/images/czechlynx_2213__p16e_039749.jpg,no,8,0.95604169,0.853748,0.55,0.55,0.55,0.888418,0.185301,0.728072,0.768931,review,evaluation,,,,,,,,Phase18N confirmatory reviewability packet; labels are not identity labels.
phase18n_dinov2_vitl14_blind_0417,dinov2_vitl14,confirmatory_stratified_blind_review,rank_02_05__similarity_mid__quality_low__same_identity__admission_low,rank_02_05,similarity_mid,quality_low,same_identity,admission_low,phase18a_czechlynx_2334,phase18a_czechlynx_1595,outputs/final_freeze/lynx-wild/images/czechlynx_2334__p16e_028194.jpg,outputs/final_freeze/lynx-wild/images/czechlynx_1595__p16e_028407.jpg,yes,5,0.96228629,0.920115,0.55,0.55,0.55,0.858577,0.262113,0.71099,0.788225,review,evaluation,,,,,,,,Phase18N confirmatory reviewability packet; labels are not identity labels.
phase18n_dinov2_vitl14_blind_0418,dinov2_vitl14,confirmatory_stratified_blind_review,rank_06_10__similarity_low__quality_low__different_identity__admission_high,rank_06_10,similarity_low,quality_low,different_identity,admission_high,phase18a_czechlynx_2523,phase18a_czechlynx_2700,outputs/final_freeze/lynx-wild/images/czechlynx_2523__p16e_044194.jpg,outputs/final_freeze/lynx-wild/images/czechlynx_2700__p16e_045109.jpg,no,8,0.94186854,0.643027,0.55,0.55,0.55,0.988415,0.0,0.772059,0.692059,review,evaluation,,,,,,,,Phase18N confirmatory reviewability packet; labels are not identity labels.
phase18n_dinov2_vitl14_blind_0419,dinov2_vitl14,confirmatory_stratified_blind_review,rank_06_10__similarity_mid__quality_low__same_identity__admission_high,rank_06_10,similarity_mid,quality_low,same_identity,admission_high,phase18a_czechlynx_1638,phase18a_czechlynx_1525,outputs/final_freeze/lynx-wild/images/czechlynx_1638__p16e_028377.jpg,outputs/final_freeze/lynx-wild/images/czechlynx_1525__p16e_028376.jpg,yes,7,0.96187818,0.916765,0.55,0.55,0.55,0.998733,0.209709,0.76038,0.815397,review,evaluation,,,,,,,,Phase18N confirmatory reviewability packet; labels are not identity labels.
phase18n_dinov2_vitl14_blind_0420,dinov2_vitl14,confirmatory_stratified_blind_review,rank_02_05__similarity_low__quality_low__different_identity__admission_mid,rank_02_05,similarity_low,quality_low,different_identity,admission_mid,phase18a_czechlynx_2509,phase18a_czechlynx_1498,outputs/final_freeze/lynx-wild/images/czechlynx_2509__p16e_044839.jpg,outputs/final_freeze/lynx-wild/images/czechlynx_1498__p16e_042521.jpg,no,2,0.93470669,0.518809,0.55,0.55,0.55,0.870909,0.0,0.726735,0.597821,review,evaluation,,,,,,,,Phase18N confirmatory reviewability packet; labels are not identity labels.
phase18n_dinov2_vitl14_blind_0421,dinov2_vitl14,confirmatory_stratified_blind_review,rank_11_20__similarity_mid__quality_low__same_identity__admission_high,rank_11_20,similarity_mid,quality_low,same_identity,admission_high,phase18a_czechlynx_1600,phase18a_czechlynx_1395,outputs/final_freeze/lynx-wild/images/czechlynx_1600__p16e_028404.jpg,outputs/final_freeze/lynx-wild/images/czechlynx_1395__p16e_028385.jpg,yes,18,0.95304358,0.814914,0.55,0.55,0.55,0.964989,0.119667,0.758755,0.76964,review,evaluation,,,,,,,,Phase18N confirmatory reviewability packet; labels are not identity labels.
phase18n_dinov2_vitl14_blind_0422,dinov2_vitl14,confirmatory_stratified_blind_review,rank_11_20__similarity_mid__quality_low__different_identity__admission_high,rank_11_20,similarity_mid,quality_low,different_identity,admission_high,phase18a_czechlynx_2101,phase18a_czechlynx_1920,outputs/final_freeze/lynx-wild/images/czechlynx_2101__p16e_043454.jpg,outputs/final_freeze/lynx-wild/images/czechlynx_1920__p16e_037233.jpg,no,14,0.95619106,0.855898,0.55,0.55,0.55,0.971206,0.158475,0.756832,0.786558,review,evaluation,,,,,,,,Phase18N confirmatory reviewability packet; labels are not identity labels.
phase18n_dinov2_vitl14_blind_0423,dinov2_vitl14,confirmatory_stratified_blind_review,rank_06_10__similarity_low__quality_low__different_identity__admission_mid,rank_06_10,similarity_low,quality_low,different_identity,admission_mid,phase18a_czechlynx_2727,phase18a_czechlynx_2348,outputs/final_freeze/lynx-wild/images/czechlynx_2727__p16e_042909.jpg,outputs/final_freeze/lynx-wild/images/czechlynx_2348__p16e_037607.jpg,no,6,0.92319888,0.357406,0.55,0.55,0.55,0.921449,0.0,0.724746,0.496995,review,evaluation,,,,,,,,Phase18N confirmatory reviewability packet; labels are not identity labels.
phase18n_dinov2_vitl14_blind_0424,dinov2_vitl14,confirmatory_stratified_blind_review,rank_11_20__similarity_low__quality_low__same_identity__admission_high,rank_11_20,similarity_low,quality_low,same_identity,admission_high,phase18a_czechlynx_1828,phase18a_czechlynx_1628,outputs/final_freeze/lynx-wild/images/czechlynx_1828__p16e_028225.jpg,outputs/final_freeze/lynx-wild/images/czechlynx_1628__p16e_028375.jpg,yes,12,0.93696976,0.556043,0.55,0.55,0.55,0.98879,0.0,0.763465,0.634863,review,evaluation,,,,,,,,Phase18N confirmatory reviewability packet; labels are not identity labels.
phase18n_dinov2_vitl14_blind_0425,dinov2_vitl14,confirmatory_stratified_blind_review,rank_02_05__similarity_high__quality_low__different_identity__admission_high,rank_02_05,similarity_high,quality_low,different_identity,admission_high,phase18a_czechlynx_2135,phase18a_czechlynx_2058,outputs/final_freeze/lynx-wild/images/czechlynx_2135__p16e_044967.jpg,outputs/final_freeze/lynx-wild/images/czechlynx_2058__p16e_042193.jpg,no,3,0.96533823,0.941482,0.55,0.55,0.55,0.989495,0.237659,0.754675,0.822964,review,evaluation,,,,,,,,Phase18N confirmatory reviewability packet; labels are not identity labels.
phase18n_dinov2_vitl14_blind_0426,dinov2_vitl14,confirmatory_stratified_blind_review,rank_01__similarity_mid__quality_low__different_identity__admission_mid,rank_01,similarity_mid,quality_low,different_identity,admission_mid,phase18a_czechlynx_2809,phase18a_czechlynx_2463,outputs/final_freeze/lynx-wild/images/czechlynx_2809__p16e_045355.jpg,outputs/final_freeze/lynx-wild/images/czechlynx_2463__p16e_045905.jpg,no,1,0.949628,0.765729,0.55,0.55,0.55,0.856071,0.108605,0.725552,0.728741,review,evaluation,,,,,,,,Phase18N confirmatory reviewability packet; labels are not identity labels.
phase18n_dinov2_vitl14_blind_0427,dinov2_vitl14,confirmatory_stratified_blind_review,rank_11_20__similarity_mid__quality_low__same_identity__admission_mid,rank_11_20,similarity_mid,quality_low,same_identity,admission_mid,phase18a_czechlynx_1590,phase18a_czechlynx_2021,outputs/final_freeze/lynx-wild/images/czechlynx_1590__p16e_028168.jpg,outputs/final_freeze/lynx-wild/images/czechlynx_2021__p16e_028395.jpg,yes,18,0.96242422,0.921215,0.55,0.55,0.55,0.913473,0.244,0.730094,0.799789,review,evaluation,,,,,,,,Phase18N confirmatory reviewability packet; labels are not identity labels.
phase18n_dinov2_vitl14_blind_0428,dinov2_vitl14,confirmatory_stratified_blind_review,rank_06_10__similarity_mid__quality_low__same_identity__admission_mid,rank_06_10,similarity_mid,quality_low,same_identity,admission_mid,phase18a_czechlynx_1826,phase18a_czechlynx_1552,outputs/final_freeze/lynx-wild/images/czechlynx_1826__p16e_028417.jpg,outputs/final_freeze/lynx-wild/images/czechlynx_1552__p16e_028436.jpg,yes,7,0.94969821,0.766596,0.55,0.55,0.55,0.886696,0.098753,0.736184,0.735289,review,evaluation,,,,,,,,Phase18N confirmatory reviewability packet; labels are not identity labels.
phase18n_dinov2_vitl14_blind_0429,dinov2_vitl14,confirmatory_stratified_blind_review,rank_06_10__similarity_mid__quality_low__same_identity__admission_mid,rank_06_10,similarity_mid,quality_low,same_identity,admission_mid,phase18a_czechlynx_1814,phase18a_czechlynx_1728,outputs/final_freeze/lynx-wild/images/czechlynx_1814__p16e_028197.jpg,outputs/final_freeze/lynx-wild/images/czechlynx_1728__p16e_028440.jpg,yes,8,0.96187186,0.916682,0.55,0.55,0.55,0.964748,0.22152,0.748494,0.808467,review,evaluation,,,,,,,,Phase18N confirmatory reviewability packet; labels are not identity labels.
phase18n_dinov2_vitl14_blind_0430,dinov2_vitl14,confirmatory_stratified_blind_review,rank_11_20__similarity_low__quality_low__different_identity__admission_low,rank_11_20,similarity_low,quality_low,different_identity,admission_low,phase18a_czechlynx_2165,phase18a_czechlynx_2725,outputs/final_freeze/lynx-wild/images/czechlynx_2165__p16e_024897.jpg,outputs/final_freeze/lynx-wild/images/czechlynx_2725__p16e_037662.jpg,no,12,0.92253542,0.349306,0.55,0.383496,0.383496,0.647478,0.0,0.577293,0.435941,defer_low_evidence,evaluation,,,,,,,,Phase18N confirmatory reviewability packet; labels are not identity labels.
phase18n_dinov2_vitl14_blind_0431,dinov2_vitl14,confirmatory_stratified_blind_review,rank_06_10__similarity_high__quality_low__same_identity__admission_low,rank_06_10,similarity_high,quality_low,same_identity,admission_low,phase18a_czechlynx_1407,phase18a_czechlynx_1538,outputs/final_freeze/lynx-wild/images/czechlynx_1407__p16e_028511.jpg,outputs/final_freeze/lynx-wild/images/czechlynx_1538__p16e_028425.jpg,yes,7,0.96914279,0.961416,0.55,0.55,0.55,0.901337,0.288448,0.721826,0.812682,review,evaluation,,,,,,,,Phase18N confirmatory reviewability packet; labels are not identity labels.
phase18n_dinov2_vitl14_blind_0432,dinov2_vitl14,confirmatory_stratified_blind_review,rank_02_05__similarity_mid__quality_low__different_identity__admission_high,rank_02_05,similarity_mid,quality_low,different_identity,admission_high,phase18a_czechlynx_0853,phase18a_czechlynx_2166,outputs/final_freeze/lynx-wild/images/czechlynx_0853__czlx_expanded_0222.jpg,outputs/final_freeze/lynx-wild/images/czechlynx_2166__p16e_039800.jpg,no,3,0.94775826,0.738862,0.55,0.55,0.55,0.962199,0.044593,0.765383,0.740022,review,evaluation,,,,,,,,Phase18N confirmatory reviewability packet; labels are not identity labels.
phase18n_dinov2_vitl14_blind_0433,dinov2_vitl14,confirmatory_stratified_blind_review,rank_01__similarity_high__quality_low__same_identity__admission_low,rank_01,similarity_high,quality_low,same_identity,admission_low,phase18a_czechlynx_2748,phase18a_czechlynx_2817,outputs/final_freeze/lynx-wild/images/czechlynx_2748__p16e_045026.jpg,outputs/final_freeze/lynx-wild/images/czechlynx_2817__p16e_044124.jpg,yes,1,0.96721733,0.952266,0.55,0.55,0.55,0.819148,0.308064,0.693975,0.792503,review,evaluation,,,,,,,,Phase18N confirmatory reviewability packet; labels are not identity labels.
phase18n_dinov2_vitl14_blind_0434,dinov2_vitl14,confirmatory_stratified_blind_review,rank_02_05__similarity_low__quality_low__same_identity__admission_high,rank_02_05,similarity_low,quality_low,same_identity,admission_high,phase18a_czechlynx_2808,phase18a_czechlynx_2909,outputs/final_freeze/lynx-wild/images/czechlynx_2808__p16e_029013.jpg,outputs/final_freeze/lynx-wild/images/czechlynx_2909__p16e_029009.jpg,yes,2,0.94179451,0.641727,0.55,0.55,0.55,0.954266,0.0,0.762367,0.68757,review,evaluation,,,,,,,,Phase18N confirmatory reviewability packet; labels are not identity labels.
phase18n_dinov2_vitl14_blind_0435,dinov2_vitl14,confirmatory_stratified_blind_review,rank_01__similarity_low__quality_low__same_identity__admission_low,rank_01,similarity_low,quality_low,same_identity,admission_low,phase18a_czechlynx_1592,phase18a_czechlynx_2076,outputs/final_freeze/lynx-wild/images/czechlynx_1592__p16e_024540.jpg,outputs/final_freeze/lynx-wild/images/czechlynx_2076__p16e_024851.jpg,yes,1,0.83839244,0.052584,0.55,0.55,0.55,0.951107,0.0,0.702568,0.299578,review,evaluation,,,,,,,,Phase18N confirmatory reviewability packet; labels are not identity labels.
phase18n_dinov2_vitl14_blind_0436,dinov2_vitl14,confirmatory_stratified_blind_review,rank_11_20__similarity_low__quality_low__same_identity__admission_high,rank_11_20,similarity_low,quality_low,same_identity,admission_high,phase18a_czechlynx_1494,phase18a_czechlynx_1838,outputs/final_freeze/lynx-wild/images/czechlynx_1494__p16e_028188.jpg,outputs/final_freeze/lynx-wild/images/czechlynx_1838__p16e_028176.jpg,yes,15,0.937289,0.561443,0.55,0.55,0.55,0.966279,0.0,0.757702,0.636021,review,evaluation,,,,,,,,Phase18N confirmatory reviewability packet; labels are not identity labels.
phase18n_dinov2_vitl14_blind_0437,dinov2_vitl14,confirmatory_stratified_blind_review,rank_02_05__similarity_mid__quality_low__same_identity__admission_low,rank_02_05,similarity_mid,quality_low,same_identity,admission_low,phase18a_czechlynx_1514,phase18a_czechlynx_1324,outputs/final_freeze/lynx-wild/images/czechlynx_1514__p16e_028535.jpg,outputs/final_freeze/lynx-wild/images/czechlynx_1324__p16e_028504.jpg,yes,3,0.95673239,0.862498,0.55,0.55,0.55,0.826026,0.215889,0.705359,0.759607,review,evaluation,,,,,,,,Phase18N confirmatory reviewability packet; labels are not identity labels.
phase18n_dinov2_vitl14_blind_0438,dinov2_vitl14,confirmatory_stratified_blind_review,rank_11_20__similarity_low__quality_low__same_identity__admission_low,rank_11_20,similarity_low,quality_low,same_identity,admission_low,phase18a_czechlynx_1458,phase18a_czechlynx_2094,outputs/final_freeze/lynx-wild/images/czechlynx_1458__p16e_028452.jpg,outputs/final_freeze/lynx-wild/images/czechlynx_2094__p16e_028422.jpg,yes,18,0.90358573,0.193453,0.55,0.55,0.55,0.767925,0.0,0.665364,0.372779,review,evaluation,,,,,,,,Phase18N confirmatory reviewability packet; labels are not identity labels.
phase18n_dinov2_vitl14_blind_0439,dinov2_vitl14,confirmatory_stratified_blind_review,rank_02_05__similarity_low__quality_low__same_identity__admission_high,rank_02_05,similarity_low,quality_low,same_identity,admission_high,phase18a_czechlynx_1843,phase18a_czechlynx_1795,outputs/final_freeze/lynx-wild/images/czechlynx_1843__p16e_028431.jpg,outputs/final_freeze/lynx-wild/images/czechlynx_1795__p16e_028219.jpg,yes,5,0.93974167,0.604277,0.55,0.55,0.55,0.946187,0.0,0.75636,0.662068,review,evaluation,,,,,,,,Phase18N confirmatory reviewability packet; labels are not identity labels.
phase18n_dinov2_vitl14_blind_0440,dinov2_vitl14,confirmatory_stratified_blind_review,rank_01__similarity_mid__quality_low__different_identity__admission_low,rank_01,similarity_mid,quality_low,different_identity,admission_low,phase18a_czechlynx_2469,phase18a_czechlynx_2818,outputs/final_freeze/lynx-wild/images/czechlynx_2469__p16e_012207.jpg,outputs/final_freeze/lynx-wild/images/czechlynx_2818__p16e_017953.jpg,no,1,0.9448185,0.692545,0.52207,0.55,0.52207,0.616524,0.137416,0.633667,0.642688,review,evaluation,,,,,,,,Phase18N confirmatory reviewability packet; labels are not identity labels.
phase18n_dinov2_vitl14_blind_0441,dinov2_vitl14,confirmatory_stratified_blind_review,rank_06_10__similarity_mid__quality_low__different_identity__admission_low,rank_06_10,similarity_mid,quality_low,different_identity,admission_low,phase18a_czechlynx_2892,phase18a_czechlynx_1432,outputs/final_freeze/lynx-wild/images/czechlynx_2892__p16e_029884.jpg,outputs/final_freeze/lynx-wild/images/czechlynx_1432__p16e_029299.jpg,no,7,0.95071495,0.78143,0.55,0.55,0.55,0.57274,0.223471,0.624816,0.677222,review,evaluation,,,,,,,,Phase18N confirmatory reviewability packet; labels are not identity labels.
phase18n_dinov2_vitl14_blind_0442,dinov2_vitl14,confirmatory_stratified_blind_review,rank_06_10__similarity_mid__quality_low__same_identity__admission_mid,rank_06_10,similarity_mid,quality_low,same_identity,admission_mid,phase18a_czechlynx_1778,phase18a_czechlynx_2112,outputs/final_freeze/lynx-wild/images/czechlynx_1778__p16e_028357.jpg,outputs/final_freeze/lynx-wild/images/czechlynx_2112__p16e_028181.jpg,yes,10,0.9595077,0.895165,0.55,0.55,0.55,0.935382,0.210281,0.740367,0.794286,review,evaluation,,,,,,,,Phase18N confirmatory reviewability packet; labels are not identity labels.
phase18n_dinov2_vitl14_blind_0443,dinov2_vitl14,confirmatory_stratified_blind_review,rank_02_05__similarity_mid__quality_low__same_identity__admission_high,rank_02_05,similarity_mid,quality_low,same_identity,admission_high,phase18a_czechlynx_1732,phase18a_czechlynx_1849,outputs/final_freeze/lynx-wild/images/czechlynx_1732__p16e_028472.jpg,outputs/final_freeze/lynx-wild/images/czechlynx_1849__p16e_028459.jpg,yes,3,0.94581443,0.707595,0.55,0.55,0.55,0.945,0.019345,0.762491,0.724587,review,evaluation,,,,,,,,Phase18N confirmatory reviewability packet; labels are not identity labels.
phase18n_dinov2_vitl14_blind_0444,dinov2_vitl14,confirmatory_stratified_blind_review,rank_02_05__similarity_low__quality_low__different_identity__admission_mid,rank_02_05,similarity_low,quality_low,different_identity,admission_mid,phase18a_czechlynx_1981,phase18a_czechlynx_1796,outputs/final_freeze/lynx-wild/images/czechlynx_1981__p16e_042764.jpg,outputs/final_freeze/lynx-wild/images/czechlynx_1796__p16e_042760.jpg,no,2,0.93262863,0.486891,0.55,0.55,0.55,0.919024,0.0,0.737016,0.581939,review,evaluation,,,,,,,,Phase18N confirmatory reviewability packet; labels are not identity labels.
phase18n_dinov2_vitl14_blind_0445,dinov2_vitl14,confirmatory_stratified_blind_review,rank_01__similarity_low__quality_low__different_identity__admission_high,rank_01,similarity_low,quality_low,different_identity,admission_high,phase18a_czechlynx_1985,phase18a_czechlynx_1411,outputs/final_freeze/lynx-wild/images/czechlynx_1985__p16e_040699.jpg,outputs/final_freeze/lynx-wild/images/czechlynx_1411__p16e_042742.jpg,no,1,0.93974006,0.604227,0.55,0.55,0.55,0.925783,0.0,0.750642,0.659865,review,evaluation,,,,,,,,Phase18N confirmatory reviewability packet; labels are not identity labels.
phase18n_dinov2_vitl14_blind_0446,dinov2_vitl14,confirmatory_stratified_blind_review,rank_01__similarity_low__quality_low__different_identity__admission_mid,rank_01,similarity_low,quality_low,different_identity,admission_mid,phase18a_czechlynx_2467,phase18a_czechlynx_2355,outputs/final_freeze/lynx-wild/images/czechlynx_2467__p16e_040860.jpg,outputs/final_freeze/lynx-wild/images/czechlynx_2355__p16e_040691.jpg,no,1,0.92800081,0.41924,0.55,0.55,0.55,0.937413,0.0,0.7354,0.539381,review,evaluation,,,,,,,,Phase18N confirmatory reviewability packet; labels are not identity labels.
phase18n_dinov2_vitl14_blind_0447,dinov2_vitl14,confirmatory_stratified_blind_review,rank_01__similarity_low__quality_low__same_identity__admission_low,rank_01,similarity_low,quality_low,same_identity,admission_low,phase18a_czechlynx_1759,phase18a_czechlynx_2199,outputs/final_freeze/lynx-wild/images/czechlynx_1759__p16e_039112.jpg,outputs/final_freeze/lynx-wild/images/czechlynx_2199__p16e_039110.jpg,yes,1,0.936674,0.550959,0.55,0.55,0.55,0.719005,0.0,0.687417,0.602813,review,evaluation,,,,,,,,Phase18N confirmatory reviewability packet; labels are not identity labels.
phase18n_dinov2_vitl14_blind_0448,dinov2_vitl14,confirmatory_stratified_blind_review,rank_06_10__similarity_mid__quality_low__same_identity__admission_mid,rank_06_10,similarity_mid,quality_low,same_identity,admission_mid,phase18a_czechlynx_1693,phase18a_czechlynx_1802,outputs/final_freeze/lynx-wild/images/czechlynx_1693__p16e_028177.jpg,outputs/final_freeze/lynx-wild/images/czechlynx_1802__p16e_028444.jpg,yes,10,0.95865726,0.885431,0.55,0.55,0.55,0.951316,0.194971,0.746917,0.793802,review,evaluation,,,,,,,,Phase18N confirmatory reviewability packet; labels are not identity labels.
phase18n_dinov2_vitl14_blind_0449,dinov2_vitl14,confirmatory_stratified_blind_review,rank_02_05__similarity_mid__quality_low__different_identity__admission_high,rank_02_05,similarity_mid,quality_low,different_identity,admission_high,phase18a_czechlynx_2645,phase18a_czechlynx_2820,outputs/final_freeze/lynx-wild/images/czechlynx_2645__p16e_034259.jpg,outputs/final_freeze/lynx-wild/images/czechlynx_2820__p16e_037054.jpg,no,4,0.95399576,0.828447,0.55,0.55,0.55,0.968315,0.132037,0.758566,0.775485,review,evaluation,,,,,,,,Phase18N confirmatory reviewability packet; labels are not identity labels.
phase18n_dinov2_vitl14_blind_0450,dinov2_vitl14,confirmatory_stratified_blind_review,rank_02_05__similarity_mid__quality_low__same_identity__admission_low,rank_02_05,similarity_mid,quality_low,same_identity,admission_low,phase18a_czechlynx_2817,phase18a_czechlynx_2236,outputs/final_freeze/lynx-wild/images/czechlynx_2817__p16e_044124.jpg,outputs/final_freeze/lynx-wild/images/czechlynx_2236__p16e_045033.jpg,yes,2,0.96300578,0.925782,0.55,0.55,0.55,0.700341,0.323163,0.655041,0.758268,review,evaluation,,,,,,,,Phase18N confirmatory reviewability packet; labels are not identity labels.
phase18n_dinov2_vitl14_blind_0451,dinov2_vitl14,confirmatory_stratified_blind_review,rank_11_20__similarity_mid__quality_low__different_identity__admission_low,rank_11_20,similarity_mid,quality_low,different_identity,admission_low,phase18a_czechlynx_2517,phase18a_czechlynx_2953,outputs/final_freeze/lynx-wild/images/czechlynx_2517__p16e_045622.jpg,outputs/final_freeze/lynx-wild/images/czechlynx_2953__p16e_036890.jpg,no,13,0.9516747,0.79598,0.55,0.55,0.55,0.682199,0.19971,0.661672,0.705001,review,evaluation,,,,,,,,Phase18N confirmatory reviewability packet; labels are not identity labels.
phase18n_dinov2_vitl14_blind_0452,dinov2_vitl14,confirmatory_stratified_blind_review,rank_02_05__similarity_low__quality_low__different_identity__admission_mid,rank_02_05,similarity_low,quality_low,different_identity,admission_mid,phase18a_czechlynx_1745,phase18a_czechlynx_2258,outputs/final_freeze/lynx-wild/images/czechlynx_1745__p16e_037603.jpg,outputs/final_freeze/lynx-wild/images/czechlynx_2258__p16e_039781.jpg,no,3,0.93389153,0.506375,0.55,0.55,0.55,0.939445,0.0,0.744682,0.596932,review,evaluation,,,,,,,,Phase18N confirmatory reviewability packet; labels are not identity labels.
phase18n_dinov2_vitl14_blind_0453,dinov2_vitl14,confirmatory_stratified_blind_review,rank_01__similarity_mid__quality_low__same_identity__admission_low,rank_01,similarity_mid,quality_low,same_identity,admission_low,phase18a_czechlynx_1587,phase18a_czechlynx_1324,outputs/final_freeze/lynx-wild/images/czechlynx_1587__p16e_028517.jpg,outputs/final_freeze/lynx-wild/images/czechlynx_1324__p16e_028504.jpg,yes,1,0.95896065,0.889465,0.55,0.55,0.55,0.877492,0.224843,0.720676,0.780356,review,evaluation,,,,,,,,Phase18N confirmatory reviewability packet; labels are not identity labels.
phase18n_dinov2_vitl14_blind_0454,dinov2_vitl14,confirmatory_stratified_blind_review,rank_01__similarity_low__quality_low__same_identity__admission_mid,rank_01,similarity_low,quality_low,same_identity,admission_mid,phase18a_czechlynx_1480,phase18a_czechlynx_1380,outputs/final_freeze/lynx-wild/images/czechlynx_1480__p16e_032537.jpg,outputs/final_freeze/lynx-wild/images/czechlynx_1380__p16e_034377.jpg,yes,1,0.94175518,0.641061,0.55,0.55,0.55,0.900048,0.0,0.74712,0.681363,review,evaluation,,,,,,,,Phase18N confirmatory reviewability packet; labels are not identity labels.
phase18n_dinov2_vitl14_blind_0455,dinov2_vitl14,confirmatory_stratified_blind_review,rank_02_05__similarity_mid__quality_low__different_identity__admission_mid,rank_02_05,similarity_mid,quality_low,different_identity,admission_mid,phase18a_czechlynx_2521,phase18a_czechlynx_2477,outputs/final_freeze/lynx-wild/images/czechlynx_2521__p16e_035354.jpg,outputs/final_freeze/lynx-wild/images/czechlynx_2477__p16e_043003.jpg,no,5,0.95582438,0.850714,0.55,0.55,0.55,0.893322,0.180551,0.730091,0.768767,review,evaluation,,,,,,,,Phase18N confirmatory reviewability packet; labels are not identity labels.
phase18n_dinov2_vitl14_blind_0456,dinov2_vitl14,confirmatory_stratified_blind_review,rank_02_05__similarity_low__quality_low__different_identity__admission_mid,rank_02_05,similarity_low,quality_low,different_identity,admission_mid,phase18a_czechlynx_1708,phase18a_czechlynx_1523,outputs/final_freeze/lynx-wild/images/czechlynx_1708__p16e_035036.jpg,outputs/final_freeze/lynx-wild/images/czechlynx_1523__p16e_043065.jpg,no,5,0.92984891,0.444691,0.55,0.55,0.55,0.955032,0.0,0.742878,0.558002,review,evaluation,,,,,,,,Phase18N confirmatory reviewability packet; labels are not identity labels.
phase18n_dinov2_vitl14_blind_0457,dinov2_vitl14,confirmatory_stratified_blind_review,rank_02_05__similarity_low__quality_low__different_identity__admission_low,rank_02_05,similarity_low,quality_low,different_identity,admission_low,phase18a_czechlynx_2030,phase18a_czechlynx_2095,outputs/final_freeze/lynx-wild/images/czechlynx_2030__p16e_032529.jpg,outputs/final_freeze/lynx-wild/images/czechlynx_2095__p16e_024847.jpg,no,3,0.87430882,0.098785,0.55,0.55,0.55,0.843631,0.0,0.677095,0.318543,review,evaluation,,,,,,,,Phase18N confirmatory reviewability packet; labels are not identity labels.
phase18n_dinov2_vitl14_blind_0458,dinov2_vitl14,confirmatory_stratified_blind_review,rank_01__similarity_low__quality_low__same_identity__admission_low,rank_01,similarity_low,quality_low,same_identity,admission_low,phase18a_czechlynx_2822,phase18a_czechlynx_2792,outputs/final_freeze/lynx-wild/images/czechlynx_2822__p16e_028814.jpg,outputs/final_freeze/lynx-wild/images/czechlynx_2792__p16e_028779.jpg,yes,1,0.92757165,0.41349,0.55,0.55,0.55,0.878983,0.0,0.718464,0.52938,review,evaluation,,,,,,,,Phase18N confirmatory reviewability packet; labels are not identity labels.
phase18n_dinov2_vitl14_blind_0459,dinov2_vitl14,confirmatory_stratified_blind_review,rank_02_05__similarity_low__quality_low__different_identity__admission_high,rank_02_05,similarity_low,quality_low,different_identity,admission_high,phase18a_czechlynx_1359,phase18a_czechlynx_1461,outputs/final_freeze/lynx-wild/images/czechlynx_1359__p16e_028131.jpg,outputs/final_freeze/lynx-wild/images/czechlynx_1461__p16e_019023.jpg,no,2,0.93845147,0.581126,0.55,0.55,0.55,0.993912,0.0,0.767408,0.651913,review,evaluation,,,,,,,,Phase18N confirmatory reviewability packet; labels are not identity labels.
phase18n_dinov2_vitl14_blind_0460,dinov2_vitl14,confirmatory_stratified_blind_review,rank_11_20__similarity_low__quality_low__same_identity__admission_low,rank_11_20,similarity_low,quality_low,same_identity,admission_low,phase18a_czechlynx_1687,phase18a_czechlynx_1301,outputs/final_freeze/lynx-wild/images/czechlynx_1687__p16e_028447.jpg,outputs/final_freeze/lynx-wild/images/czechlynx_1301__p16e_028554.jpg,yes,13,0.91143763,0.241371,0.55,0.55,0.55,0.75687,0.0,0.667061,0.403133,review,evaluation,,,,,,,,Phase18N confirmatory reviewability packet; labels are not identity labels.
phase18n_dinov2_vitl14_blind_0461,dinov2_vitl14,confirmatory_stratified_blind_review,rank_06_10__similarity_mid__quality_low__different_identity__admission_mid,rank_06_10,similarity_mid,quality_low,different_identity,admission_mid,phase18a_czechlynx_2530,phase18a_czechlynx_2565,outputs/final_freeze/lynx-wild/images/czechlynx_2530__p16e_045919.jpg,outputs/final_freeze/lynx-wild/images/czechlynx_2565__p16e_036313.jpg,no,6,0.94928581,0.760463,0.55,0.55,0.55,0.860179,0.1019,0.727516,0.727563,review,evaluation,,,,,,,,Phase18N confirmatory reviewability packet; labels are not identity labels.
phase18n_dinov2_vitl14_blind_0462,dinov2_vitl14,confirmatory_stratified_blind_review,rank_02_05__similarity_low__quality_low__same_identity__admission_mid,rank_02_05,similarity_low,quality_low,same_identity,admission_mid,phase18a_czechlynx_2066,phase18a_czechlynx_1697,outputs/final_freeze/lynx-wild/images/czechlynx_2066__p16e_028421.jpg,outputs/final_freeze/lynx-wild/images/czechlynx_1697__p16e_028430.jpg,yes,4,0.93331861,0.497042,0.55,0.55,0.55,0.888331,0.0,0.729437,0.585352,review,evaluation,,,,,,,,Phase18N confirmatory reviewability packet; labels are not identity labels.
phase18n_dinov2_vitl14_blind_0463,dinov2_vitl14,confirmatory_stratified_blind_review,rank_01__similarity_low__quality_low__different_identity__admission_low,rank_01,similarity_low,quality_low,different_identity,admission_low,phase18a_czechlynx_2421,phase18a_czechlynx_2887,outputs/final_freeze/lynx-wild/images/czechlynx_2421__p16e_044880.jpg,outputs/final_freeze/lynx-wild/images/czechlynx_2887__p16e_012351.jpg,no,1,0.92320096,0.357439,0.55,0.55,0.55,0.708377,0.0,0.665089,0.474346,review,evaluation,,,,,,,,Phase18N confirmatory reviewability packet; labels are not identity labels.
phase18n_dinov2_vitl14_blind_0464,dinov2_vitl14,confirmatory_stratified_blind_review,rank_02_05__similarity_low__quality_low__different_identity__admission_mid,rank_02_05,similarity_low,quality_low,different_identity,admission_mid,phase18a_czechlynx_2131,phase18a_czechlynx_1968,outputs/final_freeze/lynx-wild/images/czechlynx_2131__p16e_045629.jpg,outputs/final_freeze/lynx-wild/images/czechlynx_1968__p16e_045313.jpg,no,3,0.94152188,0.636477,0.55,0.55,0.55,0.878572,0.0,0.740648,0.676062,review,evaluation,,,,,,,,Phase18N confirmatory reviewability packet; labels are not identity labels.
phase18n_dinov2_vitl14_blind_0465,dinov2_vitl14,confirmatory_stratified_blind_review,rank_01__similarity_low__quality_low__different_identity__admission_low,rank_01,similarity_low,quality_low,different_identity,admission_low,phase18a_czechlynx_2331,phase18a_czechlynx_1411,outputs/final_freeze/lynx-wild/images/czechlynx_2331__p16e_045945.jpg,outputs/final_freeze/lynx-wild/images/czechlynx_1411__p16e_042742.jpg,no,1,0.85046297,0.063168,0.55,0.55,0.55,0.676896,0.0,0.626848,0.277366,review,evaluation,,,,,,,,Phase18N confirmatory reviewability packet; labels are not identity labels.
phase18n_dinov2_vitl14_blind_0466,dinov2_vitl14,confirmatory_stratified_blind_review,rank_01__similarity_low__quality_low__same_identity__admission_high,rank_01,similarity_low,quality_low,same_identity,admission_high,phase18a_czechlynx_2026,phase18a_czechlynx_1326,outputs/final_freeze/lynx-wild/images/czechlynx_2026__p16e_024651.jpg,outputs/final_freeze/lynx-wild/images/czechlynx_1326__p16e_024497.jpg,yes,1,0.93711615,0.558593,0.55,0.55,0.55,0.950429,0.0,0.752979,0.632459,review,evaluation,,,,,,,,Phase18N confirmatory reviewability packet; labels are not identity labels.
phase18n_dinov2_vitl14_blind_0467,dinov2_vitl14,confirmatory_stratified_blind_review,rank_11_20__similarity_low__quality_low__same_identity__admission_low,rank_11_20,similarity_low,quality_low,same_identity,admission_low,phase18a_czechlynx_2053,phase18a_czechlynx_1848,outputs/final_freeze/lynx-wild/images/czechlynx_2053__p16e_028439.jpg,outputs/final_freeze/lynx-wild/images/czechlynx_1848__p16e_028458.jpg,yes,12,0.90663105,0.20912,0.55,0.55,0.55,0.967711,0.0,0.722871,0.404345,review,evaluation,,,,,,,,Phase18N confirmatory reviewability packet; labels are not identity labels.
phase18n_dinov2_vitl14_blind_0468,dinov2_vitl14,confirmatory_stratified_blind_review,rank_01__similarity_mid__quality_low__same_identity__admission_low,rank_01,similarity_mid,quality_low,same_identity,admission_low,phase18a_czechlynx_2774,phase18a_czechlynx_2832,outputs/final_freeze/lynx-wild/images/czechlynx_2774__p16e_008367.jpg,outputs/final_freeze/lynx-wild/images/czechlynx_2832__p16e_007699.jpg,yes,1,0.95950615,0.895132,0.55,0.55,0.55,0.81036,0.254006,0.696613,0.768893,review,evaluation,,,,,,,,Phase18N confirmatory reviewability packet; labels are not identity labels.
phase18n_dinov2_vitl14_blind_0469,dinov2_vitl14,confirmatory_stratified_blind_review,rank_06_10__similarity_low__quality_low__same_identity__admission_low,rank_06_10,similarity_low,quality_low,same_identity,admission_low,phase18a_czechlynx_2041,phase18a_czechlynx_1863,outputs/final_freeze/lynx-wild/images/czechlynx_2041__p16e_028414.jpg,outputs/final_freeze/lynx-wild/images/czechlynx_1863__p16e_028488.jpg,yes,10,0.91848576,0.305272,0.55,0.55,0.55,0.913068,0.0,0.717186,0.461799,review,evaluation,,,,,,,,Phase18N confirmatory reviewability packet; labels are not identity labels.
phase18n_dinov2_vitl14_blind_0470,dinov2_vitl14,confirmatory_stratified_blind_review,rank_02_05__similarity_mid__quality_low__same_identity__admission_high,rank_02_05,similarity_mid,quality_low,same_identity,admission_high,phase18a_czechlynx_1686,phase18a_czechlynx_1794,outputs/final_freeze/lynx-wild/images/czechlynx_1686__p16e_028529.jpg,outputs/final_freeze/lynx-wild/images/czechlynx_1794__p16e_028530.jpg,yes,2,0.96175873,0.915599,0.55,0.55,0.55,0.998092,0.208766,0.760272,0.814821,review,evaluation,,,,,,,,Phase18N confirmatory reviewability packet; labels are not identity labels.
phase18n_dinov2_vitl14_blind_0471,dinov2_vitl14,confirmatory_stratified_blind_review,rank_01__similarity_mid__quality_low__same_identity__admission_low,rank_01,similarity_mid,quality_low,same_identity,admission_low,phase18a_czechlynx_1717,phase18a_czechlynx_2982,outputs/final_freeze/lynx-wild/images/czechlynx_1717__p16e_042492.jpg,outputs/final_freeze/lynx-wild/images/czechlynx_2982__p16e_030718.jpg,yes,1,0.94762641,0.736829,0.55,0.55,0.55,0.670351,0.144706,0.66344,0.68,review,evaluation,,,,,,,,Phase18N confirmatory reviewability packet; labels are not identity labels.
phase18n_dinov2_vitl14_blind_0472,dinov2_vitl14,confirmatory_stratified_blind_review,rank_11_20__similarity_low__quality_low__different_identity__admission_mid,rank_11_20,similarity_low,quality_low,different_identity,admission_mid,phase18a_czechlynx_2728,phase18a_czechlynx_2789,outputs/final_freeze/lynx-wild/images/czechlynx_2728__p16e_045628.jpg,outputs/final_freeze/lynx-wild/images/czechlynx_2789__p16e_045317.jpg,no,17,0.92193353,0.342106,0.55,0.55,0.55,0.984043,0.0,0.740743,0.493588,review,evaluation,,,,,,,,Phase18N confirmatory reviewability packet; labels are not identity labels.
phase18n_dinov2_vitl14_blind_0473,dinov2_vitl14,confirmatory_stratified_blind_review,rank_11_20__similarity_high__quality_low__same_identity__admission_low,rank_11_20,similarity_high,quality_low,same_identity,admission_low,phase18a_czechlynx_1986,phase18a_czechlynx_1949,outputs/final_freeze/lynx-wild/images/czechlynx_1986__p16e_028182.jpg,outputs/final_freeze/lynx-wild/images/czechlynx_1949__p16e_028387.jpg,yes,17,0.9646796,0.936932,0.55,0.55,0.55,0.899752,0.264519,0.72372,0.803008,review,evaluation,,,,,,,,Phase18N confirmatory reviewability packet; labels are not identity labels.
phase18n_dinov2_vitl14_blind_0474,dinov2_vitl14,confirmatory_stratified_blind_review,rank_02_05__similarity_low__quality_low__same_identity__admission_high,rank_02_05,similarity_low,quality_low,same_identity,admission_high,phase18a_czechlynx_2066,phase18a_czechlynx_2032,outputs/final_freeze/lynx-wild/images/czechlynx_2066__p16e_028421.jpg,outputs/final_freeze/lynx-wild/images/czechlynx_2032__p16e_028450.jpg,yes,3,0.93867981,0.584976,0.55,0.55,0.55,0.938345,0.0,0.752234,0.648534,review,evaluation,,,,,,,,Phase18N confirmatory reviewability packet; labels are not identity labels.
phase18n_dinov2_vitl14_blind_0475,dinov2_vitl14,confirmatory_stratified_blind_review,rank_11_20__similarity_mid__quality_low__different_identity__admission_mid,rank_11_20,similarity_mid,quality_low,different_identity,admission_mid,phase18a_czechlynx_2101,phase18a_czechlynx_2593,outputs/final_freeze/lynx-wild/images/czechlynx_2101__p16e_043454.jpg,outputs/final_freeze/lynx-wild/images/czechlynx_2593__p16e_042545.jpg,no,20,0.95514733,0.842531,0.55,0.55,0.55,0.898066,0.170708,0.73257,0.766604,review,evaluation,,,,,,,,Phase18N confirmatory reviewability packet; labels are not identity labels.
phase18n_dinov2_vitl14_blind_0476,dinov2_vitl14,confirmatory_stratified_blind_review,rank_02_05__similarity_high__quality_low__same_identity__admission_mid,rank_02_05,similarity_high,quality_low,same_identity,admission_mid,phase18a_czechlynx_1714,phase18a_czechlynx_1408,outputs/final_freeze/lynx-wild/images/czechlynx_1714__p16e_028279.jpg,outputs/final_freeze/lynx-wild/images/czechlynx_1408__p16e_028250.jpg,yes,2,0.98082113,0.989683,0.55,0.55,0.55,0.949368,0.299904,0.735811,0.833231,review,evaluation,,,,,,,,Phase18N confirmatory reviewability packet; labels are not identity labels.
phase18n_dinov2_vitl14_blind_0477,dinov2_vitl14,confirmatory_stratified_blind_review,rank_01__similarity_high__quality_low__same_identity__admission_high,rank_01,similarity_high,quality_low,same_identity,admission_high,phase18a_czechlynx_1902,phase18a_czechlynx_1880,outputs/final_freeze/lynx-wild/images/czechlynx_1902__p16e_028427.jpg,outputs/final_freeze/lynx-wild/images/czechlynx_1880__p16e_028426.jpg,yes,1,0.99845159,0.99985,0.55,0.55,0.55,0.998987,0.292705,0.75216,0.847187,review,evaluation,,,,,,,,Phase18N confirmatory reviewability packet; labels are not identity labels.
phase18n_dinov2_vitl14_blind_0478,dinov2_vitl14,confirmatory_stratified_blind_review,rank_02_05__similarity_low__quality_low__different_identity__admission_mid,rank_02_05,similarity_low,quality_low,different_identity,admission_mid,phase18a_czechlynx_2846,phase18a_czechlynx_2192,outputs/final_freeze/lynx-wild/images/czechlynx_2846__p16e_036195.jpg,outputs/final_freeze/lynx-wild/images/czechlynx_2192__p16e_022449.jpg,no,3,0.93744767,0.564026,0.55,0.55,0.55,0.869434,0.0,0.730844,0.627417,review,evaluation,,,,,,,,Phase18N confirmatory reviewability packet; labels are not identity labels.
phase18n_dinov2_vitl14_blind_0479,dinov2_vitl14,confirmatory_stratified_blind_review,rank_06_10__similarity_high__quality_low__same_identity__admission_mid,rank_06_10,similarity_high,quality_low,same_identity,admission_mid,phase18a_czechlynx_1802,phase18a_czechlynx_1907,outputs/final_freeze/lynx-wild/images/czechlynx_1802__p16e_028444.jpg,outputs/final_freeze/lynx-wild/images/czechlynx_1907__p16e_028184.jpg,yes,6,0.97548544,0.980333,0.55,0.55,0.55,0.946883,0.291424,0.735876,0.829155,review,evaluation,,,,,,,,Phase18N confirmatory reviewability packet; labels are not identity labels.
phase18n_dinov2_vitl14_blind_0480,dinov2_vitl14,confirmatory_stratified_blind_review,rank_11_20__similarity_low__quality_low__different_identity__admission_high,rank_11_20,similarity_low,quality_low,different_identity,admission_high,phase18a_czechlynx_1852,phase18a_czechlynx_1332,outputs/final_freeze/lynx-wild/images/czechlynx_1852__p16e_028146.jpg,outputs/final_freeze/lynx-wild/images/czechlynx_1332__p16e_019021.jpg,no,13,0.93775314,0.569126,0.55,0.55,0.55,0.986797,0.0,0.764216,0.64326,review,evaluation,,,,,,,,Phase18N confirmatory reviewability packet; labels are not identity labels.
phase18n_dinov2_vitl14_blind_0481,dinov2_vitl14,confirmatory_stratified_blind_review,rank_11_20__similarity_mid__quality_low__same_identity__admission_high,rank_11_20,similarity_mid,quality_low,same_identity,admission_high,phase18a_czechlynx_2091,phase18a_czechlynx_1513,outputs/final_freeze/lynx-wild/images/czechlynx_2091__p16e_028463.jpg,outputs/final_freeze/lynx-wild/images/czechlynx_1513__p16e_028160.jpg,yes,17,0.95189357,0.79893,0.55,0.55,0.55,0.996027,0.092821,0.771216,0.769834,review,evaluation,,,,,,,,Phase18N confirmatory reviewability packet; labels are not identity labels.
phase18n_dinov2_vitl14_blind_0482,dinov2_vitl14,confirmatory_stratified_blind_review,rank_02_05__similarity_low__quality_low__different_identity__admission_low,rank_02_05,similarity_low,quality_low,different_identity,admission_low,phase18a_czechlynx_2848,phase18a_czechlynx_2721,outputs/final_freeze/lynx-wild/images/czechlynx_2848__p16e_008691.jpg,outputs/final_freeze/lynx-wild/images/czechlynx_2721__p16e_017267.jpg,no,2,0.59190595,0.008917,0.55,0.55,0.55,0.935607,0.0,0.693862,0.269196,review,evaluation,,,,,,,,Phase18N confirmatory reviewability packet; labels are not identity labels.
phase18n_dinov2_vitl14_blind_0483,dinov2_vitl14,confirmatory_stratified_blind_review,rank_11_20__similarity_mid__quality_low__same_identity__admission_mid,rank_11_20,similarity_mid,quality_low,same_identity,admission_mid,phase18a_czechlynx_1751,phase18a_czechlynx_1671,outputs/final_freeze/lynx-wild/images/czechlynx_1751__p16e_028142.jpg,outputs/final_freeze/lynx-wild/images/czechlynx_1671__p16e_028231.jpg,yes,20,0.96273929,0.923599,0.55,0.55,0.55,0.907978,0.248306,0.727933,0.799585,review,evaluation,,,,,,,,Phase18N confirmatory reviewability packet; labels are not identity labels.
phase18n_dinov2_vitl14_blind_0484,dinov2_vitl14,confirmatory_stratified_blind_review,rank_01__similarity_high__quality_low__same_identity__admission_low,rank_01,similarity_high,quality_low,same_identity,admission_low,phase18a_czechlynx_2817,phase18a_czechlynx_2748,outputs/final_freeze/lynx-wild/images/czechlynx_2817__p16e_044124.jpg,outputs/final_freeze/lynx-wild/images/czechlynx_2748__p16e_045026.jpg,yes,1,0.96721733,0.952249,0.55,0.55,0.55,0.819148,0.308047,0.693977,0.792496,review,evaluation,,,,,,,,Phase18N confirmatory reviewability packet; labels are not identity labels.
phase18n_dinov2_vitl14_blind_0485,dinov2_vitl14,confirmatory_stratified_blind_review,rank_02_05__similarity_mid__quality_low__different_identity__admission_mid,rank_02_05,similarity_mid,quality_low,different_identity,admission_mid,phase18a_czechlynx_2074,phase18a_czechlynx_2139,outputs/final_freeze/lynx-wild/images/czechlynx_2074__p16e_028706.jpg,outputs/final_freeze/lynx-wild/images/czechlynx_2139__p16e_020263.jpg,no,2,0.95370197,0.825114,0.55,0.55,0.55,0.902436,0.151761,0.735841,0.760838,review,evaluation,,,,,,,,Phase18N confirmatory reviewability packet; labels are not identity labels.
phase18n_dinov2_vitl14_blind_0486,dinov2_vitl14,confirmatory_stratified_blind_review,rank_11_20__similarity_high__quality_low__same_identity__admission_high,rank_11_20,similarity_high,quality_low,same_identity,admission_high,phase18a_czechlynx_1842,phase18a_czechlynx_1657,outputs/final_freeze/lynx-wild/images/czechlynx_1842__p16e_028300.jpg,outputs/final_freeze/lynx-wild/images/czechlynx_1657__p16e_028332.jpg,yes,13,0.97070396,0.967149,0.55,0.55,0.55,0.987438,0.264046,0.751388,0.832351,review,evaluation,,,,,,,,Phase18N confirmatory reviewability packet; labels are not identity labels.
phase18n_dinov2_vitl14_blind_0487,dinov2_vitl14,confirmatory_stratified_blind_review,rank_06_10__similarity_high__quality_low__same_identity__admission_low,rank_06_10,similarity_high,quality_low,same_identity,admission_low,phase18a_czechlynx_1838,phase18a_czechlynx_1633,outputs/final_freeze/lynx-wild/images/czechlynx_1838__p16e_028176.jpg,outputs/final_freeze/lynx-wild/images/czechlynx_1633__p16e_028523.jpg,yes,7,0.96491075,0.938616,0.55,0.55,0.55,0.840656,0.286886,0.702868,0.791654,review,evaluation,,,,,,,,Phase18N confirmatory reviewability packet; labels are not identity labels.
phase18n_dinov2_vitl14_blind_0488,dinov2_vitl14,confirmatory_stratified_blind_review,rank_01__similarity_mid__quality_low__different_identity__admission_low,rank_01,similarity_mid,quality_low,different_identity,admission_low,phase18a_czechlynx_2669,phase18a_czechlynx_2844,outputs/final_freeze/lynx-wild/images/czechlynx_2669__p16e_035573.jpg,outputs/final_freeze/lynx-wild/images/czechlynx_2844__p16e_044144.jpg,no,1,0.94649976,0.719029,0.55,0.55,0.55,0.823512,0.073299,0.718826,0.704292,review,evaluation,,,,,,,,Phase18N confirmatory reviewability packet; labels are not identity labels.
phase18n_dinov2_vitl14_blind_0489,dinov2_vitl14,confirmatory_stratified_blind_review,rank_02_05__similarity_low__quality_low__same_identity__admission_low,rank_02_05,similarity_low,quality_low,same_identity,admission_low,phase18a_czechlynx_1694,phase18a_czechlynx_1833,outputs/final_freeze/lynx-wild/images/czechlynx_1694__p16e_028048.jpg,outputs/final_freeze/lynx-wild/images/czechlynx_1833__p16e_028145.jpg,yes,5,0.93117768,0.464674,0.55,0.55,0.55,0.864472,0.0,0.71952,0.561516,review,evaluation,,,,,,,,Phase18N confirmatory reviewability packet; labels are not identity labels.
phase18n_dinov2_vitl14_blind_0490,dinov2_vitl14,confirmatory_stratified_blind_review,rank_02_05__similarity_low__quality_low__same_identity__admission_low,rank_02_05,similarity_low,quality_low,same_identity,admission_low,phase18a_czechlynx_1749,phase18a_czechlynx_1607,outputs/final_freeze/lynx-wild/images/czechlynx_1749__p16e_028567.jpg,outputs/final_freeze/lynx-wild/images/czechlynx_1607__p16e_028492.jpg,yes,5,0.92354548,0.361789,0.55,0.55,0.55,0.864713,0.0,0.709299,0.493843,review,evaluation,,,,,,,,Phase18N confirmatory reviewability packet; labels are not identity labels.
phase18n_dinov2_vitl14_blind_0491,dinov2_vitl14,confirmatory_stratified_blind_review,rank_06_10__similarity_low__quality_low__same_identity__admission_low,rank_06_10,similarity_low,quality_low,same_identity,admission_low,phase18a_czechlynx_1860,phase18a_czechlynx_1759,outputs/final_freeze/lynx-wild/images/czechlynx_1860__p16e_039109.jpg,outputs/final_freeze/lynx-wild/images/czechlynx_1759__p16e_039112.jpg,yes,6,0.93384534,0.505708,0.55,0.55,0.55,0.80804,0.0,0.707822,0.582512,review,evaluation,,,,,,,,Phase18N confirmatory reviewability packet; labels are not identity labels.
phase18n_dinov2_vitl14_blind_0492,dinov2_vitl14,confirmatory_stratified_blind_review,rank_02_05__similarity_mid__quality_low__same_identity__admission_mid,rank_02_05,similarity_mid,quality_low,same_identity,admission_mid,phase18a_czechlynx_1650,phase18a_czechlynx_1552,outputs/final_freeze/lynx-wild/images/czechlynx_1650__p16e_028366.jpg,outputs/final_freeze/lynx-wild/images/czechlynx_1552__p16e_028436.jpg,yes,3,0.95721614,0.868514,0.55,0.55,0.55,0.951022,0.178157,0.748506,0.78728,review,evaluation,,,,,,,,Phase18N confirmatory reviewability packet; labels are not identity labels.
phase18n_dinov2_vitl14_blind_0493,dinov2_vitl14,confirmatory_stratified_blind_review,rank_02_05__similarity_mid__quality_low__same_identity__admission_low,rank_02_05,similarity_mid,quality_low,same_identity,admission_low,phase18a_czechlynx_1287,phase18a_czechlynx_1935,outputs/final_freeze/lynx-wild/images/czechlynx_1287__p16e_028549.jpg,outputs/final_freeze/lynx-wild/images/czechlynx_1935__p16e_028445.jpg,yes,3,0.95779574,0.875981,0.55,0.55,0.55,0.878412,0.211037,0.722346,0.775392,review,evaluation,,,,,,,,Phase18N confirmatory reviewability packet; labels are not identity labels.
phase18n_dinov2_vitl14_blind_0494,dinov2_vitl14,confirmatory_stratified_blind_review,rank_06_10__similarity_high__quality_low__same_identity__admission_low,rank_06_10,similarity_high,quality_low,same_identity,admission_low,phase18a_czechlynx_2112,phase18a_czechlynx_1595,outputs/final_freeze/lynx-wild/images/czechlynx_2112__p16e_028181.jpg,outputs/final_freeze/lynx-wild/images/czechlynx_1595__p16e_028407.jpg,yes,9,0.96847981,0.958299,0.55,0.55,0.55,0.832906,0.309282,0.698187,0.7976,review,evaluation,,,,,,,,Phase18N confirmatory reviewability packet; labels are not identity labels.
phase18n_dinov2_vitl14_blind_0495,dinov2_vitl14,confirmatory_stratified_blind_review,rank_02_05__similarity_mid__quality_low__same_identity__admission_high,rank_02_05,similarity_mid,quality_low,same_identity,admission_high,phase18a_czechlynx_1697,phase18a_czechlynx_1956,outputs/final_freeze/lynx-wild/images/czechlynx_1697__p16e_028430.jpg,outputs/final_freeze/lynx-wild/images/czechlynx_1956__p16e_028214.jpg,yes,2,0.95609909,0.854481,0.55,0.55,0.55,0.948799,0.164901,0.749132,0.781468,review,evaluation,,,,,,,,Phase18N confirmatory reviewability packet; labels are not identity labels.
phase18n_dinov2_vitl14_blind_0496,dinov2_vitl14,confirmatory_stratified_blind_review,rank_06_10__similarity_low__quality_low__different_identity__admission_mid,rank_06_10,similarity_low,quality_low,different_identity,admission_mid,phase18a_czechlynx_1759,phase18a_czechlynx_2602,outputs/final_freeze/lynx-wild/images/czechlynx_1759__p16e_039112.jpg,outputs/final_freeze/lynx-wild/images/czechlynx_2602__p16e_032538.jpg,no,8,0.91599,0.280238,0.55,0.55,0.55,0.955428,0.0,0.726544,0.449834,review,evaluation,,,,,,,,Phase18N confirmatory reviewability packet; labels are not identity labels.
phase18n_dinov2_vitl14_blind_0497,dinov2_vitl14,confirmatory_stratified_blind_review,rank_02_05__similarity_high__quality_low__different_identity__admission_mid,rank_02_05,similarity_high,quality_low,different_identity,admission_mid,phase18a_czechlynx_2136,phase18a_czechlynx_2277,outputs/final_freeze/lynx-wild/images/czechlynx_2136__p16e_036185.jpg,outputs/final_freeze/lynx-wild/images/czechlynx_2277__p16e_006502.jpg,no,2,0.96512997,0.940099,0.55,0.55,0.55,0.90475,0.265937,0.725153,0.805232,review,evaluation,,,,,,,,Phase18N confirmatory reviewability packet; labels are not identity labels.
phase18n_dinov2_vitl14_blind_0498,dinov2_vitl14,confirmatory_stratified_blind_review,rank_06_10__similarity_mid__quality_low__different_identity__admission_low,rank_06_10,similarity_mid,quality_low,different_identity,admission_low,phase18a_czechlynx_2074,phase18a_czechlynx_0032,outputs/final_freeze/lynx-wild/images/czechlynx_2074__p16e_028706.jpg,outputs/final_freeze/lynx-wild/images/czechlynx_0032__czlx_phase6_v2_0265.jpg,no,7,0.95041835,0.77683,0.55,0.439355,0.439355,0.618376,0.274817,0.580394,0.647221,review,evaluation,,,,,,,,Phase18N confirmatory reviewability packet; labels are not identity labels.
phase18n_dinov2_vitl14_blind_0499,dinov2_vitl14,confirmatory_stratified_blind_review,rank_06_10__similarity_low__quality_low__different_identity__admission_high,rank_06_10,similarity_low,quality_low,different_identity,admission_high,phase18a_czechlynx_1598,phase18a_czechlynx_1872,outputs/final_freeze/lynx-wild/images/czechlynx_1598__p16e_039724.jpg,outputs/final_freeze/lynx-wild/images/czechlynx_1872__p16e_045215.jpg,no,9,0.93979132,0.605143,0.55,0.55,0.55,0.981418,0.0,0.766311,0.666387,review,evaluation,,,,,,,,Phase18N confirmatory reviewability packet; labels are not identity labels.
phase18n_dinov2_vitl14_blind_0500,dinov2_vitl14,confirmatory_stratified_blind_review,rank_06_10__similarity_low__quality_low__different_identity__admission_high,rank_06_10,similarity_low,quality_low,different_identity,admission_high,phase18a_czechlynx_2131,phase18a_czechlynx_1920,outputs/final_freeze/lynx-wild/images/czechlynx_2131__p16e_045629.jpg,outputs/final_freeze/lynx-wild/images/czechlynx_1920__p16e_037233.jpg,no,6,0.93677688,0.552776,0.55,0.55,0.55,0.97032,0.0,0.757967,0.630749,review,evaluation,,,,,,,,Phase18N confirmatory reviewability packet; labels are not identity labels.
phase18n_dinov2_vitl14_blind_0501,dinov2_vitl14,confirmatory_stratified_blind_review,rank_11_20__similarity_low__quality_low__different_identity__admission_low,rank_11_20,similarity_low,quality_low,different_identity,admission_low,phase18a_czechlynx_2682,phase18a_czechlynx_2798,outputs/final_freeze/lynx-wild/images/czechlynx_2682__p16e_010750.jpg,outputs/final_freeze/lynx-wild/images/czechlynx_2798__p16e_026111.jpg,no,11,0.91270071,0.250988,0.55,0.538184,0.538184,0.939333,0.0,0.714149,0.426989,review,evaluation,,,,,,,,Phase18N confirmatory reviewability packet; labels are not identity labels.
phase18n_dinov2_vitl14_blind_0502,dinov2_vitl14,confirmatory_stratified_blind_review,rank_01__similarity_low__quality_low__same_identity__admission_mid,rank_01,similarity_low,quality_low,same_identity,admission_mid,phase18a_czechlynx_1749,phase18a_czechlynx_1741,outputs/final_freeze/lynx-wild/images/czechlynx_1749__p16e_028567.jpg,outputs/final_freeze/lynx-wild/images/czechlynx_1741__p16e_028466.jpg,yes,1,0.93040633,0.453241,0.55,0.55,0.55,0.920378,0.0,0.73403,0.559941,review,evaluation,,,,,,,,Phase18N confirmatory reviewability packet; labels are not identity labels.
phase18n_dinov2_vitl14_blind_0503,dinov2_vitl14,confirmatory_stratified_blind_review,rank_06_10__similarity_high__quality_low__same_identity__admission_high,rank_06_10,similarity_high,quality_low,same_identity,admission_high,phase18a_czechlynx_2104,phase18a_czechlynx_2097,outputs/final_freeze/lynx-wild/images/czechlynx_2104__p16e_028388.jpg,outputs/final_freeze/lynx-wild/images/czechlynx_2097__p16e_028393.jpg,yes,7,0.96483481,0.937982,0.55,0.55,0.55,0.989136,0.234285,0.754899,0.821554,review,evaluation,,,,,,,,Phase18N confirmatory reviewability packet; labels are not identity labels.
phase18n_dinov2_vitl14_blind_0504,dinov2_vitl14,confirmatory_stratified_blind_review,rank_06_10__similarity_mid__quality_low__different_identity__admission_mid,rank_06_10,similarity_mid,quality_low,different_identity,admission_mid,phase18a_czechlynx_2699,phase18a_czechlynx_1585,outputs/final_freeze/lynx-wild/images/czechlynx_2699__p16e_025032.jpg,outputs/final_freeze/lynx-wild/images/czechlynx_1585__p16e_032532.jpg,no,6,0.95981187,0.898615,0.55,0.55,0.55,0.95889,0.205503,0.74825,0.800376,review,evaluation,,,,,,,,Phase18N confirmatory reviewability packet; labels are not identity labels.
phase18n_dinov2_vitl14_blind_0505,dinov2_vitl14,confirmatory_stratified_blind_review,rank_01__similarity_low__quality_low__different_identity__admission_low,rank_01,similarity_low,quality_low,different_identity,admission_low,phase18a_czechlynx_2876,phase18a_czechlynx_2694,outputs/final_freeze/lynx-wild/images/czechlynx_2876__p16e_042638.jpg,outputs/final_freeze/lynx-wild/images/czechlynx_2694__p16e_042582.jpg,no,1,0.92598021,0.392357,0.408203,0.55,0.408203,0.784292,0.0,0.630283,0.482769,review,evaluation,,,,,,,,Phase18N confirmatory reviewability packet; labels are not identity labels.
phase18n_dinov2_vitl14_blind_0506,dinov2_vitl14,confirmatory_stratified_blind_review,rank_02_05__similarity_mid__quality_low__different_identity__admission_high,rank_02_05,similarity_mid,quality_low,different_identity,admission_high,phase18a_czechlynx_2645,phase18a_czechlynx_2713,outputs/final_freeze/lynx-wild/images/czechlynx_2645__p16e_034259.jpg,outputs/final_freeze/lynx-wild/images/czechlynx_2713__p16e_040188.jpg,no,2,0.95572412,0.849614,0.55,0.55,0.55,0.952447,0.158758,0.750895,0.780349,review,evaluation,,,,,,,,Phase18N confirmatory reviewability packet; labels are not identity labels.
phase18n_dinov2_vitl14_blind_0507,dinov2_vitl14,confirmatory_stratified_blind_review,rank_02_05__similarity_mid__quality_low__different_identity__admission_low,rank_02_05,similarity_mid,quality_low,different_identity,admission_low,phase18a_czechlynx_2489,phase18a_czechlynx_2096,outputs/final_freeze/lynx-wild/images/czechlynx_2489__p16e_034265.jpg,outputs/final_freeze/lynx-wild/images/czechlynx_2096__p16e_043693.jpg,no,4,0.9599843,0.900348,0.55,0.55,0.55,0.736504,0.285072,0.670242,0.755894,review,evaluation,,,,,,,,Phase18N confirmatory reviewability packet; labels are not identity labels.
phase18n_dinov2_vitl14_blind_0508,dinov2_vitl14,confirmatory_stratified_blind_review,rank_11_20__similarity_high__quality_low__different_identity__admission_mid,rank_11_20,similarity_high,quality_low,different_identity,admission_mid,phase18a_czechlynx_2044,phase18a_czechlynx_2593,outputs/final_freeze/lynx-wild/images/czechlynx_2044__p16e_043670.jpg,outputs/final_freeze/lynx-wild/images/czechlynx_2593__p16e_042545.jpg,no,18,0.96339315,0.928349,0.55,0.55,0.55,0.930999,0.244999,0.735515,0.806072,review,evaluation,,,,,,,,Phase18N confirmatory reviewability packet; labels are not identity labels.
phase18n_dinov2_vitl14_blind_0509,dinov2_vitl14,confirmatory_stratified_blind_review,rank_11_20__similarity_low__quality_low__same_identity__admission_low,rank_11_20,similarity_low,quality_low,same_identity,admission_low,phase18a_czechlynx_2264,phase18a_czechlynx_1301,outputs/final_freeze/lynx-wild/images/czechlynx_2264__p16e_028136.jpg,outputs/final_freeze/lynx-wild/images/czechlynx_1301__p16e_028554.jpg,yes,16,0.83034706,0.046717,0.55,0.55,0.55,0.654295,0.0,0.618874,0.264137,review,evaluation,,,,,,,,Phase18N confirmatory reviewability packet; labels are not identity labels.
phase18n_dinov2_vitl14_blind_0510,dinov2_vitl14,confirmatory_stratified_blind_review,rank_06_10__similarity_low__quality_low__different_identity__admission_low,rank_06_10,similarity_low,quality_low,different_identity,admission_low,phase18a_czechlynx_2837,phase18a_czechlynx_1584,outputs/final_freeze/lynx-wild/images/czechlynx_2837__p16e_044840.jpg,outputs/final_freeze/lynx-wild/images/czechlynx_1584__p16e_032607.jpg,no,8,0.92772502,0.415624,0.55,0.55,0.55,0.836813,0.0,0.70687,0.526297,review,evaluation,,,,,,,,Phase18N confirmatory reviewability packet; labels are not identity labels.
phase18n_dinov2_vitl14_blind_0511,dinov2_vitl14,confirmatory_stratified_blind_review,rank_01__similarity_mid__quality_low__same_identity__admission_mid,rank_01,similarity_mid,quality_low,same_identity,admission_mid,phase18a_czechlynx_2911,phase18a_czechlynx_2864,outputs/final_freeze/lynx-wild/images/czechlynx_2911__p16e_028819.jpg,outputs/final_freeze/lynx-wild/images/czechlynx_2864__p16e_028877.jpg,yes,1,0.95356917,0.823264,0.55,0.55,0.55,0.930617,0.140048,0.74589,0.765852,review,evaluation,,,,,,,,Phase18N confirmatory reviewability packet; labels are not identity labels.
phase18n_dinov2_vitl14_blind_0512,dinov2_vitl14,confirmatory_stratified_blind_review,rank_02_05__similarity_low__quality_low__different_identity__admission_low,rank_02_05,similarity_low,quality_low,different_identity,admission_low,phase18a_czechlynx_2918,phase18a_czechlynx_2719,outputs/final_freeze/lynx-wild/images/czechlynx_2918__p16e_006844.jpg,outputs/final_freeze/lynx-wild/images/czechlynx_2719__p16e_045891.jpg,no,5,0.91923499,0.312422,0.55,0.55,0.55,0.894064,0.0,0.71258,0.464482,review,evaluation,,,,,,,,Phase18N confirmatory reviewability packet; labels are not identity labels.
phase18n_dinov2_vitl14_blind_0513,dinov2_vitl14,confirmatory_stratified_blind_review,rank_02_05__similarity_high__quality_low__same_identity__admission_mid,rank_02_05,similarity_high,quality_low,same_identity,admission_mid,phase18a_czechlynx_1519,phase18a_czechlynx_1675,outputs/final_freeze/lynx-wild/images/czechlynx_1519__p16e_028336.jpg,outputs/final_freeze/lynx-wild/images/czechlynx_1675__p16e_028306.jpg,yes,3,0.98247337,0.991433,0.55,0.55,0.55,0.985743,0.288923,0.748367,0.841283,review,evaluation,,,,,,,,Phase18N confirmatory reviewability packet; labels are not identity labels.
phase18n_dinov2_vitl14_blind_0514,dinov2_vitl14,confirmatory_stratified_blind_review,rank_02_05__similarity_high__quality_low__same_identity__admission_mid,rank_02_05,similarity_high,quality_low,same_identity,admission_mid,phase18a_czechlynx_2016,phase18a_czechlynx_2126,outputs/final_freeze/lynx-wild/images/czechlynx_2016__p16e_028394.jpg,outputs/final_freeze/lynx-wild/images/czechlynx_2126__p16e_028327.jpg,yes,5,0.97456378,0.9784,0.55,0.55,0.55,0.954297,0.286896,0.738664,0.829921,review,evaluation,,,,,,,,Phase18N confirmatory reviewability packet; labels are not identity labels.
phase18n_dinov2_vitl14_blind_0515,dinov2_vitl14,confirmatory_stratified_blind_review,rank_02_05__similarity_high__quality_low__same_identity__admission_mid,rank_02_05,similarity_high,quality_low,same_identity,admission_mid,phase18a_czechlynx_1392,phase18a_czechlynx_1366,outputs/final_freeze/lynx-wild/images/czechlynx_1392__p16e_028510.jpg,outputs/final_freeze/lynx-wild/images/czechlynx_1366__p16e_028516.jpg,yes,2,0.98144042,0.99065,0.55,0.55,0.55,0.974171,0.29219,0.744395,0.838635,review,evaluation,,,,,,,,Phase18N confirmatory reviewability packet; labels are not identity labels.
phase18n_dinov2_vitl14_blind_0516,dinov2_vitl14,confirmatory_stratified_blind_review,rank_06_10__similarity_low__quality_low__different_identity__admission_mid,rank_06_10,similarity_low,quality_low,different_identity,admission_mid,phase18a_czechlynx_1330,phase18a_czechlynx_2148,outputs/final_freeze/lynx-wild/images/czechlynx_1330__p16e_024495.jpg,outputs/final_freeze/lynx-wild/images/czechlynx_2148__p16e_019255.jpg,no,10,0.9356333,0.533942,0.55,0.55,0.55,0.937961,0.0,0.747023,0.614913,review,evaluation,,,,,,,,Phase18N confirmatory reviewability packet; labels are not identity labels.
phase18n_dinov2_vitl14_blind_0517,dinov2_vitl14,confirmatory_stratified_blind_review,rank_02_05__similarity_high__quality_low__same_identity__admission_mid,rank_02_05,similarity_high,quality_low,same_identity,admission_mid,phase18a_czechlynx_1495,phase18a_czechlynx_1408,outputs/final_freeze/lynx-wild/images/czechlynx_1495__p16e_028411.jpg,outputs/final_freeze/lynx-wild/images/czechlynx_1408__p16e_028250.jpg,yes,4,0.97886139,0.986716,0.55,0.55,0.55,0.975159,0.287911,0.745134,0.837333,review,evaluation,,,,,,,,Phase18N confirmatory reviewability packet; labels are not identity labels.
phase18n_dinov2_vitl14_blind_0518,dinov2_vitl14,confirmatory_stratified_blind_review,rank_11_20__similarity_mid__quality_low__different_identity__admission_mid,rank_11_20,similarity_mid,quality_low,different_identity,admission_mid,phase18a_czechlynx_2645,phase18a_czechlynx_2213,outputs/final_freeze/lynx-wild/images/czechlynx_2645__p16e_034259.jpg,outputs/final_freeze/lynx-wild/images/czechlynx_2213__p16e_039749.jpg,no,20,0.94374788,0.674745,0.55,0.55,0.55,0.867204,0.013723,0.738547,0.696245,review,evaluation,,,,,,,,Phase18N confirmatory reviewability packet; labels are not identity labels.
phase18n_dinov2_vitl14_blind_0519,dinov2_vitl14,confirmatory_stratified_blind_review,rank_01__similarity_mid__quality_low__same_identity__admission_mid,rank_01,similarity_mid,quality_low,same_identity,admission_mid,phase18a_czechlynx_2009,phase18a_czechlynx_2402,outputs/final_freeze/lynx-wild/images/czechlynx_2009__p16e_007821.jpg,outputs/final_freeze/lynx-wild/images/czechlynx_2402__p16e_007828.jpg,yes,1,0.96186668,0.916632,0.55,0.55,0.55,0.950008,0.226629,0.74334,0.805455,review,evaluation,,,,,,,,Phase18N confirmatory reviewability packet; labels are not identity labels.
phase18n_dinov2_vitl14_blind_0520,dinov2_vitl14,confirmatory_stratified_blind_review,rank_06_10__similarity_mid__quality_low__same_identity__admission_mid,rank_06_10,similarity_mid,quality_low,same_identity,admission_mid,phase18a_czechlynx_1863,phase18a_czechlynx_1462,outputs/final_freeze/lynx-wild/images/czechlynx_1863__p16e_028488.jpg,outputs/final_freeze/lynx-wild/images/czechlynx_1462__p16e_028322.jpg,yes,6,0.95187163,0.798647,0.55,0.55,0.55,0.870075,0.13662,0.727162,0.744158,review,evaluation,,,,,,,,Phase18N confirmatory reviewability packet; labels are not identity labels.
phase18n_dinov2_vitl14_blind_0521,dinov2_vitl14,confirmatory_stratified_blind_review,rank_11_20__similarity_high__quality_low__same_identity__admission_low,rank_11_20,similarity_high,quality_low,same_identity,admission_low,phase18a_czechlynx_1325,phase18a_czechlynx_1624,outputs/final_freeze/lynx-wild/images/czechlynx_1325__p16e_028522.jpg,outputs/final_freeze/lynx-wild/images/czechlynx_1624__p16e_028294.jpg,yes,15,0.96351433,0.929265,0.55,0.55,0.55,0.891648,0.259689,0.72165,0.798434,review,evaluation,,,,,,,,Phase18N confirmatory reviewability packet; labels are not identity labels.
phase18n_dinov2_vitl14_blind_0522,dinov2_vitl14,confirmatory_stratified_blind_review,rank_01__similarity_high__quality_low__same_identity__admission_low,rank_01,similarity_high,quality_low,same_identity,admission_low,phase18a_czechlynx_1374,phase18a_czechlynx_1479,outputs/final_freeze/lynx-wild/images/czechlynx_1374__p16e_033046.jpg,outputs/final_freeze/lynx-wild/images/czechlynx_1479__p16e_033045.jpg,yes,1,0.98025548,0.9887,0.368457,0.385645,0.368457,0.974179,0.40824,0.644744,0.776349,review,evaluation,,,,,,,,Phase18N confirmatory reviewability packet; labels are not identity labels.
phase18n_dinov2_vitl14_blind_0523,dinov2_vitl14,confirmatory_stratified_blind_review,rank_06_10__similarity_mid__quality_low__same_identity__admission_low,rank_06_10,similarity_mid,quality_low,same_identity,admission_low,phase18a_czechlynx_1369,phase18a_czechlynx_1978,outputs/final_freeze/lynx-wild/images/czechlynx_1369__p16e_024494.jpg,outputs/final_freeze/lynx-wild/images/czechlynx_1978__p16e_024500.jpg,yes,7,0.95537776,0.845697,0.55,0.55,0.55,0.869006,0.184045,0.722082,0.761915,review,evaluation,,,,,,,,Phase18N confirmatory reviewability packet; labels are not identity labels.
phase18n_dinov2_vitl14_blind_0524,dinov2_vitl14,confirmatory_stratified_blind_review,rank_01__similarity_mid__quality_low__different_identity__admission_low,rank_01,similarity_mid,quality_low,different_identity,admission_low,phase18a_czechlynx_2692,phase18a_czechlynx_2011,outputs/final_freeze/lynx-wild/images/czechlynx_2692__p16e_028820.jpg,outputs/final_freeze/lynx-wild/images/czechlynx_2011__p16e_020072.jpg,no,1,0.95797205,0.878065,0.55,0.55,0.55,0.765726,0.252561,0.682698,0.753313,review,evaluation,,,,,,,,Phase18N confirmatory reviewability packet; labels are not identity labels.
phase18n_dinov2_vitl14_blind_0525,dinov2_vitl14,confirmatory_stratified_blind_review,rank_11_20__similarity_mid__quality_low__different_identity__admission_high,rank_11_20,similarity_mid,quality_low,different_identity,admission_high,phase18a_czechlynx_1672,phase18a_czechlynx_2851,outputs/final_freeze/lynx-wild/images/czechlynx_1672__p16e_028358.jpg,outputs/final_freeze/lynx-wild/images/czechlynx_2851__p16e_007047.jpg,no,11,0.94703627,0.727762,0.55,0.55,0.55,0.995798,0.021733,0.778253,0.742602,review,evaluation,,,,,,,,Phase18N confirmatory reviewability packet; labels are not identity labels.
phase18n_dinov2_vitl14_blind_0526,dinov2_vitl14,confirmatory_stratified_blind_review,rank_02_05__similarity_low__quality_low__same_identity__admission_low,rank_02_05,similarity_low,quality_low,same_identity,admission_low,phase18a_czechlynx_2264,phase18a_czechlynx_1687,outputs/final_freeze/lynx-wild/images/czechlynx_2264__p16e_028136.jpg,outputs/final_freeze/lynx-wild/images/czechlynx_1687__p16e_028447.jpg,yes,4,0.84352005,0.056084,0.55,0.55,0.55,0.81526,0.0,0.664881,0.287427,review,evaluation,,,,,,,,Phase18N confirmatory reviewability packet; labels are not identity labels.
phase18n_dinov2_vitl14_blind_0527,dinov2_vitl14,confirmatory_stratified_blind_review,rank_11_20__similarity_mid__quality_low__same_identity__admission_low,rank_11_20,similarity_mid,quality_low,same_identity,admission_low,phase18a_czechlynx_1638,phase18a_czechlynx_1758,outputs/final_freeze/lynx-wild/images/czechlynx_1638__p16e_028377.jpg,outputs/final_freeze/lynx-wild/images/czechlynx_1758__p16e_028164.jpg,yes,16,0.95776772,0.875615,0.55,0.55,0.55,0.849498,0.22079,0.712263,0.769383,review,evaluation,,,,,,,,Phase18N confirmatory reviewability packet; labels are not identity labels.
phase18n_dinov2_vitl14_blind_0528,dinov2_vitl14,confirmatory_stratified_blind_review,rank_06_10__similarity_low__quality_low__same_identity__admission_low,rank_06_10,similarity_low,quality_low,same_identity,admission_low,phase18a_czechlynx_2808,phase18a_czechlynx_2528,outputs/final_freeze/lynx-wild/images/czechlynx_2808__p16e_029013.jpg,outputs/final_freeze/lynx-wild/images/czechlynx_2528__p16e_028802.jpg,yes,8,0.92671788,0.40194,0.55,0.55,0.55,0.903576,0.0,0.724195,0.524397,review,evaluation,,,,,,,,Phase18N confirmatory reviewability packet; labels are not identity labels.
phase18n_dinov2_vitl14_blind_0529,dinov2_vitl14,confirmatory_stratified_blind_review,rank_01__similarity_mid__quality_low__same_identity__admission_high,rank_01,similarity_mid,quality_low,same_identity,admission_high,phase18a_czechlynx_2528,phase18a_czechlynx_2679,outputs/final_freeze/lynx-wild/images/czechlynx_2528__p16e_028802.jpg,outputs/final_freeze/lynx-wild/images/czechlynx_2679__p16e_028801.jpg,yes,1,0.95896792,0.889598,0.55,0.55,0.55,0.984715,0.187448,0.75819,0.802173,review,evaluation,,,,,,,,Phase18N confirmatory reviewability packet; labels are not identity labels.
phase18n_dinov2_vitl14_blind_0530,dinov2_vitl14,confirmatory_stratified_blind_review,rank_02_05__similarity_high__quality_low__different_identity__admission_mid,rank_02_05,similarity_high,quality_low,different_identity,admission_mid,phase18a_czechlynx_1511,phase18a_czechlynx_2277,outputs/final_freeze/lynx-wild/images/czechlynx_1511__p16e_036186.jpg,outputs/final_freeze/lynx-wild/images/czechlynx_2277__p16e_006502.jpg,no,2,0.96589214,0.945349,0.55,0.55,0.55,0.913833,0.268008,0.727807,0.809081,review,evaluation,,,,,,,,Phase18N confirmatory reviewability packet; labels are not identity labels.
phase18n_dinov2_vitl14_blind_0531,dinov2_vitl14,confirmatory_stratified_blind_review,rank_02_05__similarity_low__quality_low__different_identity__admission_mid,rank_02_05,similarity_low,quality_low,different_identity,admission_mid,phase18a_czechlynx_2652,phase18a_czechlynx_2624,outputs/final_freeze/lynx-wild/images/czechlynx_2652__p16e_006764.jpg,outputs/final_freeze/lynx-wild/images/czechlynx_2624__p16e_041787.jpg,no,3,0.93254572,0.485908,0.55,0.55,0.55,0.922455,0.0,0.737878,0.581657,review,evaluation,,,,,,,,Phase18N confirmatory reviewability packet; labels are not identity labels.
phase18n_dinov2_vitl14_blind_0532,dinov2_vitl14,confirmatory_stratified_blind_review,rank_02_05__similarity_mid__quality_low__same_identity__admission_high,rank_02_05,similarity_mid,quality_low,same_identity,admission_high,phase18a_czechlynx_1769,phase18a_czechlynx_1714,outputs/final_freeze/lynx-wild/images/czechlynx_1769__p16e_028464.jpg,outputs/final_freeze/lynx-wild/images/czechlynx_1714__p16e_028279.jpg,yes,2,0.96056509,0.905582,0.55,0.55,0.55,0.972376,0.20775,0.752273,0.805774,review,evaluation,,,,,,,,Phase18N confirmatory reviewability packet; labels are not identity labels.
phase18n_dinov2_vitl14_blind_0533,dinov2_vitl14,confirmatory_stratified_blind_review,rank_11_20__similarity_high__quality_low__same_identity__admission_low,rank_11_20,similarity_high,quality_low,same_identity,admission_low,phase18a_czechlynx_1538,phase18a_czechlynx_1456,outputs/final_freeze/lynx-wild/images/czechlynx_1538__p16e_028425.jpg,outputs/final_freeze/lynx-wild/images/czechlynx_1456__p16e_028437.jpg,yes,18,0.96461129,0.936332,0.55,0.55,0.55,0.820829,0.291542,0.696157,0.786757,review,evaluation,,,,,,,,Phase18N confirmatory reviewability packet; labels are not identity labels.
phase18n_dinov2_vitl14_blind_0534,dinov2_vitl14,confirmatory_stratified_blind_review,rank_02_05__similarity_low__quality_low__same_identity__admission_high,rank_02_05,similarity_low,quality_low,same_identity,admission_high,phase18a_czechlynx_2904,phase18a_czechlynx_2792,outputs/final_freeze/lynx-wild/images/czechlynx_2904__p16e_028878.jpg,outputs/final_freeze/lynx-wild/images/czechlynx_2792__p16e_028779.jpg,yes,3,0.93338174,0.498025,0.55,0.55,0.55,0.991638,0.0,0.758461,0.596991,review,evaluation,,,,,,,,Phase18N confirmatory reviewability packet; labels are not identity labels.
phase18n_dinov2_vitl14_blind_0535,dinov2_vitl14,confirmatory_stratified_blind_review,rank_01__similarity_low__quality_low__same_identity__admission_high,rank_01,similarity_low,quality_low,same_identity,admission_high,phase18a_czechlynx_2653,phase18a_czechlynx_2317,outputs/final_freeze/lynx-wild/images/czechlynx_2653__p16e_006761.jpg,outputs/final_freeze/lynx-wild/images/czechlynx_2317__p16e_007827.jpg,yes,1,0.94221365,0.649177,0.55,0.55,0.55,0.940157,0.0,0.759162,0.690972,review,evaluation,,,,,,,,Phase18N confirmatory reviewability packet; labels are not identity labels.
phase18n_dinov2_vitl14_blind_0536,dinov2_vitl14,confirmatory_stratified_blind_review,rank_06_10__similarity_mid__quality_low__same_identity__admission_high,rank_06_10,similarity_mid,quality_low,same_identity,admission_high,phase18a_czechlynx_1712,phase18a_czechlynx_1880,outputs/final_freeze/lynx-wild/images/czechlynx_1712__p16e_028295.jpg,outputs/final_freeze/lynx-wild/images/czechlynx_1880__p16e_028426.jpg,yes,10,0.96272731,0.923415,0.55,0.55,0.55,0.99285,0.218418,0.757656,0.816743,review,evaluation,,,,,,,,Phase18N confirmatory reviewability packet; labels are not identity labels.
phase18n_dinov2_vitl14_blind_0537,dinov2_vitl14,confirmatory_stratified_blind_review,rank_06_10__similarity_low__quality_low__same_identity__admission_low,rank_06_10,similarity_low,quality_low,same_identity,admission_low,phase18a_czechlynx_2027,phase18a_czechlynx_1554,outputs/final_freeze/lynx-wild/images/czechlynx_2027__p16e_028448.jpg,outputs/final_freeze/lynx-wild/images/czechlynx_1554__p16e_028525.jpg,yes,8,0.89510214,0.158003,0.55,0.55,0.55,0.808504,0.0,0.673181,0.35377,review,evaluation,,,,,,,,Phase18N confirmatory reviewability packet; labels are not identity labels.
phase18n_dinov2_vitl14_blind_0538,dinov2_vitl14,confirmatory_stratified_blind_review,rank_02_05__similarity_low__quality_low__same_identity__admission_low,rank_02_05,similarity_low,quality_low,same_identity,admission_low,phase18a_czechlynx_1703,phase18a_czechlynx_2982,outputs/final_freeze/lynx-wild/images/czechlynx_1703__p16e_042489.jpg,outputs/final_freeze/lynx-wild/images/czechlynx_2982__p16e_030718.jpg,yes,2,0.93644148,0.546726,0.55,0.55,0.55,0.61122,0.0,0.656814,0.588559,review,evaluation,,,,,,,,Phase18N confirmatory reviewability packet; labels are not identity labels.
phase18n_dinov2_vitl14_blind_0539,dinov2_vitl14,confirmatory_stratified_blind_review,rank_11_20__similarity_high__quality_low__same_identity__admission_low,rank_11_20,similarity_high,quality_low,same_identity,admission_low,phase18a_czechlynx_1847,phase18a_czechlynx_1462,outputs/final_freeze/lynx-wild/images/czechlynx_1847__p16e_028401.jpg,outputs/final_freeze/lynx-wild/images/czechlynx_1462__p16e_028322.jpg,yes,11,0.97133482,0.969666,0.55,0.55,0.55,0.884315,0.302656,0.715044,0.812379,review,evaluation,,,,,,,,Phase18N confirmatory reviewability packet; labels are not identity labels.
phase18n_dinov2_vitl14_blind_0540,dinov2_vitl14,confirmatory_stratified_blind_review,rank_02_05__similarity_mid__quality_low__different_identity__admission_high,rank_02_05,similarity_mid,quality_low,different_identity,admission_high,phase18a_czechlynx_0809,phase18a_czechlynx_2472,outputs/final_freeze/lynx-wild/images/czechlynx_0809__czlx_expanded_0456.jpg,outputs/final_freeze/lynx-wild/images/czechlynx_2472__p16e_034432.jpg,no,4,0.95437771,0.832797,0.55,0.55,0.55,0.987817,0.129561,0.764956,0.781105,review,evaluation,,,,,,,,Phase18N confirmatory reviewability packet; labels are not identity labels.
phase18n_dinov2_vitl14_blind_0541,dinov2_vitl14,confirmatory_stratified_blind_review,rank_11_20__similarity_mid__quality_low__same_identity__admission_high,rank_11_20,similarity_mid,quality_low,same_identity,admission_high,phase18a_czechlynx_1861,phase18a_czechlynx_2029,outputs/final_freeze/lynx-wild/images/czechlynx_1861__p16e_028269.jpg,outputs/final_freeze/lynx-wild/images/czechlynx_2029__p16e_028383.jpg,yes,18,0.96202683,0.918149,0.55,0.55,0.55,0.990315,0.214038,0.757295,0.814217,review,evaluation,,,,,,,,Phase18N confirmatory reviewability packet; labels are not identity labels.
phase18n_dinov2_vitl14_blind_0542,dinov2_vitl14,confirmatory_stratified_blind_review,rank_02_05__similarity_high__quality_low__same_identity__admission_high,rank_02_05,similarity_high,quality_low,same_identity,admission_high,phase18a_czechlynx_1549,phase18a_czechlynx_1395,outputs/final_freeze/lynx-wild/images/czechlynx_1549__p16e_028397.jpg,outputs/final_freeze/lynx-wild/images/czechlynx_1395__p16e_028385.jpg,yes,3,0.96879506,0.959966,0.55,0.55,0.55,0.998215,0.253091,0.755879,0.831795,review,evaluation,,,,,,,,Phase18N confirmatory reviewability packet; labels are not identity labels.
phase18n_dinov2_vitl14_blind_0543,dinov2_vitl14,confirmatory_stratified_blind_review,rank_01__similarity_mid__quality_low__same_identity__admission_mid,rank_01,similarity_mid,quality_low,same_identity,admission_mid,phase18a_czechlynx_2482,phase18a_czechlynx_1390,outputs/final_freeze/lynx-wild/images/czechlynx_2482__p16e_025065.jpg,outputs/final_freeze/lynx-wild/images/czechlynx_1390__p16e_026828.jpg,yes,1,0.95792198,0.877415,0.55,0.55,0.55,0.889867,0.208461,0.726212,0.778265,review,evaluation,,,,,,,,Phase18N confirmatory reviewability packet; labels are not identity labels.
phase18n_dinov2_vitl14_blind_0544,dinov2_vitl14,confirmatory_stratified_blind_review,rank_11_20__similarity_high__quality_low__same_identity__admission_high,rank_11_20,similarity_high,quality_low,same_identity,admission_high,phase18a_czechlynx_1647,phase18a_czechlynx_1724,outputs/final_freeze/lynx-wild/images/czechlynx_1647__p16e_028204.jpg,outputs/final_freeze/lynx-wild/images/czechlynx_1724__p16e_028309.jpg,yes,17,0.96405774,0.932949,0.55,0.55,0.55,0.973164,0.234841,0.749813,0.816389,review,evaluation,,,,,,,,Phase18N confirmatory reviewability packet; labels are not identity labels.
phase18n_dinov2_vitl14_blind_0545,dinov2_vitl14,confirmatory_stratified_blind_review,rank_02_05__similarity_mid__quality_low__same_identity__admission_low,rank_02_05,similarity_mid,quality_low,same_identity,admission_low,phase18a_czechlynx_2215,phase18a_czechlynx_1287,outputs/final_freeze/lynx-wild/images/czechlynx_2215__p16e_028192.jpg,outputs/final_freeze/lynx-wild/images/czechlynx_1287__p16e_028549.jpg,yes,3,0.94845867,0.748196,0.55,0.55,0.55,0.836928,0.097771,0.720605,0.718157,review,evaluation,,,,,,,,Phase18N confirmatory reviewability packet; labels are not identity labels.
phase18n_dinov2_vitl14_blind_0546,dinov2_vitl14,confirmatory_stratified_blind_review,rank_01__similarity_high__quality_low__different_identity__admission_low,rank_01,similarity_high,quality_low,different_identity,admission_low,phase18a_czechlynx_2489,phase18a_czechlynx_2213,outputs/final_freeze/lynx-wild/images/czechlynx_2489__p16e_034265.jpg,outputs/final_freeze/lynx-wild/images/czechlynx_2213__p16e_039749.jpg,no,1,0.9671818,0.952133,0.55,0.55,0.55,0.886178,0.28447,0.717449,0.806059,review,evaluation,,,,,,,,Phase18N confirmatory reviewability packet; labels are not identity labels.
phase18n_dinov2_vitl14_blind_0547,dinov2_vitl14,confirmatory_stratified_blind_review,rank_01__similarity_mid__quality_low__different_identity__admission_high,rank_01,similarity_mid,quality_low,different_identity,admission_high,phase18a_czechlynx_2087,phase18a_czechlynx_1796,outputs/final_freeze/lynx-wild/images/czechlynx_2087__p16e_042765.jpg,outputs/final_freeze/lynx-wild/images/czechlynx_1796__p16e_042760.jpg,no,1,0.95874703,0.886448,0.55,0.55,0.55,0.979284,0.186199,0.756605,0.799868,review,evaluation,,,,,,,,Phase18N confirmatory reviewability packet; labels are not identity labels.
phase18n_dinov2_vitl14_blind_0548,dinov2_vitl14,confirmatory_stratified_blind_review,rank_06_10__similarity_low__quality_low__different_identity__admission_high,rank_06_10,similarity_low,quality_low,different_identity,admission_high,phase18a_czechlynx_1621,phase18a_czechlynx_1322,outputs/final_freeze/lynx-wild/images/czechlynx_1621__p16e_036183.jpg,outputs/final_freeze/lynx-wild/images/czechlynx_1322__p16e_034008.jpg,no,6,0.94110769,0.629494,0.55,0.55,0.55,0.94851,0.0,0.759532,0.678908,review,evaluation,,,,,,,,Phase18N confirmatory reviewability packet; labels are not identity labels.
phase18n_dinov2_vitl14_blind_0549,dinov2_vitl14,confirmatory_stratified_blind_review,rank_11_20__similarity_low__quality_low__same_identity__admission_low,rank_11_20,similarity_low,quality_low,same_identity,admission_low,phase18a_czechlynx_1683,phase18a_czechlynx_1865,outputs/final_freeze/lynx-wild/images/czechlynx_1683__p16e_028221.jpg,outputs/final_freeze/lynx-wild/images/czechlynx_1865__p16e_028158.jpg,yes,12,0.93573344,0.535542,0.55,0.55,0.55,0.846715,0.0,0.721634,0.606257,review,evaluation,,,,,,,,Phase18N confirmatory reviewability packet; labels are not identity labels.
phase18n_dinov2_vitl14_blind_0550,dinov2_vitl14,confirmatory_stratified_blind_review,rank_06_10__similarity_high__quality_low__same_identity__admission_high,rank_06_10,similarity_high,quality_low,same_identity,admission_high,phase18a_czechlynx_1741,phase18a_czechlynx_2104,outputs/final_freeze/lynx-wild/images/czechlynx_1741__p16e_028466.jpg,outputs/final_freeze/lynx-wild/images/czechlynx_2104__p16e_028388.jpg,yes,10,0.96579802,0.944899,0.55,0.55,0.55,0.974851,0.246201,0.749208,0.821296,review,evaluation,,,,,,,,Phase18N confirmatory reviewability packet; labels are not identity labels.
phase18n_dinov2_vitl14_blind_0551,dinov2_vitl14,confirmatory_stratified_blind_review,rank_06_10__similarity_low__quality_low__different_identity__admission_high,rank_06_10,similarity_low,quality_low,different_identity,admission_high,phase18a_czechlynx_1413,phase18a_czechlynx_2148,outputs/final_freeze/lynx-wild/images/czechlynx_1413__p16e_024496.jpg,outputs/final_freeze/lynx-wild/images/czechlynx_2148__p16e_019255.jpg,no,8,0.94237101,0.651261,0.55,0.55,0.55,0.937907,0.0,0.75874,0.692103,review,evaluation,,,,,,,,Phase18N confirmatory reviewability packet; labels are not identity labels.
phase18n_dinov2_vitl14_blind_0552,dinov2_vitl14,confirmatory_stratified_blind_review,rank_02_05__similarity_mid__quality_low__same_identity__admission_mid,rank_02_05,similarity_mid,quality_low,same_identity,admission_mid,phase18a_czechlynx_1761,phase18a_czechlynx_1587,outputs/final_freeze/lynx-wild/images/czechlynx_1761__p16e_028442.jpg,outputs/final_freeze/lynx-wild/images/czechlynx_1587__p16e_028517.jpg,yes,5,0.95327473,0.81828,0.55,0.55,0.55,0.892034,0.148568,0.732884,0.756116,review,evaluation,,,,,,,,Phase18N confirmatory reviewability packet; labels are not identity labels.
phase18n_dinov2_vitl14_blind_0553,dinov2_vitl14,confirmatory_stratified_blind_review,rank_01__similarity_mid__quality_low__different_identity__admission_high,rank_01,similarity_mid,quality_low,different_identity,admission_high,phase18a_czechlynx_1767,phase18a_czechlynx_1953,outputs/final_freeze/lynx-wild/images/czechlynx_1767__p16e_037971.jpg,outputs/final_freeze/lynx-wild/images/czechlynx_1953__p16e_038716.jpg,no,1,0.95096469,0.784896,0.55,0.55,0.55,0.982701,0.083451,0.767956,0.761769,review,evaluation,,,,,,,,Phase18N confirmatory reviewability packet; labels are not identity labels.
phase18n_dinov2_vitl14_blind_0554,dinov2_vitl14,confirmatory_stratified_blind_review,rank_11_20__similarity_mid__quality_low__same_identity__admission_high,rank_11_20,similarity_mid,quality_low,same_identity,admission_high,phase18a_czechlynx_1543,phase18a_czechlynx_1949,outputs/final_freeze/lynx-wild/images/czechlynx_1543__p16e_028474.jpg,outputs/final_freeze/lynx-wild/images/czechlynx_1949__p16e_028387.jpg,yes,16,0.96071243,0.906515,0.55,0.55,0.55,0.973938,0.208137,0.752727,0.806448,review,evaluation,,,,,,,,Phase18N confirmatory reviewability packet; labels are not identity labels.
phase18n_dinov2_vitl14_blind_0555,dinov2_vitl14,confirmatory_stratified_blind_review,rank_02_05__similarity_low__quality_low__different_identity__admission_high,rank_02_05,similarity_low,quality_low,different_identity,admission_high,phase18a_czechlynx_2727,phase18a_czechlynx_2648,outputs/final_freeze/lynx-wild/images/czechlynx_2727__p16e_042909.jpg,outputs/final_freeze/lynx-wild/images/czechlynx_2648__p16e_038107.jpg,no,2,0.94259703,0.654994,0.55,0.55,0.55,0.978795,0.0,0.770562,0.69891,review,evaluation,,,,,,,,Phase18N confirmatory reviewability packet; labels are not identity labels.
phase18n_dinov2_vitl14_blind_0556,dinov2_vitl14,confirmatory_stratified_blind_review,rank_02_05__similarity_low__quality_low__same_identity__admission_low,rank_02_05,similarity_low,quality_low,same_identity,admission_low,phase18a_czechlynx_2895,phase18a_czechlynx_2884,outputs/final_freeze/lynx-wild/images/czechlynx_2895__p16e_024876.jpg,outputs/final_freeze/lynx-wild/images/czechlynx_2884__p16e_024878.jpg,yes,3,0.85491461,0.067718,0.55,0.55,0.55,0.916608,0.0,0.694422,0.305865,review,evaluation,,,,,,,,Phase18N confirmatory reviewability packet; labels are not identity labels.
phase18n_dinov2_vitl14_blind_0557,dinov2_vitl14,confirmatory_stratified_blind_review,rank_06_10__similarity_low__quality_low__different_identity__admission_low,rank_06_10,similarity_low,quality_low,different_identity,admission_low,phase18a_czechlynx_2268,phase18a_czechlynx_1396,outputs/final_freeze/lynx-wild/images/czechlynx_2268__p16e_008636.jpg,outputs/final_freeze/lynx-wild/images/czechlynx_1396__p16e_045903.jpg,no,7,0.60503399,0.00925,0.55,0.55,0.55,0.873631,0.0,0.676542,0.262821,review,evaluation,,,,,,,,Phase18N confirmatory reviewability packet; labels are not identity labels.
phase18n_dinov2_vitl14_blind_0558,dinov2_vitl14,confirmatory_stratified_blind_review,rank_06_10__similarity_low__quality_low__same_identity__admission_high,rank_06_10,similarity_low,quality_low,same_identity,admission_high,phase18a_czechlynx_1945,phase18a_czechlynx_1983,outputs/final_freeze/lynx-wild/images/czechlynx_1945__p16e_028213.jpg,outputs/final_freeze/lynx-wild/images/czechlynx_1983__p16e_028416.jpg,yes,10,0.93795753,0.57266,0.55,0.55,0.55,0.957708,0.0,0.756424,0.64249,review,evaluation,,,,,,,,Phase18N confirmatory reviewability packet; labels are not identity labels.
phase18n_dinov2_vitl14_blind_0559,dinov2_vitl14,confirmatory_stratified_blind_review,rank_02_05__similarity_high__quality_low__same_identity__admission_low,rank_02_05,similarity_high,quality_low,same_identity,admission_low,phase18a_czechlynx_1553,phase18a_czechlynx_1833,outputs/final_freeze/lynx-wild/images/czechlynx_1553__p16e_028471.jpg,outputs/final_freeze/lynx-wild/images/czechlynx_1833__p16e_028145.jpg,yes,3,0.96943444,0.962433,0.55,0.55,0.55,0.838409,0.31149,0.6997,0.800296,review,evaluation,,,,,,,,Phase18N confirmatory reviewability packet; labels are not identity labels.
phase18n_dinov2_vitl14_blind_0560,dinov2_vitl14,confirmatory_stratified_blind_review,rank_01__similarity_mid__quality_low__same_identity__admission_high,rank_01,similarity_mid,quality_low,same_identity,admission_high,phase18a_czechlynx_2146,phase18a_czechlynx_1936,outputs/final_freeze/lynx-wild/images/czechlynx_2146__p16e_028289.jpg,outputs/final_freeze/lynx-wild/images/czechlynx_1936__p16e_028390.jpg,yes,1,0.95486188,0.838731,0.55,0.55,0.55,0.950299,0.148626,0.751232,0.775756,review,evaluation,,,,,,,,Phase18N confirmatory reviewability packet; labels are not identity labels.
phase18n_dinov2_vitl14_blind_0561,dinov2_vitl14,confirmatory_stratified_blind_review,rank_01__similarity_high__quality_low__same_identity__admission_high,rank_01,similarity_high,quality_low,same_identity,admission_high,phase18a_czechlynx_1763,phase18a_czechlynx_1704,outputs/final_freeze/lynx-wild/images/czechlynx_1763__p16e_028330.jpg,outputs/final_freeze/lynx-wild/images/czechlynx_1704__p16e_028331.jpg,yes,1,0.99670947,0.999567,0.55,0.55,0.55,1.0,0.292067,0.752543,0.847284,review,evaluation,,,,,,,,Phase18N confirmatory reviewability packet; labels are not identity labels.
phase18n_dinov2_vitl14_blind_0562,dinov2_vitl14,confirmatory_stratified_blind_review,rank_06_10__similarity_high__quality_low__same_identity__admission_mid,rank_06_10,similarity_high,quality_low,same_identity,admission_mid,phase18a_czechlynx_1935,phase18a_czechlynx_1663,outputs/final_freeze/lynx-wild/images/czechlynx_1935__p16e_028445.jpg,outputs/final_freeze/lynx-wild/images/czechlynx_1663__p16e_028178.jpg,yes,7,0.96925795,0.961716,0.55,0.55,0.55,0.949566,0.271868,0.738676,0.822587,review,evaluation,,,,,,,,Phase18N confirmatory reviewability packet; labels are not identity labels.
phase18n_dinov2_vitl14_blind_0563,dinov2_vitl14,confirmatory_stratified_blind_review,rank_06_10__similarity_low__quality_low__different_identity__admission_high,rank_06_10,similarity_low,quality_low,different_identity,admission_high,phase18a_czechlynx_2743,phase18a_czechlynx_2373,outputs/final_freeze/lynx-wild/images/czechlynx_2743__p16e_009388.jpg,outputs/final_freeze/lynx-wild/images/czechlynx_2373__p16e_019015.jpg,no,6,0.9346565,0.518109,0.55,0.55,0.55,0.984275,0.0,0.758408,0.609422,review,evaluation,,,,,,,,Phase18N confirmatory reviewability packet; labels are not identity labels.
phase18n_dinov2_vitl14_blind_0564,dinov2_vitl14,confirmatory_stratified_blind_review,rank_06_10__similarity_high__quality_low__same_identity__admission_low,rank_06_10,similarity_high,quality_low,same_identity,admission_low,phase18a_czechlynx_1548,phase18a_czechlynx_2126,outputs/final_freeze/lynx-wild/images/czechlynx_1548__p16e_028405.jpg,outputs/final_freeze/lynx-wild/images/czechlynx_2126__p16e_028327.jpg,yes,10,0.96841174,0.957766,0.55,0.55,0.55,0.863368,0.298087,0.708902,0.80358,review,evaluation,,,,,,,,Phase18N confirmatory reviewability packet; labels are not identity labels.
phase18n_dinov2_vitl14_blind_0565,dinov2_vitl14,confirmatory_stratified_blind_review,rank_02_05__similarity_high__quality_low__different_identity__admission_mid,rank_02_05,similarity_high,quality_low,different_identity,admission_mid,phase18a_czechlynx_2259,phase18a_czechlynx_2212,outputs/final_freeze/lynx-wild/images/czechlynx_2259__p16e_042179.jpg,outputs/final_freeze/lynx-wild/images/czechlynx_2212__p16e_043684.jpg,no,3,0.96378469,0.931049,0.55,0.55,0.55,0.916864,0.252646,0.730298,0.804234,review,evaluation,,,,,,,,Phase18N confirmatory reviewability packet; labels are not identity labels.
phase18n_dinov2_vitl14_blind_0566,dinov2_vitl14,confirmatory_stratified_blind_review,rank_01__similarity_mid__quality_low__same_identity__admission_high,rank_01,similarity_mid,quality_low,same_identity,admission_high,phase18a_czechlynx_1945,phase18a_czechlynx_2041,outputs/final_freeze/lynx-wild/images/czechlynx_1945__p16e_028213.jpg,outputs/final_freeze/lynx-wild/images/czechlynx_2041__p16e_028414.jpg,yes,1,0.95536917,0.845631,0.55,0.55,0.55,0.967614,0.149466,0.756602,0.781907,review,evaluation,,,,,,,,Phase18N confirmatory reviewability packet; labels are not identity labels.
phase18n_dinov2_vitl14_blind_0567,dinov2_vitl14,confirmatory_stratified_blind_review,rank_02_05__similarity_low__quality_low__different_identity__admission_high,rank_02_05,similarity_low,quality_low,different_identity,admission_high,phase18a_czechlynx_2810,phase18a_czechlynx_2667,outputs/final_freeze/lynx-wild/images/czechlynx_2810__p16e_008366.jpg,outputs/final_freeze/lynx-wild/images/czechlynx_2667__p16e_043653.jpg,no,3,0.94022405,0.61281,0.55,0.55,0.55,0.992201,0.0,0.770097,0.672579,review,evaluation,,,,,,,,Phase18N confirmatory reviewability packet; labels are not identity labels.
phase18n_dinov2_vitl14_blind_0568,dinov2_vitl14,confirmatory_stratified_blind_review,rank_01__similarity_high__quality_low__different_identity__admission_mid,rank_01,similarity_high,quality_low,different_identity,admission_mid,phase18a_czechlynx_2044,phase18a_czechlynx_2096,outputs/final_freeze/lynx-wild/images/czechlynx_2044__p16e_043670.jpg,outputs/final_freeze/lynx-wild/images/czechlynx_2096__p16e_043693.jpg,no,1,0.97264969,0.973816,0.55,0.55,0.55,0.966165,0.278158,0.743276,0.830579,review,evaluation,,,,,,,,Phase18N confirmatory reviewability packet; labels are not identity labels.
phase18n_dinov2_vitl14_blind_0569,dinov2_vitl14,confirmatory_stratified_blind_review,rank_02_05__similarity_high__quality_low__same_identity__admission_high,rank_02_05,similarity_high,quality_low,same_identity,admission_high,phase18a_czechlynx_1532,phase18a_czechlynx_1772,outputs/final_freeze/lynx-wild/images/czechlynx_1532__p16e_028173.jpg,outputs/final_freeze/lynx-wild/images/czechlynx_1772__p16e_028196.jpg,yes,4,0.97652054,0.982583,0.55,0.55,0.55,0.992509,0.277705,0.75162,0.839276,review,evaluation,,,,,,,,Phase18N confirmatory reviewability packet; labels are not identity labels.
phase18n_dinov2_vitl14_blind_0570,dinov2_vitl14,confirmatory_stratified_blind_review,rank_01__similarity_low__quality_low__different_identity__admission_low,rank_01,similarity_low,quality_low,different_identity,admission_low,phase18a_czechlynx_2996,phase18a_czechlynx_2638,outputs/final_freeze/lynx-wild/images/czechlynx_2996__p16e_029883.jpg,outputs/final_freeze/lynx-wild/images/czechlynx_2638__p16e_038109.jpg,no,1,0.8922857,0.147302,0.55,0.55,0.55,0.660019,0.0,0.630536,0.330931,review,evaluation,,,,,,,,Phase18N confirmatory reviewability packet; labels are not identity labels.
phase18n_dinov2_vitl14_blind_0571,dinov2_vitl14,confirmatory_stratified_blind_review,rank_06_10__similarity_high__quality_low__same_identity__admission_mid,rank_06_10,similarity_high,quality_low,same_identity,admission_mid,phase18a_czechlynx_1367,phase18a_czechlynx_1844,outputs/final_freeze/lynx-wild/images/czechlynx_1367__p16e_028380.jpg,outputs/final_freeze/lynx-wild/images/czechlynx_1844__p16e_028324.jpg,yes,7,0.97233367,0.972666,0.55,0.55,0.55,0.938391,0.286729,0.73367,0.824502,review,evaluation,,,,,,,,Phase18N confirmatory reviewability packet; labels are not identity labels.
phase18n_dinov2_vitl14_blind_0572,dinov2_vitl14,confirmatory_stratified_blind_review,rank_06_10__similarity_low__quality_low__same_identity__admission_high,rank_06_10,similarity_low,quality_low,same_identity,admission_high,phase18a_czechlynx_1918,phase18a_czechlynx_1888,outputs/final_freeze/lynx-wild/images/czechlynx_1918__p16e_028215.jpg,outputs/final_freeze/lynx-wild/images/czechlynx_1888__p16e_028243.jpg,yes,10,0.93935174,0.596777,0.55,0.55,0.55,0.993117,0.0,0.76875,0.662127,review,evaluation,,,,,,,,Phase18N confirmatory reviewability packet; labels are not identity labels.
phase18n_dinov2_vitl14_blind_0573,dinov2_vitl14,confirmatory_stratified_blind_review,rank_02_05__similarity_mid__quality_low__different_identity__admission_low,rank_02_05,similarity_mid,quality_low,different_identity,admission_low,phase18a_czechlynx_1479,phase18a_czechlynx_1939,outputs/final_freeze/lynx-wild/images/czechlynx_1479__p16e_033045.jpg,outputs/final_freeze/lynx-wild/images/czechlynx_1939__p16e_031235.jpg,no,2,0.95059228,0.779396,0.385645,0.55,0.385645,0.746027,0.267618,0.595274,0.655906,review,evaluation,,,,,,,,Phase18N confirmatory reviewability packet; labels are not identity labels.
phase18n_dinov2_vitl14_blind_0574,dinov2_vitl14,confirmatory_stratified_blind_review,rank_02_05__similarity_mid__quality_low__same_identity__admission_high,rank_02_05,similarity_mid,quality_low,same_identity,admission_high,phase18a_czechlynx_1467,phase18a_czechlynx_1438,outputs/final_freeze/lynx-wild/images/czechlynx_1467__p16e_032540.jpg,outputs/final_freeze/lynx-wild/images/czechlynx_1438__p16e_032527.jpg,yes,2,0.96227157,0.920049,0.55,0.55,0.55,0.996147,0.213897,0.759147,0.816127,review,evaluation,,,,,,,,Phase18N confirmatory reviewability packet; labels are not identity labels.
phase18n_dinov2_vitl14_blind_0575,dinov2_vitl14,confirmatory_stratified_blind_review,rank_01__similarity_high__quality_low__same_identity__admission_low,rank_01,similarity_high,quality_low,same_identity,admission_low,phase18a_czechlynx_1352,phase18a_czechlynx_1689,outputs/final_freeze/lynx-wild/images/czechlynx_1352__p16e_028242.jpg,outputs/final_freeze/lynx-wild/images/czechlynx_1689__p16e_028143.jpg,yes,1,0.97457445,0.978416,0.55,0.55,0.55,0.903542,0.304677,0.720898,0.819624,review,evaluation,,,,,,,,Phase18N confirmatory reviewability packet; labels are not identity labels.
phase18n_dinov2_vitl14_blind_0576,dinov2_vitl14,confirmatory_stratified_blind_review,rank_11_20__similarity_mid__quality_low__same_identity__admission_low,rank_11_20,similarity_mid,quality_low,same_identity,admission_low,phase18a_czechlynx_2892,phase18a_czechlynx_1778,outputs/final_freeze/lynx-wild/images/czechlynx_2892__p16e_029884.jpg,outputs/final_freeze/lynx-wild/images/czechlynx_1778__p16e_028357.jpg,yes,12,0.94990003,0.770046,0.55,0.55,0.55,0.686403,0.172305,0.665736,0.695947,review,evaluation,,,,,,,,Phase18N confirmatory reviewability packet; labels are not identity labels.
phase18n_dinov2_vitl14_blind_0577,dinov2_vitl14,confirmatory_stratified_blind_review,rank_06_10__similarity_low__quality_low__different_identity__admission_mid,rank_06_10,similarity_low,quality_low,different_identity,admission_mid,phase18a_czechlynx_2765,phase18a_czechlynx_2039,outputs/final_freeze/lynx-wild/images/czechlynx_2765__p16e_028649.jpg,outputs/final_freeze/lynx-wild/images/czechlynx_2039__p16e_010619.jpg,no,7,0.90872782,0.22232,0.55,0.55,0.55,0.968933,0.0,0.724533,0.413161,review,evaluation,,,,,,,,Phase18N confirmatory reviewability packet; labels are not identity labels.
phase18n_dinov2_vitl14_blind_0578,dinov2_vitl14,confirmatory_stratified_blind_review,rank_02_05__similarity_low__quality_low__different_identity__admission_low,rank_02_05,similarity_low,quality_low,different_identity,admission_low,phase18a_czechlynx_2533,phase18a_czechlynx_2762,outputs/final_freeze/lynx-wild/images/czechlynx_2533__p16e_006779.jpg,outputs/final_freeze/lynx-wild/images/czechlynx_2762__p16e_045069.jpg,no,3,0.93076444,0.458324,0.55,0.55,0.55,0.875704,0.0,0.72203,0.558532,review,evaluation,,,,,,,,Phase18N confirmatory reviewability packet; labels are not identity labels.
phase18n_dinov2_vitl14_blind_0579,dinov2_vitl14,confirmatory_stratified_blind_review,rank_11_20__similarity_low__quality_low__different_identity__admission_low,rank_11_20,similarity_low,quality_low,different_identity,admission_low,phase18a_czechlynx_1396,phase18a_czechlynx_2392,outputs/final_freeze/lynx-wild/images/czechlynx_1396__p16e_045903.jpg,outputs/final_freeze/lynx-wild/images/czechlynx_2392__p16e_045278.jpg,no,15,0.49534172,0.006367,0.55,0.55,0.55,0.852227,0.0,0.67026,0.258646,review,evaluation,,,,,,,,Phase18N confirmatory reviewability packet; labels are not identity labels.
phase18n_dinov2_vitl14_blind_0580,dinov2_vitl14,confirmatory_stratified_blind_review,rank_06_10__similarity_mid__quality_low__same_identity__admission_high,rank_06_10,similarity_mid,quality_low,same_identity,admission_high,phase18a_czechlynx_1761,phase18a_czechlynx_1429,outputs/final_freeze/lynx-wild/images/czechlynx_1761__p16e_028442.jpg,outputs/final_freeze/lynx-wild/images/czechlynx_1429__p16e_028419.jpg,yes,8,0.94814551,0.744379,0.55,0.55,0.55,0.955893,0.052317,0.762625,0.740849,review,evaluation,,,,,,,,Phase18N confirmatory reviewability packet; labels are not identity labels.
phase18n_dinov2_vitl14_blind_0581,dinov2_vitl14,confirmatory_stratified_blind_review,rank_02_05__similarity_low__quality_low__same_identity__admission_mid,rank_02_05,similarity_low,quality_low,same_identity,admission_mid,phase18a_czechlynx_1932,phase18a_czechlynx_1987,outputs/final_freeze/lynx-wild/images/czechlynx_1932__p16e_028564.jpg,outputs/final_freeze/lynx-wild/images/czechlynx_1987__p16e_028335.jpg,yes,2,0.92357641,0.362173,0.55,0.55,0.55,0.958041,0.0,0.735469,0.504025,review,evaluation,,,,,,,,Phase18N confirmatory reviewability packet; labels are not identity labels.
phase18n_dinov2_vitl14_blind_0582,dinov2_vitl14,confirmatory_stratified_blind_review,rank_06_10__similarity_low__quality_low__same_identity__admission_mid,rank_06_10,similarity_low,quality_low,same_identity,admission_mid,phase18a_czechlynx_1311,phase18a_czechlynx_1601,outputs/final_freeze/lynx-wild/images/czechlynx_1311__p16e_028449.jpg,outputs/final_freeze/lynx-wild/images/czechlynx_1601__p16e_028468.jpg,yes,10,0.92463523,0.375623,0.55,0.55,0.55,0.945653,0.0,0.733345,0.511557,review,evaluation,,,,,,,,Phase18N confirmatory reviewability packet; labels are not identity labels.
phase18n_dinov2_vitl14_blind_0583,dinov2_vitl14,confirmatory_stratified_blind_review,rank_06_10__similarity_mid__quality_low__same_identity__admission_mid,rank_06_10,similarity_mid,quality_low,same_identity,admission_mid,phase18a_czechlynx_1366,phase18a_czechlynx_1816,outputs/final_freeze/lynx-wild/images/czechlynx_1366__p16e_028516.jpg,outputs/final_freeze/lynx-wild/images/czechlynx_1816__p16e_028435.jpg,yes,10,0.96267456,0.922932,0.55,0.55,0.55,0.964843,0.227737,0.747902,0.810873,review,evaluation,,,,,,,,Phase18N confirmatory reviewability packet; labels are not identity labels.
phase18n_dinov2_vitl14_blind_0584,dinov2_vitl14,confirmatory_stratified_blind_review,rank_01__similarity_mid__quality_low__different_identity__admission_high,rank_01,similarity_mid,quality_low,different_identity,admission_high,phase18a_czechlynx_0853,phase18a_czechlynx_2080,outputs/final_freeze/lynx-wild/images/czechlynx_0853__czlx_expanded_0222.jpg,outputs/final_freeze/lynx-wild/images/czechlynx_2080__p16e_039978.jpg,no,1,0.94948077,0.763446,0.55,0.55,0.55,0.93491,0.078728,0.753374,0.743873,review,evaluation,,,,,,,,Phase18N confirmatory reviewability packet; labels are not identity labels.
phase18n_dinov2_vitl14_blind_0585,dinov2_vitl14,confirmatory_stratified_blind_review,rank_06_10__similarity_mid__quality_low__different_identity__admission_mid,rank_06_10,similarity_mid,quality_low,different_identity,admission_mid,phase18a_czechlynx_2489,phase18a_czechlynx_1916,outputs/final_freeze/lynx-wild/images/czechlynx_2489__p16e_034265.jpg,outputs/final_freeze/lynx-wild/images/czechlynx_1916__p16e_039757.jpg,no,7,0.95894462,0.889148,0.55,0.55,0.55,0.921602,0.209087,0.736146,0.78919,review,evaluation,,,,,,,,Phase18N confirmatory reviewability packet; labels are not identity labels.
phase18n_dinov2_vitl14_blind_0586,dinov2_vitl14,confirmatory_stratified_blind_review,rank_02_05__similarity_high__quality_low__same_identity__admission_low,rank_02_05,similarity_high,quality_low,same_identity,admission_low,phase18a_czechlynx_1917,phase18a_czechlynx_1829,outputs/final_freeze/lynx-wild/images/czechlynx_1917__p16e_028329.jpg,outputs/final_freeze/lynx-wild/images/czechlynx_1829__p16e_028400.jpg,yes,5,0.96840084,0.957699,0.55,0.55,0.55,0.879076,0.292523,0.714407,0.806744,review,evaluation,,,,,,,,Phase18N confirmatory reviewability packet; labels are not identity labels.
phase18n_dinov2_vitl14_blind_0587,dinov2_vitl14,confirmatory_stratified_blind_review,rank_02_05__similarity_high__quality_low__same_identity__admission_mid,rank_02_05,similarity_high,quality_low,same_identity,admission_mid,phase18a_czechlynx_1456,phase18a_czechlynx_1713,outputs/final_freeze/lynx-wild/images/czechlynx_1456__p16e_028437.jpg,outputs/final_freeze/lynx-wild/images/czechlynx_1713__p16e_028518.jpg,yes,4,0.96837205,0.957566,0.55,0.55,0.55,0.922417,0.27722,0.729589,0.815491,review,evaluation,,,,,,,,Phase18N confirmatory reviewability packet; labels are not identity labels.
phase18n_dinov2_vitl14_blind_0588,dinov2_vitl14,confirmatory_stratified_blind_review,rank_11_20__similarity_low__quality_low__same_identity__admission_mid,rank_11_20,similarity_low,quality_low,same_identity,admission_mid,phase18a_czechlynx_2917,phase18a_czechlynx_1984,outputs/final_freeze/lynx-wild/images/czechlynx_2917__p16e_028622.jpg,outputs/final_freeze/lynx-wild/images/czechlynx_1984__p16e_028175.jpg,yes,12,0.92692244,0.404773,0.55,0.55,0.55,0.96899,0.0,0.742795,0.533222,review,evaluation,,,,,,,,Phase18N confirmatory reviewability packet; labels are not identity labels.
phase18n_dinov2_vitl14_blind_0589,dinov2_vitl14,confirmatory_stratified_blind_review,rank_01__similarity_low__quality_low__same_identity__admission_low,rank_01,similarity_low,quality_low,same_identity,admission_low,phase18a_czechlynx_2938,phase18a_czechlynx_2923,outputs/final_freeze/lynx-wild/images/czechlynx_2938__p16e_024888.jpg,outputs/final_freeze/lynx-wild/images/czechlynx_2923__p16e_024895.jpg,yes,1,0.93350846,0.500108,0.55,0.55,0.55,0.856098,0.0,0.720718,0.58394,review,evaluation,,,,,,,,Phase18N confirmatory reviewability packet; labels are not identity labels.
phase18n_dinov2_vitl14_blind_0590,dinov2_vitl14,confirmatory_stratified_blind_review,rank_06_10__similarity_low__quality_low__same_identity__admission_mid,rank_06_10,similarity_low,quality_low,same_identity,admission_mid,phase18a_czechlynx_2053,phase18a_czechlynx_2094,outputs/final_freeze/lynx-wild/images/czechlynx_2053__p16e_028439.jpg,outputs/final_freeze/lynx-wild/images/czechlynx_2094__p16e_028422.jpg,yes,7,0.9110589,0.238021,0.55,0.55,0.55,0.989763,0.0,0.731936,0.425708,review,evaluation,,,,,,,,Phase18N confirmatory reviewability packet; labels are not identity labels.
phase18n_dinov2_vitl14_blind_0591,dinov2_vitl14,confirmatory_stratified_blind_review,rank_06_10__similarity_high__quality_low__same_identity__admission_low,rank_06_10,similarity_high,quality_low,same_identity,admission_low,phase18a_czechlynx_2016,phase18a_czechlynx_1619,outputs/final_freeze/lynx-wild/images/czechlynx_2016__p16e_028394.jpg,outputs/final_freeze/lynx-wild/images/czechlynx_1619__p16e_028365.jpg,yes,8,0.9707166,0.967249,0.55,0.55,0.55,0.901593,0.294192,0.721333,0.814963,review,evaluation,,,,,,,,Phase18N confirmatory reviewability packet; labels are not identity labels.
phase18n_dinov2_vitl14_blind_0592,dinov2_vitl14,confirmatory_stratified_blind_review,rank_11_20__similarity_mid__quality_low__different_identity__admission_mid,rank_11_20,similarity_mid,quality_low,different_identity,admission_mid,phase18a_czechlynx_2259,phase18a_czechlynx_2120,outputs/final_freeze/lynx-wild/images/czechlynx_2259__p16e_042179.jpg,outputs/final_freeze/lynx-wild/images/czechlynx_2120__p16e_042184.jpg,no,11,0.95721501,0.868498,0.55,0.55,0.55,0.940444,0.181842,0.744806,0.785127,review,evaluation,,,,,,,,Phase18N confirmatory reviewability packet; labels are not identity labels.
phase18n_dinov2_vitl14_blind_0593,dinov2_vitl14,confirmatory_stratified_blind_review,rank_01__similarity_low__quality_low__same_identity__admission_low,rank_01,similarity_low,quality_low,same_identity,admission_low,phase18a_czechlynx_2765,phase18a_czechlynx_2904,outputs/final_freeze/lynx-wild/images/czechlynx_2765__p16e_028649.jpg,outputs/final_freeze/lynx-wild/images/czechlynx_2904__p16e_028878.jpg,yes,1,0.9240061,0.367156,0.55,0.55,0.55,0.841419,0.0,0.703313,0.494896,review,evaluation,,,,,,,,Phase18N confirmatory reviewability packet; labels are not identity labels.
phase18n_dinov2_vitl14_blind_0594,dinov2_vitl14,confirmatory_stratified_blind_review,rank_06_10__similarity_mid__quality_low__same_identity__admission_low,rank_06_10,similarity_mid,quality_low,same_identity,admission_low,phase18a_czechlynx_1287,phase18a_czechlynx_1838,outputs/final_freeze/lynx-wild/images/czechlynx_1287__p16e_028549.jpg,outputs/final_freeze/lynx-wild/images/czechlynx_1838__p16e_028176.jpg,yes,9,0.9521966,0.80273,0.55,0.55,0.55,0.815075,0.159954,0.707503,0.734553,review,evaluation,,,,,,,,Phase18N confirmatory reviewability packet; labels are not identity labels.
phase18n_dinov2_vitl14_blind_0595,dinov2_vitl14,confirmatory_stratified_blind_review,rank_11_20__similarity_high__quality_low__same_identity__admission_low,rank_11_20,similarity_high,quality_low,same_identity,admission_low,phase18a_czechlynx_1542,phase18a_czechlynx_2112,outputs/final_freeze/lynx-wild/images/czechlynx_1542__p16e_028406.jpg,outputs/final_freeze/lynx-wild/images/czechlynx_2112__p16e_028181.jpg,yes,12,0.96719068,0.952166,0.55,0.55,0.55,0.83245,0.303308,0.698641,0.795165,review,evaluation,,,,,,,,Phase18N confirmatory reviewability packet; labels are not identity labels.
phase18n_dinov2_vitl14_blind_0596,dinov2_vitl14,confirmatory_stratified_blind_review,rank_02_05__similarity_low__quality_low__same_identity__admission_mid,rank_02_05,similarity_low,quality_low,same_identity,admission_mid,phase18a_czechlynx_1854,phase18a_czechlynx_1445,outputs/final_freeze/lynx-wild/images/czechlynx_1854__p16e_028460.jpg,outputs/final_freeze/lynx-wild/images/czechlynx_1445__p16e_028359.jpg,yes,5,0.92529571,0.383706,0.55,0.55,0.55,0.923024,0.0,0.727817,0.514468,review,evaluation,,,,,,,,Phase18N confirmatory reviewability packet; labels are not identity labels.
phase18n_dinov2_vitl14_blind_0597,dinov2_vitl14,confirmatory_stratified_blind_review,rank_01__similarity_low__quality_low__different_identity__admission_low,rank_01,similarity_low,quality_low,different_identity,admission_low,phase18a_czechlynx_1703,phase18a_czechlynx_1584,outputs/final_freeze/lynx-wild/images/czechlynx_1703__p16e_042489.jpg,outputs/final_freeze/lynx-wild/images/czechlynx_1584__p16e_032607.jpg,no,1,0.93836921,0.579776,0.55,0.55,0.55,0.739936,0.0,0.69616,0.624002,review,evaluation,,,,,,,,Phase18N confirmatory reviewability packet; labels are not identity labels.
phase18n_dinov2_vitl14_blind_0598,dinov2_vitl14,confirmatory_stratified_blind_review,rank_06_10__similarity_high__quality_low__same_identity__admission_low,rank_06_10,similarity_high,quality_low,same_identity,admission_low,phase18a_czechlynx_1619,phase18a_czechlynx_2097,outputs/final_freeze/lynx-wild/images/czechlynx_1619__p16e_028365.jpg,outputs/final_freeze/lynx-wild/images/czechlynx_2097__p16e_028393.jpg,yes,8,0.97118747,0.968983,0.55,0.55,0.55,0.90249,0.295611,0.721473,0.815807,review,evaluation,,,,,,,,Phase18N confirmatory reviewability packet; labels are not identity labels.
phase18n_dinov2_vitl14_blind_0599,dinov2_vitl14,confirmatory_stratified_blind_review,rank_02_05__similarity_mid__quality_low__different_identity__admission_mid,rank_02_05,similarity_mid,quality_low,different_identity,admission_mid,phase18a_czechlynx_2622,phase18a_czechlynx_2229,outputs/final_freeze/lynx-wild/images/czechlynx_2622__p16e_044942.jpg,outputs/final_freeze/lynx-wild/images/czechlynx_2229__p16e_043330.jpg,no,2,0.96269637,0.923065,0.55,0.55,0.55,0.929688,0.240175,0.735584,0.803787,review,evaluation,,,,,,,,Phase18N confirmatory reviewability packet; labels are not identity labels.
phase18n_dinov2_vitl14_blind_0600,dinov2_vitl14,confirmatory_stratified_blind_review,rank_02_05__similarity_mid__quality_low__same_identity__admission_high,rank_02_05,similarity_mid,quality_low,same_identity,admission_high,phase18a_czechlynx_1945,phase18a_czechlynx_1795,outputs/final_freeze/lynx-wild/images/czechlynx_1945__p16e_028213.jpg,outputs/final_freeze/lynx-wild/images/czechlynx_1795__p16e_028219.jpg,yes,4,0.94540787,0.701395,0.55,0.55,0.55,0.980077,0.000868,0.775387,0.729338,review,evaluation,,,,,,,,Phase18N confirmatory reviewability packet; labels are not identity labels.
