removed_path,size_bytes,sha256,reason,retained_path
outputs/v2_candidate_reservoir/measurement_feasibility_pilot/current_structural_oracle_reliability_audit.json,2102,c0ee14a2cc382e83e071f3690f7107712b3fe67491890ce8aa407046b6554c21,superseded reliability audit from the removed current analyzer,outputs/v2_candidate_reservoir/measurement_feasibility_pilot/structural_oracle_reliability_audit_latest.json
.venv/lib/python3.11/site-packages/altair/datasets/_metadata/metadata.parquet,8902,0a7184ba96a35446d85d723268c099e8ab067511a0d63b9c8758fa33081b9dbc,incomplete local virtual environment without a Python executable; it cannot reproduce an execution environment,README.md
.venv/lib/python3.11/site-packages/dateutil/zoneinfo/dateutil-zoneinfo.tar.gz,156400,d3ea52e7b6e968de0d884df1288193596fa95b803db4f92a18279a7398004475,incomplete local virtual environment without a Python executable; it cannot reproduce an execution environment,README.md
.venv/lib/python3.11/site-packages/distutils-precedence.pth,151,2638ce9e2500e572a5e0de7faed6661eb569d1b696fcba07b0dd223da5f5d224,incomplete local virtual environment without a Python executable; it cannot reproduce an execution environment,README.md
.venv/lib/python3.11/site-packages/numpy/_core/tests/data/astype_copy.pkl,716,9564b309cbf3441ff0a6e4468fddaca46230fab34f15c77d87025a455bdf59d9,incomplete local virtual environment without a Python executable; it cannot reproduce an execution environment,README.md
.venv/lib/python3.11/site-packages/numpy/_core/tests/data/generate_umath_validation_data.cpp,5842,0506a4079a3c32aeb4cdec79a2f54ed086ad35aef16c5f09bd79ad93adfbdd2a,incomplete local virtual environment without a Python executable; it cannot reproduce an execution environment,README.md
.venv/lib/python3.11/site-packages/numpy/_core/tests/data/recarray_from_file.fits,8640,340d24962cf7d4594b9d8c6fde9a737abb8e36a35892e12fb6ce70cd711e21ce,incomplete local virtual environment without a Python executable; it cannot reproduce an execution environment,README.md
.venv/lib/python3.11/site-packages/numpy/_core/tests/data/umath-validation-set-README.txt,967,a715b039a1866a169177e0250227437e870bcab0220e9d3085fe610bb858c2a3,incomplete local virtual environment without a Python executable; it cannot reproduce an execution environment,README.md
.venv/lib/python3.11/site-packages/numpy/_core/tests/data/umath-validation-set-arccos.csv,61365,c81973f2be919e701885d9686f3186a3614a63e0e849341a3f6eb2f35dfc6b72,incomplete local virtual environment without a Python executable; it cannot reproduce an execution environment,README.md
.venv/lib/python3.11/site-packages/numpy/_core/tests/data/umath-validation-set-arccosh.csv,61365,d065deed71b56778d701c2be3a5128b7f0dfdcc7ad0d04a56e6dcc27ffe23109,incomplete local virtual environment without a Python executable; it cannot reproduce an execution environment,README.md
.venv/lib/python3.11/site-packages/numpy/_core/tests/data/umath-validation-set-arcsin.csv,61339,c3f4afd8d0e7fa62d9480a9be7a253da0e1ba81cf16008a179d5b11ee7fcdae5,incomplete local virtual environment without a Python executable; it cannot reproduce an execution environment,README.md
.venv/lib/python3.11/site-packages/numpy/_core/tests/data/umath-validation-set-arcsinh.csv,60289,0d9acc6286596723350c3c97354c52973c7a6ce81a8e74522d6033c5c3dc93c9,incomplete local virtual environment without a Python executable; it cannot reproduce an execution environment,README.md
.venv/lib/python3.11/site-packages/numpy/_core/tests/data/umath-validation-set-arctan.csv,60305,d1aa2c5d9fbd0d84e8a74963e1b7dc04dc1856f8d9756d7785b3114d1453995d,incomplete local virtual environment without a Python executable; it cannot reproduce an execution environment,README.md
.venv/lib/python3.11/site-packages/numpy/_core/tests/data/umath-validation-set-arctanh.csv,61339,1c42bd78fc753a42ab5c82a4314574231ae6b03a8896029d76223e2ef176276d,incomplete local virtual environment without a Python executable; it cannot reproduce an execution environment,README.md
.venv/lib/python3.11/site-packages/numpy/_core/tests/data/umath-validation-set-cbrt.csv,60846,bfce7931366287e7d9a7f1ae103b2ddaa688b315386bbbe501b788272db12a97,incomplete local virtual environment without a Python executable; it cannot reproduce an execution environment,README.md
.venv/lib/python3.11/site-packages/numpy/_core/tests/data/umath-validation-set-cos.csv,59122,d0f3670ea2a4a2467b11154381b7acf0a35973e21226b65495565ce4b916d7c1,incomplete local virtual environment without a Python executable; it cannot reproduce an execution environment,README.md
.venv/lib/python3.11/site-packages/numpy/_core/tests/data/umath-validation-set-cosh.csv,60869,24a0b89caaf7c13cc0fd7352890bd552af73918cb8763bedbb6fa3e1967fece7,incomplete local virtual environment without a Python executable; it cannot reproduce an execution environment,README.md
.venv/lib/python3.11/site-packages/numpy/_core/tests/data/umath-validation-set-exp.csv,17491,ad401621bbf278a87dacf7e9da7d19abb00aabf9ef1e981b8332e3025961b1e9,incomplete local virtual environment without a Python executable; it cannot reproduce an execution environment,README.md
.venv/lib/python3.11/site-packages/numpy/_core/tests/data/umath-validation-set-exp2.csv,58624,763a2c4feddf4e988dfdfff658eba680cbae2a00bf5e1a553be42c505c08eae5,incomplete local virtual environment without a Python executable; it cannot reproduce an execution environment,README.md
.venv/lib/python3.11/site-packages/numpy/_core/tests/data/umath-validation-set-expm1.csv,60299,2bb8cbe8de0a4065fbd5f8f986f624cdc31793b32641eb3c170acd7f2acfa605,incomplete local virtual environment without a Python executable; it cannot reproduce an execution environment,README.md
.venv/lib/python3.11/site-packages/numpy/_core/tests/data/umath-validation-set-log.csv,11692,ca7cdb55b2b1173c56170c479f15fb1699bebdad3da08de82b5fe54ded7d838c,incomplete local virtual environment without a Python executable; it cannot reproduce an execution environment,README.md
.venv/lib/python3.11/site-packages/numpy/_core/tests/data/umath-validation-set-log10.csv,68922,34e043fab39623f14f1b85666f3bb726d5fd500f37f1fd80683140fb06a2a860,incomplete local virtual environment without a Python executable; it cannot reproduce an execution environment,README.md
.venv/lib/python3.11/site-packages/numpy/_core/tests/data/umath-validation-set-log1p.csv,60303,b5d6d858fa96233f0111b232925ca787fb69409ce8f7bd0475de1e93a0ec3dbf,incomplete local virtual environment without a Python executable; it cannot reproduce an execution environment,README.md
.venv/lib/python3.11/site-packages/numpy/_core/tests/data/umath-validation-set-log2.csv,68917,dfd1140f4bc531bc32a17a0e8600a689de8d78401053b15fed01633ec54e6c81,incomplete local virtual environment without a Python executable; it cannot reproduce an execution environment,README.md
.venv/lib/python3.11/site-packages/numpy/_core/tests/data/umath-validation-set-sin.csv,58611,f0f5239d0fd87e6c456f8d9726bbe9be691e4a910e9445d298dbc82b85607c03,incomplete local virtual environment without a Python executable; it cannot reproduce an execution environment,README.md
.venv/lib/python3.11/site-packages/numpy/_core/tests/data/umath-validation-set-sinh.csv,60293,5ceb0152e3dc32388efe97af31a96999dd2246fda09a787dbbb6d5f592cb83c2,incomplete local virtual environment without a Python executable; it cannot reproduce an execution environment,README.md
.venv/lib/python3.11/site-packages/numpy/_core/tests/data/umath-validation-set-tan.csv,60299,1efd9650c22c71fbd0279639062a6e1e4e28138558e9029b429fe4351742a984,incomplete local virtual environment without a Python executable; it cannot reproduce an execution environment,README.md
.venv/lib/python3.11/site-packages/numpy/_core/tests/data/umath-validation-set-tanh.csv,60299,8a895917f30ec964606126be4ac0f875fe669f214ad7cceb20223be34496a137,incomplete local virtual environment without a Python executable; it cannot reproduce an execution environment,README.md
.venv/lib/python3.11/site-packages/numpy/lib/tests/data/py2-np0-objarr.npy,258,64ba08ecade24295c392ea03175626c9ce896f0e099e06d0282f60adab9546c9,incomplete local virtual environment without a Python executable; it cannot reproduce an execution environment,README.md
.venv/lib/python3.11/site-packages/numpy/lib/tests/data/py2-objarr.npy,258,178732502fbf4c1f504852c0a3673b738e2b0ba35460882b7c6c7d3ea58f48a9,incomplete local virtual environment without a Python executable; it cannot reproduce an execution environment,README.md
.venv/lib/python3.11/site-packages/numpy/lib/tests/data/py2-objarr.npz,366,c68d771c14f415b159daabd9cf42d61836f74ae40049269787baca7d57098f1e,incomplete local virtual environment without a Python executable; it cannot reproduce an execution environment,README.md
.venv/lib/python3.11/site-packages/numpy/lib/tests/data/py3-objarr.npy,325,ee6b6290a9475e9e2e9d984cf1e068b7c0a49e5c750687c975def7369d8f5bca,incomplete local virtual environment without a Python executable; it cannot reproduce an execution environment,README.md
.venv/lib/python3.11/site-packages/numpy/lib/tests/data/py3-objarr.npz,453,bd5465f7f359effabe86376e52bf185a7cd1cbc1123659af30f95a4920baf5f9,incomplete local virtual environment without a Python executable; it cannot reproduce an execution environment,README.md
.venv/lib/python3.11/site-packages/numpy/lib/tests/data/python3.npy,96,5f469dde101a2c65e283d2ed487028f8180ebcb9457cf60c9d9b952314668fed,incomplete local virtual environment without a Python executable; it cannot reproduce an execution environment,README.md
.venv/lib/python3.11/site-packages/numpy/lib/tests/data/win64python2.npy,96,6a039c807558149ad5fa7ad12436c69d49c5e194cf617b92785f8cb60ec63297,incomplete local virtual environment without a Python executable; it cannot reproduce an execution environment,README.md
.venv/lib/python3.11/site-packages/numpy/random/tests/data/__init__.py,0,e3b0c44298fc1c149afbf4c8996fb92427ae41e4649b934ca495991b7852b855,incomplete local virtual environment without a Python executable; it cannot reproduce an execution environment,README.md
.venv/lib/python3.11/site-packages/numpy/random/tests/data/generator_pcg64_np121.pkl.gz,203,11f43e5fbd0a9078010055f6a483dc09497830d3f564d44e697394ef9bdd8aa3,incomplete local virtual environment without a Python executable; it cannot reproduce an execution environment,README.md
.venv/lib/python3.11/site-packages/numpy/random/tests/data/generator_pcg64_np126.pkl.gz,208,7cdf1d78d5715fe1c42c0d5e219df691db58bdce21c0ac9aeb0bf4d0625e1f46,incomplete local virtual environment without a Python executable; it cannot reproduce an execution environment,README.md
.venv/lib/python3.11/site-packages/numpy/random/tests/data/mt19937-testset-1.csv,15844,5e479fe34d80541f9e660610915b68c444479317df080f49cadfe831bb491b06,incomplete local virtual environment without a Python executable; it cannot reproduce an execution environment,README.md
.venv/lib/python3.11/site-packages/numpy/random/tests/data/mt19937-testset-2.csv,15825,9ec04440d9df7fe6858c760ae2d863bd42b8c525c349fbf96936dc139f693a41,incomplete local virtual environment without a Python executable; it cannot reproduce an execution environment,README.md
.venv/lib/python3.11/site-packages/numpy/random/tests/data/pcg64-testset-1.csv,23839,c41d340e99271944d30b10ebf4be9a368f47b3eb1fcc431b5124b8b75d534df1,incomplete local virtual environment without a Python executable; it cannot reproduce an execution environment,README.md
.venv/lib/python3.11/site-packages/numpy/random/tests/data/pcg64-testset-2.csv,23845,3537734cabc6d94eff5b253f228414b4ccd4de412f0c7dfd0a09d1e95ce14e4c,incomplete local virtual environment without a Python executable; it cannot reproduce an execution environment,README.md
.venv/lib/python3.11/site-packages/numpy/random/tests/data/pcg64dxsm-testset-1.csv,23833,bcd4944fe8174bfa04c3f6b04773b7d338953b8b1e34f52fd54219d3549f5672,incomplete local virtual environment without a Python executable; it cannot reproduce an execution environment,README.md
.venv/lib/python3.11/site-packages/numpy/random/tests/data/pcg64dxsm-testset-2.csv,23839,bb2952f0f536008299d7ce4e0b4e1106bfce78fc1e191b6f9fe744e18374c980,incomplete local virtual environment without a Python executable; it cannot reproduce an execution environment,README.md
.venv/lib/python3.11/site-packages/numpy/random/tests/data/philox-testset-1.csv,23852,49e751688cb9cc569d9a4ef59caac6c42159e81c0acfc83503df8e669dc89246,incomplete local virtual environment without a Python executable; it cannot reproduce an execution environment,README.md
.venv/lib/python3.11/site-packages/numpy/random/tests/data/philox-testset-2.csv,23838,756102b7eb1b7ef69288af3e620a7902aca3a0de62dba5443ab5ea834d6b9378,incomplete local virtual environment without a Python executable; it cannot reproduce an execution environment,README.md
.venv/lib/python3.11/site-packages/numpy/random/tests/data/sfc64-testset-1.csv,23840,887b3a897e8a47c6f11b02a4fb7b5e74074c3f3e995bcb250d25040a402a0bc4,incomplete local virtual environment without a Python executable; it cannot reproduce an execution environment,README.md
.venv/lib/python3.11/site-packages/numpy/random/tests/data/sfc64-testset-2.csv,23833,1480c80c509a3d97d6512c6c24c01ee7c84f36632b536ee409df45842118b7f9,incomplete local virtual environment without a Python executable; it cannot reproduce an execution environment,README.md
.venv/lib/python3.11/site-packages/numpy/random/tests/data/sfc64_np126.pkl.gz,290,3156b5ca5172ec350f81404afa821e292755978518122377019ec6dec773cdac,incomplete local virtual environment without a Python executable; it cannot reproduce an execution environment,README.md
.venv/lib/python3.11/site-packages/numpy/typing/tests/data/fail/arithmetic.pyi,3686,1ae70fbfe05868d0f3e21ecf7300bead90a28f0f9275c46c6532ae03b439d760,incomplete local virtual environment without a Python executable; it cannot reproduce an execution environment,README.md
.venv/lib/python3.11/site-packages/numpy/typing/tests/data/fail/array_constructors.pyi,1200,9f1aa7d1d75789be25d55875e044618878d5df95b21611bcddad177cc14a0461,incomplete local virtual environment without a Python executable; it cannot reproduce an execution environment,README.md
.venv/lib/python3.11/site-packages/numpy/typing/tests/data/fail/array_like.pyi,496,92506968170e34e0dc3c2d4bced75567752e20fc1737c9142bf7bdb3f427668a,incomplete local virtual environment without a Python executable; it cannot reproduce an execution environment,README.md
.venv/lib/python3.11/site-packages/numpy/typing/tests/data/fail/array_pad.pyi,137,9adfa786bb3a7f860fef18178b3b62ee4fc0c05009e74c8af7b7ccacc00011db,incomplete local virtual environment without a Python executable; it cannot reproduce an execution environment,README.md
.venv/lib/python3.11/site-packages/numpy/typing/tests/data/fail/arrayprint.pyi,528,f33e2cb335dedc4b71f19c85c10963d55ccbee918a5b50ab971ca9a68562c494,incomplete local virtual environment without a Python executable; it cannot reproduce an execution environment,README.md
.venv/lib/python3.11/site-packages/numpy/typing/tests/data/fail/arrayterator.pyi,463,f58f1a0f69640ceed470ba3dc92474a67573d29da87e5d8bab85d31e0a0c5f10,incomplete local virtual environment without a Python executable; it cannot reproduce an execution environment,README.md
.venv/lib/python3.11/site-packages/numpy/typing/tests/data/fail/bitwise_ops.pyi,380,6db7f73d841f4e9e28584764a87ca359494bdbcc3f088e70ebafb7502f759187,incomplete local virtual environment without a Python executable; it cannot reproduce an execution environment,README.md
.venv/lib/python3.11/site-packages/numpy/typing/tests/data/fail/char.pyi,2674,87c3e64d4fa7706edc62cc6acf6931be1d681a0b691d593c97f2864e688442fc,incomplete local virtual environment without a Python executable; it cannot reproduce an execution environment,README.md
.venv/lib/python3.11/site-packages/numpy/typing/tests/data/fail/chararray.pyi,2249,9419781dea2a9006506f9c87bb9f8badf6eeaa579d4da9a70315c08a873e05a3,incomplete local virtual environment without a Python executable; it cannot reproduce an execution environment,README.md
.venv/lib/python3.11/site-packages/numpy/typing/tests/data/fail/comparisons.pyi,736,b310b5f8122d0bb0f7f4073546ce236999c246bac7b75b8b1d8f780cdcc155b6,incomplete local virtual environment without a Python executable; it cannot reproduce an execution environment,README.md
.venv/lib/python3.11/site-packages/numpy/typing/tests/data/fail/constants.pyi,78,387681268e86616f780655162900dab798e28ade59032fe1fb96dbd565099cb5,incomplete local virtual environment without a Python executable; it cannot reproduce an execution environment,README.md
.venv/lib/python3.11/site-packages/numpy/typing/tests/data/fail/datasource.pyi,420,5858a419d6446a330e575e48521cf62ff4c5ed49e9e7f5aa1171f2587615694a,incomplete local virtual environment without a Python executable; it cannot reproduce an execution environment,README.md
.venv/lib/python3.11/site-packages/numpy/typing/tests/data/fail/dtype.pyi,305,72ba8055998160b615f4dfa28623a728263540ae224f15fb2784ef89a73656ae,incomplete local virtual environment without a Python executable; it cannot reproduce an execution environment,README.md
.venv/lib/python3.11/site-packages/numpy/typing/tests/data/fail/einsumfunc.pyi,458,e105a4c04e2caf96cacf9f8e0a33f379472be15fb0a5a32ca9e7b63d70f0ca3c,incomplete local virtual environment without a Python executable; it cannot reproduce an execution environment,README.md
.venv/lib/python3.11/site-packages/numpy/typing/tests/data/fail/flatiter.pyi,1131,595f477757f9fb2edcbbdfc718d17cceffd410ddde8f0e0edad380529a2d6e01,incomplete local virtual environment without a Python executable; it cannot reproduce an execution environment,README.md
.venv/lib/python3.11/site-packages/numpy/typing/tests/data/fail/fromnumeric.pyi,5688,7022a2afe1d8eb9f889157f4133d5dfa0484b849c01731253a484aab2e8402a4,incomplete local virtual environment without a Python executable; it cannot reproduce an execution environment,README.md
.venv/lib/python3.11/site-packages/numpy/typing/tests/data/fail/histograms.pyi,376,c20236086f8fd236c3c382a8851fe76c9c6a6b7e0f4f57ba9e69cb8bd29b3d03,incomplete local virtual environment without a Python executable; it cannot reproduce an execution environment,README.md
.venv/lib/python3.11/site-packages/numpy/typing/tests/data/fail/index_tricks.pyi,517,44d64b1de30ea525f9f7811e9b85b226b33f428baa9dd191563d9841a90937e1,incomplete local virtual environment without a Python executable; it cannot reproduce an execution environment,README.md
.venv/lib/python3.11/site-packages/numpy/typing/tests/data/fail/lib_function_base.pyi,2663,a3e2c46a4f13f1bdf3a4d79b25a42e29aea6784098cf476e47f32d6ff330e713,incomplete local virtual environment without a Python executable; it cannot reproduce an execution environment,README.md
.venv/lib/python3.11/site-packages/numpy/typing/tests/data/fail/lib_polynomial.pyi,937,6378e5c2282fb6be6d1441efaf74a082e315b1865ef1cbec76029c6af81fb9cb,incomplete local virtual environment without a Python executable; it cannot reproduce an execution environment,README.md
.venv/lib/python3.11/site-packages/numpy/typing/tests/data/fail/lib_utils.pyi,98,e8e73fc182349afd25ef8a78a44895b4a8e4585360e169978c65bbff6cc4292e,incomplete local virtual environment without a Python executable; it cannot reproduce an execution environment,README.md
.venv/lib/python3.11/site-packages/numpy/typing/tests/data/fail/lib_version.pyi,154,06f001b3669e0ba64750692bb28c2ef342acdb6a5bc5433048f27c7398bb1f5e,incomplete local virtual environment without a Python executable; it cannot reproduce an execution environment,README.md
.venv/lib/python3.11/site-packages/numpy/typing/tests/data/fail/linalg.pyi,1540,683feecafeb8051df5f741630bc57c67cdf678edcaf4f8c35ee4ab1fdf0e6057,incomplete local virtual environment without a Python executable; it cannot reproduce an execution environment,README.md
.venv/lib/python3.11/site-packages/numpy/typing/tests/data/fail/ma.pyi,7006,3c97ae7e653b5bea05202512d3fc045f017730dc65895c267f8b8b24317b438e,incomplete local virtual environment without a Python executable; it cannot reproduce an execution environment,README.md
.venv/lib/python3.11/site-packages/numpy/typing/tests/data/fail/memmap.pyi,169,b973cb715c7bdba05bc3ddc4e6474873b2b4b2cbcb219a097cd4d42ccb406bff,incomplete local virtual environment without a Python executable; it cannot reproduce an execution environment,README.md
.venv/lib/python3.11/site-packages/numpy/typing/tests/data/fail/modules.pyi,603,98404b218eaf6403c87f606ec8970c011f856ab4a44f9e45465bacaec474a82a,incomplete local virtual environment without a Python executable; it cannot reproduce an execution environment,README.md
.venv/lib/python3.11/site-packages/numpy/typing/tests/data/fail/multiarray.pyi,1666,c87932f5e68b6214729bc0f3a792a426c4b0231a99027e0b542c804bbbe59ff7,incomplete local virtual environment without a Python executable; it cannot reproduce an execution environment,README.md
.venv/lib/python3.11/site-packages/numpy/typing/tests/data/fail/ndarray.pyi,381,eb920388ea6b96ffac837ef94819a687afe160ece5b9c4d52dee361b29a78863,incomplete local virtual environment without a Python executable; it cannot reproduce an execution environment,README.md
.venv/lib/python3.11/site-packages/numpy/typing/tests/data/fail/ndarray_misc.pyi,1402,02c5d12d067888a0cef1e0984e86c8b5225a9fc160e6d29d67e589b760a05f35,incomplete local virtual environment without a Python executable; it cannot reproduce an execution environment,README.md
.venv/lib/python3.11/site-packages/numpy/typing/tests/data/fail/nditer.pyi,324,360ef91b254e74a18699e29a68febca0018aa06bea3f03a9063fa1d6c9f52cc8,incomplete local virtual environment without a Python executable; it cannot reproduce an execution environment,README.md
.venv/lib/python3.11/site-packages/numpy/typing/tests/data/fail/nested_sequence.pyi,464,af538b7449b9437bec2564ac6d3788b8fd46de67990b41d1332e4e0d27e4a0c2,incomplete local virtual environment without a Python executable; it cannot reproduce an execution environment,README.md
.venv/lib/python3.11/site-packages/numpy/typing/tests/data/fail/npyio.pyi,602,36e0d3b83029241d9bf33cd5715943f9400fff2c9c2254df30610e95001fe798,incomplete local virtual environment without a Python executable; it cannot reproduce an execution environment,README.md
.venv/lib/python3.11/site-packages/numpy/typing/tests/data/fail/numerictypes.pyi,124,349c6f8974c921a0e8cfbab9e9d06b1c204d346f9da13bbea08af2cf0511c474,incomplete local virtual environment without a Python executable; it cannot reproduce an execution environment,README.md
.venv/lib/python3.11/site-packages/numpy/typing/tests/data/fail/random.pyi,2903,22f29742ec5986e2ba334bb6c776383e15ef2e80bc3859d47687a779aa838881,incomplete local virtual environment without a Python executable; it cannot reproduce an execution environment,README.md
.venv/lib/python3.11/site-packages/numpy/typing/tests/data/fail/rec.pyi,741,79e15756f560e0385ead1300d53f0a111b538913756486daaf0e18a246fc5ab5,incomplete local virtual environment without a Python executable; it cannot reproduce an execution environment,README.md
.venv/lib/python3.11/site-packages/numpy/typing/tests/data/fail/scalars.pyi,2838,ad97936a51d0bc2d6902a6e0d86a793221f7fdc9b66ec22d31295f5560ad9b7b,incomplete local virtual environment without a Python executable; it cannot reproduce an execution environment,README.md
.venv/lib/python3.11/site-packages/numpy/typing/tests/data/fail/shape.pyi,132,2051327f997e08c37641b110982b6f37cccc3e337366cd5563660644ed799735,incomplete local virtual environment without a Python executable; it cannot reproduce an execution environment,README.md
.venv/lib/python3.11/site-packages/numpy/typing/tests/data/fail/shape_base.pyi,157,f37ebafbc9823628b50f45ba62b3a108dc68f2badfa904e13be7485563511ef0,incomplete local virtual environment without a Python executable; it cannot reproduce an execution environment,README.md
.venv/lib/python3.11/site-packages/numpy/typing/tests/data/fail/stride_tricks.pyi,330,83bf8363c65cf29cd30f238103ef2deb22058f515923d5e9bd575bc9b40dda2d,incomplete local virtual environment without a Python executable; it cannot reproduce an execution environment,README.md
.venv/lib/python3.11/site-packages/numpy/typing/tests/data/fail/strings.pyi,2333,c17f513ab44d8691fd83f7b03468d6b93294f877b8c5a371aedcf60e6de23e8f,incomplete local virtual environment without a Python executable; it cannot reproduce an execution environment,README.md
.venv/lib/python3.11/site-packages/numpy/typing/tests/data/fail/testing.pyi,1399,9bc7763996750edb077e69d3c2f74c4444d47e8d25c11cda3978eec8d8b4f0f4,incomplete local virtual environment without a Python executable; it cannot reproduce an execution environment,README.md
.venv/lib/python3.11/site-packages/numpy/typing/tests/data/fail/twodim_base.pyi,1132,6b143a6570b34ad3db7532f5a53c0bf3b8de15503a943e6e079b335e9e33822b,incomplete local virtual environment without a Python executable; it cannot reproduce an execution environment,README.md
.venv/lib/python3.11/site-packages/numpy/typing/tests/data/fail/type_check.pyi,370,1dca32510a929bf8d1d94d71269e24b0f191c1e9da850ee17a553f3365abdda5,incomplete local virtual environment without a Python executable; it cannot reproduce an execution environment,README.md
.venv/lib/python3.11/site-packages/numpy/typing/tests/data/fail/ufunc_config.pyi,589,bf9addebc6364f32e994839a39733887ae87a92bfc5db6a94746f7c5aa1439d4,incomplete local virtual environment without a Python executable; it cannot reproduce an execution environment,README.md
.venv/lib/python3.11/site-packages/numpy/typing/tests/data/fail/ufunclike.pyi,649,7a309bea46fb9a6c4f1f442b0ec61f74548b2cf14ac74219f7148bb376173b38,incomplete local virtual environment without a Python executable; it cannot reproduce an execution environment,README.md
.venv/lib/python3.11/site-packages/numpy/typing/tests/data/fail/ufuncs.pyi,505,5c1a313b9f7ba689c19057027f0092decfa329f7270f30bf2b99f6b813eb0fa1,incomplete local virtual environment without a Python executable; it cannot reproduce an execution environment,README.md
.venv/lib/python3.11/site-packages/numpy/typing/tests/data/fail/warnings_and_errors.pyi,200,4a8148ce715dff10e27c8b12d29bf46aa4b606f859693eb1b0e034cc9ad12640,incomplete local virtual environment without a Python executable; it cannot reproduce an execution environment,README.md
.venv/lib/python3.11/site-packages/numpy/typing/tests/data/misc/extended_precision.pyi,322,6f7816336283e91e32819f2055b527dd2ce523c11254b0eabbe8efdddcc90abb,incomplete local virtual environment without a Python executable; it cannot reproduce an execution environment,README.md
.venv/lib/python3.11/site-packages/numpy/typing/tests/data/mypy.ini,214,ab477dc57bf7030ec99e03f0fbb12af2ba7842a6084e2b45e62205b2c5929993,incomplete local virtual environment without a Python executable; it cannot reproduce an execution environment,README.md
.venv/lib/python3.11/site-packages/numpy/typing/tests/data/pass/arithmetic.py,7766,5ce20dfa3fc05b340077d0a7def5b2f9b448812dbe2e5bca11252c3b76f4e57d,incomplete local virtual environment without a Python executable; it cannot reproduce an execution environment,README.md
.venv/lib/python3.11/site-packages/numpy/typing/tests/data/pass/array_constructors.py,2448,4499a7063266e3a1c6f6eb5aefeafed478ff284dabf4b5924adf8732b10b1187,incomplete local virtual environment without a Python executable; it cannot reproduce an execution environment,README.md
.venv/lib/python3.11/site-packages/numpy/typing/tests/data/pass/array_like.py,1032,ea551162b6811b0bdbaf2a0559e416f3a4c7932bae7ad0a395111e6c1ebbb974,incomplete local virtual environment without a Python executable; it cannot reproduce an execution environment,README.md
.venv/lib/python3.11/site-packages/numpy/typing/tests/data/pass/arrayprint.py,766,cbf2a4b8bcf5b8cee9bf9dea7eaec640ebae7782e85c4ddaa4ad70b4045d5723,incomplete local virtual environment without a Python executable; it cannot reproduce an execution environment,README.md
.venv/lib/python3.11/site-packages/numpy/typing/tests/data/pass/arrayterator.py,394,1ba0dd34451d24640d262bcf8a67296712477ecd24a34849d2b5cbe180f9db14,incomplete local virtual environment without a Python executable; it cannot reproduce an execution environment,README.md
.venv/lib/python3.11/site-packages/numpy/typing/tests/data/pass/bitwise_ops.py,959,f9fde6c9e248b548e83b40895c1c080f0620e2160286c0cd2bbad256970ca4c5,incomplete local virtual environment without a Python executable; it cannot reproduce an execution environment,README.md
.venv/lib/python3.11/site-packages/numpy/typing/tests/data/pass/comparisons.py,3290,13fd387876d97a9aab40b77c2fc2e059c7fe8dbc333b35cfa8bda9811e0618ab,incomplete local virtual environment without a Python executable; it cannot reproduce an execution environment,README.md
.venv/lib/python3.11/site-packages/numpy/typing/tests/data/pass/dtype.py,1070,603b9801bd282a825cf5e3a7289ba83df2db20a3a011d134e3f098c514b85392,incomplete local virtual environment without a Python executable; it cannot reproduce an execution environment,README.md
.venv/lib/python3.11/site-packages/numpy/typing/tests/data/pass/einsumfunc.py,1370,7978f92f93163ed40782b1cfb09dfaaaaae6047a9cb7d528ba38c90af1e71759,incomplete local virtual environment without a Python executable; it cannot reproduce an execution environment,README.md
.venv/lib/python3.11/site-packages/numpy/typing/tests/data/pass/flatiter.py,262,e857625daade8a3b3ebbb453e6211630364a1b6f48ec39e5de94ebd313010cee,incomplete local virtual environment without a Python executable; it cannot reproduce an execution environment,README.md
.venv/lib/python3.11/site-packages/numpy/typing/tests/data/pass/fromnumeric.py,3991,77f8552f2ad50c53d5c77ddaa8b23200661843c5c0245233ac0b04f100a8a1fe,incomplete local virtual environment without a Python executable; it cannot reproduce an execution environment,README.md
.venv/lib/python3.11/site-packages/numpy/typing/tests/data/pass/index_tricks.py,1404,2047759dd5e6c0f092dc46b332570fec5a9cd1fb28e1227756e93b77f51e7cbd,incomplete local virtual environment without a Python executable; it cannot reproduce an execution environment,README.md
.venv/lib/python3.11/site-packages/numpy/typing/tests/data/pass/lib_user_array.py,618,88f7a448def9fec56130f35928e9452d6d61f0cb3699803eb3277f91e5aeb3fe,incomplete local virtual environment without a Python executable; it cannot reproduce an execution environment,README.md
.venv/lib/python3.11/site-packages/numpy/typing/tests/data/pass/lib_utils.py,317,6e3d6c100e20b267b3a9b61da8a9d5b4acd8fdf6fae30ecf12867036f69a51d0,incomplete local virtual environment without a Python executable; it cannot reproduce an execution environment,README.md
.venv/lib/python3.11/site-packages/numpy/typing/tests/data/pass/lib_version.py,299,1e7b863b1eed400fdb731148277751a0c011d1fa1c931838946a90e20ecb188c,incomplete local virtual environment without a Python executable; it cannot reproduce an execution environment,README.md
.venv/lib/python3.11/site-packages/numpy/typing/tests/data/pass/literal.py,1509,eafb28334ff558c7f23f3f0815fba0a12588f6accf9a1d438f48534badd3051f,incomplete local virtual environment without a Python executable; it cannot reproduce an execution environment,README.md
.venv/lib/python3.11/site-packages/numpy/typing/tests/data/pass/ma.py,3922,632f62036b208ce495574403d2631ba6c0997202bd83803a96fcfab199b41918,incomplete local virtual environment without a Python executable; it cannot reproduce an execution environment,README.md
.venv/lib/python3.11/site-packages/numpy/typing/tests/data/pass/mod.py,1571,3c08ed41a054b10b7eec778b66d7dd99749f2e8a2d70b391e04f99c2d19b9147,incomplete local virtual environment without a Python executable; it cannot reproduce an execution environment,README.md
.venv/lib/python3.11/site-packages/numpy/typing/tests/data/pass/modules.py,625,83d3e1c8b3baadf9581d9b66af2c755564ee6e984de1300f5127e8898ae24ea1,incomplete local virtual environment without a Python executable; it cannot reproduce an execution environment,README.md
.venv/lib/python3.11/site-packages/numpy/typing/tests/data/pass/multiarray.py,1379,70e6cc286f4239fb3657d6f605edb9357f2cd00e99e85935a5e3c01637b27d4c,incomplete local virtual environment without a Python executable; it cannot reproduce an execution environment,README.md
.venv/lib/python3.11/site-packages/numpy/typing/tests/data/pass/ndarray_conversion.py,1449,628e2a64e5ecf59907c4ea840e76ec0e8d955c5e04d84fd1645b9ddadf7e4665,incomplete local virtual environment without a Python executable; it cannot reproduce an execution environment,README.md
.venv/lib/python3.11/site-packages/numpy/typing/tests/data/pass/ndarray_misc.py,3356,c1145eeca5de98012ffb1e911f286c286fabfbc4875ae9076625f8a615a684d4,incomplete local virtual environment without a Python executable; it cannot reproduce an execution environment,README.md
.venv/lib/python3.11/site-packages/numpy/typing/tests/data/pass/ndarray_shape_manipulation.py,640,dfb798c0c36a30bc1a9c85bdfbade1ae891a7274b3d8afeab4f52591da6c4e3a,incomplete local virtual environment without a Python executable; it cannot reproduce an execution environment,README.md
.venv/lib/python3.11/site-packages/numpy/typing/tests/data/pass/nditer.py,63,9d83b8e4bc3764d6d0abbe5586df3acf32d9e1c5b33f79a5d2bc433e562df3ff,incomplete local virtual environment without a Python executable; it cannot reproduce an execution environment,README.md
.venv/lib/python3.11/site-packages/numpy/typing/tests/data/pass/numeric.py,1492,8316f301067ff37a1cf42690a2ed836906471d6545242ab4a095f012f6b3ec67,incomplete local virtual environment without a Python executable; it cannot reproduce an execution environment,README.md
.venv/lib/python3.11/site-packages/numpy/typing/tests/data/pass/numerictypes.py,331,eb1e9e37dfb936c49051273aadfddf622792da9a18118d2dfee8dbc2017d4b94,incomplete local virtual environment without a Python executable; it cannot reproduce an execution environment,README.md
.venv/lib/python3.11/site-packages/numpy/typing/tests/data/pass/random.py,61825,20c1c5194cb618bcc9706933e80e9b60d6273b9c9f2ebd0866a97e7043573ec0,incomplete local virtual environment without a Python executable; it cannot reproduce an execution environment,README.md
.venv/lib/python3.11/site-packages/numpy/typing/tests/data/pass/recfunctions.py,4974,59202eacc00b5afcfce79f6312f180678a05cf78acae06eaec076e9721ea6fa0,incomplete local virtual environment without a Python executable; it cannot reproduce an execution environment,README.md
.venv/lib/python3.11/site-packages/numpy/typing/tests/data/pass/scalars.py,3725,53ba8b32b4226bff27ca7f649c899185955a492fc35c1f3ae6aa2d8e8b32c5f6,incomplete local virtual environment without a Python executable; it cannot reproduce an execution environment,README.md
.venv/lib/python3.11/site-packages/numpy/typing/tests/data/pass/shape.py,439,183bf5ebf19372f8610cc4c1ac616f786aa9abd1caa3ec9b1a8d1bff1734ddda,incomplete local virtual environment without a Python executable; it cannot reproduce an execution environment,README.md
.venv/lib/python3.11/site-packages/numpy/typing/tests/data/pass/simple.py,2755,df82747cd198bd947a582ac29c222aeafd70df9edde7e91f632a23e792c9d5b0,incomplete local virtual environment without a Python executable; it cannot reproduce an execution environment,README.md
.venv/lib/python3.11/site-packages/numpy/typing/tests/data/pass/ufunc_config.py,1205,bb35ce84297d3782cf57d855d88aa0fec92090a31b04f045d065cf53d10c7ae1,incomplete local virtual environment without a Python executable; it cannot reproduce an execution environment,README.md
.venv/lib/python3.11/site-packages/numpy/typing/tests/data/pass/ufunclike.py,1351,dc11ed2711b286ac749a09413f2c287c2dcf62c293b87861ac663d66bbf04796,incomplete local virtual environment without a Python executable; it cannot reproduce an execution environment,README.md
.venv/lib/python3.11/site-packages/numpy/typing/tests/data/pass/ufuncs.py,422,d517a6fe07849b8ab20f75da440d4d00f2b0af762346aebccdb2250bf5e18bd3,incomplete local virtual environment without a Python executable; it cannot reproduce an execution environment,README.md
.venv/lib/python3.11/site-packages/numpy/typing/tests/data/pass/warnings_and_errors.py,161,1132d99034c6a59b29bf08d56006659c0d601f83c9e1b498e4f916cb14e3bac5,incomplete local virtual environment without a Python executable; it cannot reproduce an execution environment,README.md
.venv/lib/python3.11/site-packages/numpy/typing/tests/data/reveal/arithmetic.pyi,26799,c69232c816516a057dbcf25903e5e698ee5397cb6470ea1fae2a4fd517cd56e3,incomplete local virtual environment without a Python executable; it cannot reproduce an execution environment,README.md
.venv/lib/python3.11/site-packages/numpy/typing/tests/data/reveal/array_api_info.pyi,3017,a16296d32192f7129c2d99c7d9079e8b1301708ef874d21cc19af46f01a60d53,incomplete local virtual environment without a Python executable; it cannot reproduce an execution environment,README.md
.venv/lib/python3.11/site-packages/numpy/typing/tests/data/reveal/array_constructors.pyi,14763,f9958bf7414c585d2146993d8626ac745d82d3d0099253061340d6a4a0e05c26,incomplete local virtual environment without a Python executable; it cannot reproduce an execution environment,README.md
.venv/lib/python3.11/site-packages/numpy/typing/tests/data/reveal/arraypad.pyi,904,c1039be6e77febf9e12364d827a36cab8339166b6388646081078e2cb8201585,incomplete local virtual environment without a Python executable; it cannot reproduce an execution environment,README.md
.venv/lib/python3.11/site-packages/numpy/typing/tests/data/reveal/arrayprint.pyi,772,c366fdfc418a619c7cff220517c17223e9990380f8eb474763852168edeb9a2f,incomplete local virtual environment without a Python executable; it cannot reproduce an execution environment,README.md
.venv/lib/python3.11/site-packages/numpy/typing/tests/data/reveal/arraysetops.pyi,4411,1e17b8f6b2e08f43fc4971259dc36f2de0afd4ea9d23e8abc81ffaef7c3bbcbe,incomplete local virtual environment without a Python executable; it cannot reproduce an execution environment,README.md
.venv/lib/python3.11/site-packages/numpy/typing/tests/data/reveal/arrayterator.pyi,1027,59582924b7004d5ed017b09a49cf847bf4d91bb2dbac3da185b76c749130ce64,incomplete local virtual environment without a Python executable; it cannot reproduce an execution environment,README.md
.venv/lib/python3.11/site-packages/numpy/typing/tests/data/reveal/bitwise_ops.pyi,4637,c89762d3b81883fc84654e060299547aefa727df52d7a403f65c5b8e237352e9,incomplete local virtual environment without a Python executable; it cannot reproduce an execution environment,README.md
.venv/lib/python3.11/site-packages/numpy/typing/tests/data/reveal/char.pyi,11552,73552564486c100954b907b8d96d89d142a55cc2f5a4ad76b5b731886cc295a0,incomplete local virtual environment without a Python executable; it cannot reproduce an execution environment,README.md
.venv/lib/python3.11/site-packages/numpy/typing/tests/data/reveal/chararray.pyi,5265,1eb46522c9b7c0c748fa2542e3f350573ff56e837c08588685e16ef5084b0654,incomplete local virtual environment without a Python executable; it cannot reproduce an execution environment,README.md
.venv/lib/python3.11/site-packages/numpy/typing/tests/data/reveal/comparisons.pyi,7181,d29c95cb50366eb3eb0f5a6609864210de4488cc521e1405694d1e52388f738e,incomplete local virtual environment without a Python executable; it cannot reproduce an execution environment,README.md
.venv/lib/python3.11/site-packages/numpy/typing/tests/data/reveal/constants.pyi,333,01acf096f17ef937b576ddf97fc9640cb36ea378d05ea986bdd743437ee3004d,incomplete local virtual environment without a Python executable; it cannot reproduce an execution environment,README.md
.venv/lib/python3.11/site-packages/numpy/typing/tests/data/reveal/ctypeslib.pyi,4134,53d64ee469c61f1572bfe39645858749772d1fb2c61cf58377235597fb1a4044,incomplete local virtual environment without a Python executable; it cannot reproduce an execution environment,README.md
.venv/lib/python3.11/site-packages/numpy/typing/tests/data/reveal/datasource.pyi,583,07d9c2a0e3c4e1f26f0487889c08140a0e6922cafc2183aefe24e8aadea7f8d7,incomplete local virtual environment without a Python executable; it cannot reproduce an execution environment,README.md
.venv/lib/python3.11/site-packages/numpy/typing/tests/data/reveal/dtype.pyi,4733,bfdcd7c5d014d0387463a9635c390ecb48270c17b831b699b1bdae8b5afa8f92,incomplete local virtual environment without a Python executable; it cannot reproduce an execution environment,README.md
.venv/lib/python3.11/site-packages/numpy/typing/tests/data/reveal/einsumfunc.pyi,1926,a8f624e56de56ab743760b10206caedf9ea22060e76f43f7f142900d759096b9,incomplete local virtual environment without a Python executable; it cannot reproduce an execution environment,README.md
.venv/lib/python3.11/site-packages/numpy/typing/tests/data/reveal/emath.pyi,2125,7dc7f4f867ed6110727c916e642f8cbf31e5414e00f9ff7e90f9f1cd0b78f04d,incomplete local virtual environment without a Python executable; it cannot reproduce an execution environment,README.md
.venv/lib/python3.11/site-packages/numpy/typing/tests/data/reveal/fft.pyi,1601,b99389d258e69a77a37cf13032c7d41836f9d8d3ae4e1ecda65ece370c7e6369,incomplete local virtual environment without a Python executable; it cannot reproduce an execution environment,README.md
.venv/lib/python3.11/site-packages/numpy/typing/tests/data/reveal/flatiter.pyi,3262,cf2318c84824b3e70d6185158b3f8483f8de0c4fdb4d70f04fafe0543168d9b5,incomplete local virtual environment without a Python executable; it cannot reproduce an execution environment,README.md
.venv/lib/python3.11/site-packages/numpy/typing/tests/data/reveal/fromnumeric.pyi,15428,f6c18853bdcdca3030e3d15c70d41dc535c7aa037d1245364d3f6da4ef38b5b1,incomplete local virtual environment without a Python executable; it cannot reproduce an execution environment,README.md
.venv/lib/python3.11/site-packages/numpy/typing/tests/data/reveal/getlimits.pyi,1586,cd5fcc49a2d1c33724c5f33734de2556467e0663822e79e7cb9c533445cf9960,incomplete local virtual environment without a Python executable; it cannot reproduce an execution environment,README.md
.venv/lib/python3.11/site-packages/numpy/typing/tests/data/reveal/histograms.pyi,1257,32becfec960c585f6333ac39a2d872ce1f02377ca077603e591a01e232269f39,incomplete local virtual environment without a Python executable; it cannot reproduce an execution environment,README.md
.venv/lib/python3.11/site-packages/numpy/typing/tests/data/reveal/index_tricks.pyi,3241,bed71d73b05d576d5549d88c2ea1c94fdd46f3f0aee71b877b78965d7db5eec0,incomplete local virtual environment without a Python executable; it cannot reproduce an execution environment,README.md
.venv/lib/python3.11/site-packages/numpy/typing/tests/data/reveal/lib_function_base.pyi,19963,d5d81dea8b28702e8c2e6691b84b1827429b011cf4c191b635872a02284550db,incomplete local virtual environment without a Python executable; it cannot reproduce an execution environment,README.md
.venv/lib/python3.11/site-packages/numpy/typing/tests/data/reveal/lib_polynomial.pyi,5702,769c3a7de85900291c596ff2741286e87f44d0eef18e07486ce4388867025e5a,incomplete local virtual environment without a Python executable; it cannot reproduce an execution environment,README.md
.venv/lib/python3.11/site-packages/numpy/typing/tests/data/reveal/lib_utils.pyi,436,a1009acb6345f296070f98cd81164a3639fcb895b84c9a943c8972b4ec034a2d,incomplete local virtual environment without a Python executable; it cannot reproduce an execution environment,README.md
.venv/lib/python3.11/site-packages/numpy/typing/tests/data/reveal/lib_version.pyi,572,cb864948b11e4b6ef765de9fa9a1365cd75ccd34b4f9cc08276627ff83ad9b8e,incomplete local virtual environment without a Python executable; it cannot reproduce an execution environment,README.md
.venv/lib/python3.11/site-packages/numpy/typing/tests/data/reveal/linalg.pyi,7192,2a3dc1191b2c63e3a10462d744b2687f407671b6264e2b357f10aa38462fd750,incomplete local virtual environment without a Python executable; it cannot reproduce an execution environment,README.md
.venv/lib/python3.11/site-packages/numpy/typing/tests/data/reveal/ma.pyi,50608,0b9f2618361525fed39115fa88664fb32e2ca4d8ea418a89d004f5e4601212ef,incomplete local virtual environment without a Python executable; it cannot reproduce an execution environment,README.md
.venv/lib/python3.11/site-packages/numpy/typing/tests/data/reveal/matrix.pyi,2830,6c65258d06f99ea8ccce0865c60e7b2056d7856363690a2b5225b74f3fba11d7,incomplete local virtual environment without a Python executable; it cannot reproduce an execution environment,README.md
.venv/lib/python3.11/site-packages/numpy/typing/tests/data/reveal/memmap.pyi,719,382704851e66bef5e4e14845ea546a9a4c54d8d700a89e27a80b81a5cae84358,incomplete local virtual environment without a Python executable; it cannot reproduce an execution environment,README.md
.venv/lib/python3.11/site-packages/numpy/typing/tests/data/reveal/mod.pyi,7178,4c719092781a383d1fc4aafa2c2e83efa781caeecffe4cbe2d650af01737726f,incomplete local virtual environment without a Python executable; it cannot reproduce an execution environment,README.md
.venv/lib/python3.11/site-packages/numpy/typing/tests/data/reveal/modules.pyi,1858,fc6bf182a97929b2452f5323e60140a61cf2182e38024b8d64b9d892ffb72d10,incomplete local virtual environment without a Python executable; it cannot reproduce an execution environment,README.md
.venv/lib/python3.11/site-packages/numpy/typing/tests/data/reveal/multiarray.pyi,8053,b3754db2dcc3693015bb9f7f69921582051ae034cc5cd7d0af55612c461251b4,incomplete local virtual environment without a Python executable; it cannot reproduce an execution environment,README.md
.venv/lib/python3.11/site-packages/numpy/typing/tests/data/reveal/nbit_base_example.pyi,674,b49c0e0aea0eb685d8e22094869d7a0230f3576ab065f35ea7982d75e462599f,incomplete local virtual environment without a Python executable; it cannot reproduce an execution environment,README.md
.venv/lib/python3.11/site-packages/numpy/typing/tests/data/reveal/ndarray_assignability.pyi,2911,239c34634439a9453b6be3a107755e35cac3ff3088dd710400d9648ace961d41,incomplete local virtual environment without a Python executable; it cannot reproduce an execution environment,README.md
.venv/lib/python3.11/site-packages/numpy/typing/tests/data/reveal/ndarray_conversion.pyi,3252,5d1625a1c112e6aac027a4fe53457f14c5a1377c27e24ad84a722cfca0681cc9,incomplete local virtual environment without a Python executable; it cannot reproduce an execution environment,README.md
.venv/lib/python3.11/site-packages/numpy/typing/tests/data/reveal/ndarray_misc.pyi,8691,05310308d7c1192ff3bc6fe11bcd0f29c713cfbedd231cb7288cc2f976fe9c97,incomplete local virtual environment without a Python executable; it cannot reproduce an execution environment,README.md
.venv/lib/python3.11/site-packages/numpy/typing/tests/data/reveal/ndarray_shape_manipulation.pyi,1698,e73fa67d3154cd053309c631ecf0c62d61bacfd4b2d719fab0558d1cd3c9c395,incomplete local virtual environment without a Python executable; it cannot reproduce an execution environment,README.md
.venv/lib/python3.11/site-packages/numpy/typing/tests/data/reveal/nditer.pyi,1898,ca287b504d0eca747b1ae5421a0c21ce34e3011c0e5e29037ba0ebe329910b68,incomplete local virtual environment without a Python executable; it cannot reproduce an execution environment,README.md
.venv/lib/python3.11/site-packages/numpy/typing/tests/data/reveal/nested_sequence.pyi,612,676bf0c1e523a2ac51d3351495d3945ec83a9a40df0cfd41332155da18dee59f,incomplete local virtual environment without a Python executable; it cannot reproduce an execution environment,README.md
.venv/lib/python3.11/site-packages/numpy/typing/tests/data/reveal/npyio.pyi,3500,9b55d9b1808120729e4bed495909b6998ee76ff887cd4e26b708b608c0b8af87,incomplete local virtual environment without a Python executable; it cannot reproduce an execution environment,README.md
.venv/lib/python3.11/site-packages/numpy/typing/tests/data/reveal/numeric.pyi,9072,c8aca05ba5c271862d38329e4316ee1a6c0340b530616bb9273762dbd2176e84,incomplete local virtual environment without a Python executable; it cannot reproduce an execution environment,README.md
.venv/lib/python3.11/site-packages/numpy/typing/tests/data/reveal/numerictypes.pyi,568,f17075a9ec74d6581aeabd215da361e97e8c0818cf64cd836294950600627088,incomplete local virtual environment without a Python executable; it cannot reproduce an execution environment,README.md
.venv/lib/python3.11/site-packages/numpy/typing/tests/data/reveal/polynomial_polybase.pyi,7626,42849ddb3367be7e785741d8af81e21c7276d47ba6de763d4ae3cf7acc04c88a,incomplete local virtual environment without a Python executable; it cannot reproduce an execution environment,README.md
.venv/lib/python3.11/site-packages/numpy/typing/tests/data/reveal/polynomial_polyutils.pyi,10619,53fcea7261d1cf01155edff127c2727369167f308a4d691e6e289032eb80070b,incomplete local virtual environment without a Python executable; it cannot reproduce an execution environment,README.md
.venv/lib/python3.11/site-packages/numpy/typing/tests/data/reveal/polynomial_series.pyi,6880,bd298ec55810ce585b4f2f295b59c0319be7ab7bdcf623ff19441e471e044b8a,incomplete local virtual environment without a Python executable; it cannot reproduce an execution environment,README.md
.venv/lib/python3.11/site-packages/numpy/typing/tests/data/reveal/random.pyi,104296,c572686d2a799d505e966ac13bf393bd5f174276e76636c0c897eb470949b218,incomplete local virtual environment without a Python executable; it cannot reproduce an execution environment,README.md
.venv/lib/python3.11/site-packages/numpy/typing/tests/data/reveal/rec.pyi,3378,13c97190e438a92c305f6d18e1de37f2ce60fa44e734046c65ce1ff98f0e859a,incomplete local virtual environment without a Python executable; it cannot reproduce an execution environment,README.md
.venv/lib/python3.11/site-packages/numpy/typing/tests/data/reveal/scalars.pyi,6378,5719a9fd7f145b11bd8ecfcfc3bb7d97e5ceb39c7132164bf85bb6ca0c2126e6,incomplete local virtual environment without a Python executable; it cannot reproduce an execution environment,README.md
.venv/lib/python3.11/site-packages/numpy/typing/tests/data/reveal/shape.pyi,262,653e9ee4b5b89d4f74b40f80bf934b8b2a1a3d6f4d217fd791627e2ce3b387ce,incomplete local virtual environment without a Python executable; it cannot reproduce an execution environment,README.md
.venv/lib/python3.11/site-packages/numpy/typing/tests/data/reveal/shape_base.pyi,2006,c5b9edd23a6cd5d8d5c55327e0b8fc6f11a5fa61af6e1a9228555661c140a4b8,incomplete local virtual environment without a Python executable; it cannot reproduce an execution environment,README.md
.venv/lib/python3.11/site-packages/numpy/typing/tests/data/reveal/stride_tricks.pyi,1315,0a6f4ffc5ee9ae89aed331999a8f79ed2385099e8da7cc12bf979c47f841ebaf,incomplete local virtual environment without a Python executable; it cannot reproduce an execution environment,README.md
.venv/lib/python3.11/site-packages/numpy/typing/tests/data/reveal/strings.pyi,9547,5af49df311c877141d6a1dd0d19254bdaefd8df567801dd40fdc9be9ac035bcc,incomplete local virtual environment without a Python executable; it cannot reproduce an execution environment,README.md
.venv/lib/python3.11/site-packages/numpy/typing/tests/data/reveal/testing.pyi,8833,9cd04f5cba975014e959a65727be8750e524d9de7282214f462846d7a12980da,incomplete local virtual environment without a Python executable; it cannot reproduce an execution environment,README.md
.venv/lib/python3.11/site-packages/numpy/typing/tests/data/reveal/twodim_base.pyi,7475,ed380ee5ad86db867df51a773c4e835a0765340ec9ec669a4892ef017e1e8849,incomplete local virtual environment without a Python executable; it cannot reproduce an execution environment,README.md
.venv/lib/python3.11/site-packages/numpy/typing/tests/data/reveal/type_check.pyi,2392,5bbac95047ff8b02340f514856384211fcc88f0fd3d38a9c058171b8fc275c0a,incomplete local virtual environment without a Python executable; it cannot reproduce an execution environment,README.md
.venv/lib/python3.11/site-packages/numpy/typing/tests/data/reveal/ufunc_config.pyi,1161,4dcb5cae396b25fb274764ba185e080fc909b6da13d8290bc2a2329c939af1ae,incomplete local virtual environment without a Python executable; it cannot reproduce an execution environment,README.md
.venv/lib/python3.11/site-packages/numpy/typing/tests/data/reveal/ufunclike.pyi,1346,b24fc70d52de3a835e17854e1870c8d22513f181de78e263c726533b8ab475d1,incomplete local virtual environment without a Python executable; it cannot reproduce an execution environment,README.md
.venv/lib/python3.11/site-packages/numpy/typing/tests/data/reveal/ufuncs.pyi,6345,ba2a697aa2281bbe60bf43d2666d162fd690e661bace95d7ddd1d4cfaf94df4b,incomplete local virtual environment without a Python executable; it cannot reproduce an execution environment,README.md
.venv/lib/python3.11/site-packages/numpy/typing/tests/data/reveal/warnings_and_errors.pyi,449,e6aa911733cea27d46854fe2e421c3c502cf29570ed843216dcf39d55f06bac7,incomplete local virtual environment without a Python executable; it cannot reproduce an execution environment,README.md
.venv/lib/python3.11/site-packages/pyarrow/tests/data/feather/v0.17.0.version.2-compression.lz4.feather,594,ab371cec1a3839605762ccb229d0c9c1d4d1b2d32a075673d0688662d9dd0671,incomplete local virtual environment without a Python executable; it cannot reproduce an execution environment,README.md
.venv/lib/python3.11/site-packages/pyarrow/tests/data/orc/README.md,932,ff85f95eccd9a90b56015133e4dd556b8572c9ac864203432ab71d317d886f8b,incomplete local virtual environment without a Python executable; it cannot reproduce an execution environment,README.md
.venv/lib/python3.11/site-packages/pyarrow/tests/data/orc/TestOrcFile.emptyFile.jsn.gz,50,c4b8c05ddfb7b1cc770c2c9e02c9b14cedddbf5723f4a46f628a4a7b9ad03622,incomplete local virtual environment without a Python executable; it cannot reproduce an execution environment,README.md
.venv/lib/python3.11/site-packages/pyarrow/tests/data/orc/TestOrcFile.emptyFile.orc,523,ce3d39efd750057845ec9b81f99a6192643cd726cba3a09ae333d5e075e82266,incomplete local virtual environment without a Python executable; it cannot reproduce an execution environment,README.md
.venv/lib/python3.11/site-packages/pyarrow/tests/data/orc/TestOrcFile.test1.jsn.gz,323,90bc66c0c547b5fce91ea073b458df63f3d30a5a1a5e97c7abd0c30eccdbf169,incomplete local virtual environment without a Python executable; it cannot reproduce an execution environment,README.md
.venv/lib/python3.11/site-packages/pyarrow/tests/data/orc/TestOrcFile.test1.orc,1711,03827180c09f7d3933f7e5d3d504f5b60d93958651473d60ee220c9aace8bea0,incomplete local virtual environment without a Python executable; it cannot reproduce an execution environment,README.md
.venv/lib/python3.11/site-packages/pyarrow/tests/data/orc/TestOrcFile.testDate1900.jsn.gz,182453,a167fb78147766d380f75393bdd790258a2cd5a9f9ea6b06b09c2118e6a7de5a,incomplete local virtual environment without a Python executable; it cannot reproduce an execution environment,README.md
.venv/lib/python3.11/site-packages/pyarrow/tests/data/orc/TestOrcFile.testDate1900.orc,30941,9d8b1562150618e2fcd201e3dfbb22fef5f4761f10848312794e2c1e336275e3,incomplete local virtual environment without a Python executable; it cannot reproduce an execution environment,README.md
.venv/lib/python3.11/site-packages/pyarrow/tests/data/orc/decimal.jsn.gz,19313,91313261d3c3000485517f0d8b2af2e6644317e63e2ecae14808dbbb8e779af0,incomplete local virtual environment without a Python executable; it cannot reproduce an execution environment,README.md
.venv/lib/python3.11/site-packages/pyarrow/tests/data/orc/decimal.orc,16337,5b9715d9674bcb83ab4939ddfd0bf99eda611b84dc07e3321b8529445c12c496,incomplete local virtual environment without a Python executable; it cannot reproduce an execution environment,README.md
.venv/lib/python3.11/site-packages/pyarrow/tests/data/parquet/v0.7.1.all-named-index.parquet,3948,60f1945edc3e4ec38f6e234389e647a1b369de8afb9c7840c491a39880c0caa1,incomplete local virtual environment without a Python executable; it cannot reproduce an execution environment,README.md
.venv/lib/python3.11/site-packages/pyarrow/tests/data/parquet/v0.7.1.column-metadata-handling.parquet,2012,eec79b660a5f75c3f7ed092c4f71610cbeaf380f6047a1816aae3834256d398c,incomplete local virtual environment without a Python executable; it cannot reproduce an execution environment,README.md
.venv/lib/python3.11/site-packages/pyarrow/tests/data/parquet/v0.7.1.parquet,4372,be6773848ce905b99192adc68f0c3b2aabab7d214db50b92a52203790566ab2b,incomplete local virtual environment without a Python executable; it cannot reproduce an execution environment,README.md
.venv/lib/python3.11/site-packages/pyarrow/tests/data/parquet/v0.7.1.some-named-index.parquet,4008,5468128ea8a1091b5d07195471f3f9b3705247b69440aba45be6c68092dffc76,incomplete local virtual environment without a Python executable; it cannot reproduce an execution environment,README.md
tmp/pdfs/original_plan/page-14.png,333519,bdc373598f1bb048a7d6230959ace443f47d3381a95cd4d1c0cc7c939383f3ce,temporary PDF page renders and extraction report,docs/project-governance/SUPERSEDED_IMPLEMENTATIONS.md
tmp/pdfs/original_plan/page-15.png,414676,fc55e66658dd1667ac5c99ae26e1c3c359feb7321bdcab749ca259c2814f4535,temporary PDF page renders and extraction report,docs/project-governance/SUPERSEDED_IMPLEMENTATIONS.md
tmp/pdfs/original_plan/report.txt,47394,02ff066c0dc4b3671814398396ad18405076cc99477f6b09f6159d95d48562d7,temporary PDF page renders and extraction report,docs/project-governance/SUPERSEDED_IMPLEMENTATIONS.md
outputs/data-foundation/czechlynx-historical-validation/phase11/phase11_pair_level_pf_eri_table.csv,203060467,46c78213cadee8fa86ef4b3ac256b5a45c648f9552e433f7d1a2423438ce6127,rebuildable historical Phase11 training intermediate; summaries and audits are retained,outputs/data-foundation/czechlynx-historical-validation/phase11/phase11_pair_level_pf_eri_score_summary.csv
outputs/data-foundation/czechlynx-historical-validation/phase12/phase12_pair_candidate_analysis_table.csv,427274778,ee425771ef143baeb1624d6efc398fa338183dbe1623ae79d788c3c6a5bdf576,rebuildable historical Phase12 candidate intermediate; summaries and audits are retained,outputs/data-foundation/czechlynx-historical-validation/phase12/phase12_pair_candidate_analysis_summary.csv
outputs/data-foundation/czechlynx-historical-validation/phase13/learned_candidate_utility/phase13_candidate_utility_training_table.csv,347831976,1a77831541ca04b3ca99ed7296af50fa037109b1cb8e35d69b5fe3c1d54d3a84,"rebuildable historical Phase13 model-training intermediate; model results, summaries, and audits are retained",outputs/data-foundation/czechlynx-historical-validation/phase13/learned_candidate_utility/phase13_calibrated_utility_model_results.csv
outputs/data-foundation/czechlynx-historical-validation/phase13/rq4_training_control_manifest/phase13c_rq4_pair_training_control_manifest.csv,209520991,30c5f0cddf10d2bbfa9b7a29f51197678e6684381176c450b261ee1276516847,"rebuildable historical Phase13 RQ4 training-control intermediate; role, comparison, summary, and audit files are retained",outputs/data-foundation/czechlynx-historical-validation/phase13/rq4_training_control_manifest/phase13c_rq4_training_control_manifest_summary.md
outputs/v2_candidate_reservoir/PF_ERI_V2_KAGGLE_RAW_ARCHIVES/PF_ERI_V2_FULL_FRAME_LOCAL_MATCH_CONTROL.zip.bin,994674,eadffb1dd3632073589299af4236a2132f121b9fcb77976708c406a8c05c73d6,byte-identical transport suffix copy,outputs/v2_candidate_reservoir/full_frame_local_match_execution/2026-07-16_v1/PF_ERI_V2_FULL_FRAME_LOCAL_MATCH_CONTROL.zip
gpu/kaggle_v2_local_matcher_v2/__pycache__/local_match_runner_v2.cpython-312.pyc,31625,e158d9d36ebe1878d65f1b500b3b0e8557ca7a04a8849dc582c210f704a67ac4,rebuildable Python bytecode cache,.gitignore
scripts/__pycache__/audit_v2_timed_operational_rehearsal.cpython-312.pyc,12085,2e3ac72bedfd3cd041e9ca43a6b1d63468f94171fb48972dea911744287e304d,rebuildable Python bytecode cache,.gitignore
scripts/__pycache__/audit_ws04_four_stage_allocation.cpython-312.pyc,15724,0807179ff554ebc88d72999e111e69cfe4cfb469f66b719d9af30ee2b0ca6bed,rebuildable Python bytecode cache,.gitignore
scripts/__pycache__/audit_ws04_power_cost_inputs.cpython-312.pyc,10939,9a41aeb5276ca0ad8c9bb6ad34540e90eadef2a69283cd997de2e9d8cc5bd4fb,rebuildable Python bytecode cache,.gitignore
scripts/__pycache__/build_project_cleanup_indexes.cpython-312.pyc,12400,30c11a33e5a73a98d42bf9f1ad02c7ca491d5cd2de1cc3ae1aaaff9b851482e8,rebuildable Python bytecode cache,.gitignore
scripts/__pycache__/build_v2_timed_operational_rehearsal.cpython-312.pyc,30649,966b02b0a52aea8325b4431ccf8e08d2d98227325fcb0c5705eaea6972eadba2,rebuildable Python bytecode cache,.gitignore
scripts/__pycache__/simulate_ws04_power_cost_sensitivity.cpython-312.pyc,34418,f69b2dd306b9e045ba1616133777600d1b61fb4c35a2020531559422229f7409,rebuildable Python bytecode cache,.gitignore
tests/__pycache__/test_audit_ws04_four_stage_allocation.cpython-312.pyc,6951,e6b919e10ed081e1661b0196e47fc287d15eb46b4d539a433acc7bab4c8fdb84,rebuildable Python bytecode cache,.gitignore
tests/__pycache__/test_audit_ws04_power_cost_inputs.cpython-312.pyc,4065,dea4afb5024a6b29b6aaea3605c48008f98b6b033bf6107cc2cd628e99ca77ef,rebuildable Python bytecode cache,.gitignore
tests/__pycache__/test_project_cleanup_indexes.cpython-312.pyc,5391,cdd7eaefc96c018ff8c01b8a959acd28e41f5a5f3274d50a1589a79484461068,rebuildable Python bytecode cache,.gitignore
tests/__pycache__/test_simulate_ws04_power_cost_sensitivity.cpython-312.pyc,6702,42cd13c8d43661c58601881dcaac34aa7cf7d1932feac1edd6e8a9578506dd05,rebuildable Python bytecode cache,.gitignore
tests/__pycache__/test_v2_robust_local_match_runner.cpython-312.pyc,5898,bfa9014bfca075f07c45507939b9b477834377cb9b6b9cb78039ff4b19ee4c6d,rebuildable Python bytecode cache,.gitignore
tests/__pycache__/test_v2_timed_operational_rehearsal.cpython-312.pyc,12119,4f528685bfcfd3cd3d9450f073762dcf4e7e2847a765920d1876e9a709300f33,rebuildable Python bytecode cache,.gitignore
scripts/__pycache__/audit_ws04_four_stage_allocation.cpython-312.pyc,15724,0807179ff554ebc88d72999e111e69cfe4cfb469f66b719d9af30ee2b0ca6bed,rebuildable Python bytecode cache,.gitignore
scripts/__pycache__/audit_ws04_power_cost_inputs.cpython-312.pyc,10939,9a41aeb5276ca0ad8c9bb6ad34540e90eadef2a69283cd997de2e9d8cc5bd4fb,rebuildable Python bytecode cache,.gitignore
scripts/__pycache__/cleanup_superseded_artifacts.cpython-312.pyc,13774,bc0f9956fa7a94ccdcbdbfa8bbb22223439699d04a8bf78aa1e404019e405fb0,rebuildable Python bytecode cache,.gitignore
scripts/__pycache__/simulate_ws04_power_cost_sensitivity.cpython-312.pyc,34418,f69b2dd306b9e045ba1616133777600d1b61fb4c35a2020531559422229f7409,rebuildable Python bytecode cache,.gitignore
tests/__pycache__/test_audit_ws04_four_stage_allocation.cpython-312.pyc,6951,e6b919e10ed081e1661b0196e47fc287d15eb46b4d539a433acc7bab4c8fdb84,rebuildable Python bytecode cache,.gitignore
tests/__pycache__/test_audit_ws04_power_cost_inputs.cpython-312.pyc,4065,dea4afb5024a6b29b6aaea3605c48008f98b6b033bf6107cc2cd628e99ca77ef,rebuildable Python bytecode cache,.gitignore
tests/__pycache__/test_simulate_ws04_power_cost_sensitivity.cpython-312.pyc,6702,42cd13c8d43661c58601881dcaac34aa7cf7d1932feac1edd6e8a9578506dd05,rebuildable Python bytecode cache,.gitignore
work/pferi_v2/measurement_feasibility/reviewer_interface_dry_run/2026-07-14_v2_blinded_interface_dry_run_v3/reviewer_view/app.py,2666,eecc1e1e77aabc126d6078d2970de454c297855a3d684c2052d83dc628a8b5b5,unpacked original reviewer view duplicated by the completed returned package and retained original delivery ZIP,work/pferi_v2/measurement_feasibility/reviewer_interface_dry_run/2026-07-14_v2_blinded_interface_dry_run_v3/independent_browser_audit/returned_audits/2026-07-14_a001_completed/PF_ERI_V2_INTERFACE_AUDIT_DELIVERY/reviewer_view
work/pferi_v2/measurement_feasibility/reviewer_interface_dry_run/2026-07-14_v2_blinded_interface_dry_run_v3/reviewer_view/assets/asset_09e83f50104f7563d5bf.png,2421575,d23713911d7ccccd6cb5e84e6f9d521cb5f8c7caf0bfa08c442e54d9f2ba705f,unpacked original reviewer view duplicated by the completed returned package and retained original delivery ZIP,work/pferi_v2/measurement_feasibility/reviewer_interface_dry_run/2026-07-14_v2_blinded_interface_dry_run_v3/independent_browser_audit/returned_audits/2026-07-14_a001_completed/PF_ERI_V2_INTERFACE_AUDIT_DELIVERY/reviewer_view
work/pferi_v2/measurement_feasibility/reviewer_interface_dry_run/2026-07-14_v2_blinded_interface_dry_run_v3/reviewer_view/assets/asset_0e0b87c3ec3844d6c32f.png,1313068,ba8eb32cec0108867ef206da88bc020e047eb237959f0404d7937509f73b6c71,unpacked original reviewer view duplicated by the completed returned package and retained original delivery ZIP,work/pferi_v2/measurement_feasibility/reviewer_interface_dry_run/2026-07-14_v2_blinded_interface_dry_run_v3/independent_browser_audit/returned_audits/2026-07-14_a001_completed/PF_ERI_V2_INTERFACE_AUDIT_DELIVERY/reviewer_view
work/pferi_v2/measurement_feasibility/reviewer_interface_dry_run/2026-07-14_v2_blinded_interface_dry_run_v3/reviewer_view/assets/asset_161d398358afb685bebb.png,2546151,f400de4a1da556426016a7c44539d9b036af32a3b736316bf5adb0e0cc60cb6a,unpacked original reviewer view duplicated by the completed returned package and retained original delivery ZIP,work/pferi_v2/measurement_feasibility/reviewer_interface_dry_run/2026-07-14_v2_blinded_interface_dry_run_v3/independent_browser_audit/returned_audits/2026-07-14_a001_completed/PF_ERI_V2_INTERFACE_AUDIT_DELIVERY/reviewer_view
work/pferi_v2/measurement_feasibility/reviewer_interface_dry_run/2026-07-14_v2_blinded_interface_dry_run_v3/reviewer_view/assets/asset_1c67793e3096287a9d1e.png,1382276,55707eb4ee9453f1106d2a13e182eaa146d3346fd83e8914f3596ac68ca6f266,unpacked original reviewer view duplicated by the completed returned package and retained original delivery ZIP,work/pferi_v2/measurement_feasibility/reviewer_interface_dry_run/2026-07-14_v2_blinded_interface_dry_run_v3/independent_browser_audit/returned_audits/2026-07-14_a001_completed/PF_ERI_V2_INTERFACE_AUDIT_DELIVERY/reviewer_view
work/pferi_v2/measurement_feasibility/reviewer_interface_dry_run/2026-07-14_v2_blinded_interface_dry_run_v3/reviewer_view/assets/asset_1fa7fbea85f1e2db7909.png,669329,f16b3dfd4e03d59ca97a0c331e6ff551edece65168f7986130c7f0d203c847fb,unpacked original reviewer view duplicated by the completed returned package and retained original delivery ZIP,work/pferi_v2/measurement_feasibility/reviewer_interface_dry_run/2026-07-14_v2_blinded_interface_dry_run_v3/independent_browser_audit/returned_audits/2026-07-14_a001_completed/PF_ERI_V2_INTERFACE_AUDIT_DELIVERY/reviewer_view
work/pferi_v2/measurement_feasibility/reviewer_interface_dry_run/2026-07-14_v2_blinded_interface_dry_run_v3/reviewer_view/assets/asset_2388eec880254d0e1545.png,568489,e6444b455ae429410856b02bb45c6652bbea15c51d24454b9a2c4114d28ece63,unpacked original reviewer view duplicated by the completed returned package and retained original delivery ZIP,work/pferi_v2/measurement_feasibility/reviewer_interface_dry_run/2026-07-14_v2_blinded_interface_dry_run_v3/independent_browser_audit/returned_audits/2026-07-14_a001_completed/PF_ERI_V2_INTERFACE_AUDIT_DELIVERY/reviewer_view
work/pferi_v2/measurement_feasibility/reviewer_interface_dry_run/2026-07-14_v2_blinded_interface_dry_run_v3/reviewer_view/assets/asset_35adb2488c115514870a.png,2285476,2a95171e8fd6d40ecf57d8852623b22dfdb3eecfe95e1961af1f276d346fbe5b,unpacked original reviewer view duplicated by the completed returned package and retained original delivery ZIP,work/pferi_v2/measurement_feasibility/reviewer_interface_dry_run/2026-07-14_v2_blinded_interface_dry_run_v3/independent_browser_audit/returned_audits/2026-07-14_a001_completed/PF_ERI_V2_INTERFACE_AUDIT_DELIVERY/reviewer_view
work/pferi_v2/measurement_feasibility/reviewer_interface_dry_run/2026-07-14_v2_blinded_interface_dry_run_v3/reviewer_view/assets/asset_4845f34cb772fdc1c4ba.png,1121635,cb03da7cba38325f41f23ef69a419ec366c60578843b416858e453b80e48ab20,unpacked original reviewer view duplicated by the completed returned package and retained original delivery ZIP,work/pferi_v2/measurement_feasibility/reviewer_interface_dry_run/2026-07-14_v2_blinded_interface_dry_run_v3/independent_browser_audit/returned_audits/2026-07-14_a001_completed/PF_ERI_V2_INTERFACE_AUDIT_DELIVERY/reviewer_view
work/pferi_v2/measurement_feasibility/reviewer_interface_dry_run/2026-07-14_v2_blinded_interface_dry_run_v3/reviewer_view/assets/asset_4dac32b27bea076ac4fb.png,372741,a9f04fcdff5c470c70ad2843739d106d2b38e8f65edab006f2295ed02c1c698f,unpacked original reviewer view duplicated by the completed returned package and retained original delivery ZIP,work/pferi_v2/measurement_feasibility/reviewer_interface_dry_run/2026-07-14_v2_blinded_interface_dry_run_v3/independent_browser_audit/returned_audits/2026-07-14_a001_completed/PF_ERI_V2_INTERFACE_AUDIT_DELIVERY/reviewer_view
work/pferi_v2/measurement_feasibility/reviewer_interface_dry_run/2026-07-14_v2_blinded_interface_dry_run_v3/reviewer_view/assets/asset_573ff80ae60ead3b0ba8.png,1680155,27e18e090b130350ab3119473e93fe0a797d0d1a20e9be85dbc3c5c4fe09f9cf,unpacked original reviewer view duplicated by the completed returned package and retained original delivery ZIP,work/pferi_v2/measurement_feasibility/reviewer_interface_dry_run/2026-07-14_v2_blinded_interface_dry_run_v3/independent_browser_audit/returned_audits/2026-07-14_a001_completed/PF_ERI_V2_INTERFACE_AUDIT_DELIVERY/reviewer_view
work/pferi_v2/measurement_feasibility/reviewer_interface_dry_run/2026-07-14_v2_blinded_interface_dry_run_v3/reviewer_view/assets/asset_6b94f99953efa8f37d68.png,1482971,f37553e7d7ee5d3bbaa01d2281997ec009695a4ef8568a88a8ebb4da828853cc,unpacked original reviewer view duplicated by the completed returned package and retained original delivery ZIP,work/pferi_v2/measurement_feasibility/reviewer_interface_dry_run/2026-07-14_v2_blinded_interface_dry_run_v3/independent_browser_audit/returned_audits/2026-07-14_a001_completed/PF_ERI_V2_INTERFACE_AUDIT_DELIVERY/reviewer_view
work/pferi_v2/measurement_feasibility/reviewer_interface_dry_run/2026-07-14_v2_blinded_interface_dry_run_v3/reviewer_view/assets/asset_717ce9e3c3d8adb312b3.png,275913,320c4f7bfa8c55f66345b18236a40c476ad3a58ed8c86ab3b1bee3987fbe3902,unpacked original reviewer view duplicated by the completed returned package and retained original delivery ZIP,work/pferi_v2/measurement_feasibility/reviewer_interface_dry_run/2026-07-14_v2_blinded_interface_dry_run_v3/independent_browser_audit/returned_audits/2026-07-14_a001_completed/PF_ERI_V2_INTERFACE_AUDIT_DELIVERY/reviewer_view
work/pferi_v2/measurement_feasibility/reviewer_interface_dry_run/2026-07-14_v2_blinded_interface_dry_run_v3/reviewer_view/assets/asset_7272f10ecab4e387d248.png,2876896,f8e8c8ee14eb83b3b44f8c4732f843053d31077570256ff63283d1c1c1b196a7,unpacked original reviewer view duplicated by the completed returned package and retained original delivery ZIP,work/pferi_v2/measurement_feasibility/reviewer_interface_dry_run/2026-07-14_v2_blinded_interface_dry_run_v3/independent_browser_audit/returned_audits/2026-07-14_a001_completed/PF_ERI_V2_INTERFACE_AUDIT_DELIVERY/reviewer_view
work/pferi_v2/measurement_feasibility/reviewer_interface_dry_run/2026-07-14_v2_blinded_interface_dry_run_v3/reviewer_view/assets/asset_751023694781298f4910.png,1010905,1f78c7bda3d65578626a8495c6f8a68f55236d60aa9949dffb6576be00f3266a,unpacked original reviewer view duplicated by the completed returned package and retained original delivery ZIP,work/pferi_v2/measurement_feasibility/reviewer_interface_dry_run/2026-07-14_v2_blinded_interface_dry_run_v3/independent_browser_audit/returned_audits/2026-07-14_a001_completed/PF_ERI_V2_INTERFACE_AUDIT_DELIVERY/reviewer_view
work/pferi_v2/measurement_feasibility/reviewer_interface_dry_run/2026-07-14_v2_blinded_interface_dry_run_v3/reviewer_view/assets/asset_7c38043ad82fd72ead82.png,1063195,301bc8003821674340d4084e2ab95ff4414dafd62fdba0c1aa6f740b53242dda,unpacked original reviewer view duplicated by the completed returned package and retained original delivery ZIP,work/pferi_v2/measurement_feasibility/reviewer_interface_dry_run/2026-07-14_v2_blinded_interface_dry_run_v3/independent_browser_audit/returned_audits/2026-07-14_a001_completed/PF_ERI_V2_INTERFACE_AUDIT_DELIVERY/reviewer_view
work/pferi_v2/measurement_feasibility/reviewer_interface_dry_run/2026-07-14_v2_blinded_interface_dry_run_v3/reviewer_view/assets/asset_847fb4fb3b13da7a2553.png,617800,2d11a560d299e5626f60422121426e8659f5d6706d0e9e1dbd1f406589f1abe7,unpacked original reviewer view duplicated by the completed returned package and retained original delivery ZIP,work/pferi_v2/measurement_feasibility/reviewer_interface_dry_run/2026-07-14_v2_blinded_interface_dry_run_v3/independent_browser_audit/returned_audits/2026-07-14_a001_completed/PF_ERI_V2_INTERFACE_AUDIT_DELIVERY/reviewer_view
work/pferi_v2/measurement_feasibility/reviewer_interface_dry_run/2026-07-14_v2_blinded_interface_dry_run_v3/reviewer_view/assets/asset_84cd0a684282e3d42b88.png,1452113,819daf430c34fdfd841472a1c19e5ba955d7f142214b3589565e0eed48ff3183,unpacked original reviewer view duplicated by the completed returned package and retained original delivery ZIP,work/pferi_v2/measurement_feasibility/reviewer_interface_dry_run/2026-07-14_v2_blinded_interface_dry_run_v3/independent_browser_audit/returned_audits/2026-07-14_a001_completed/PF_ERI_V2_INTERFACE_AUDIT_DELIVERY/reviewer_view
work/pferi_v2/measurement_feasibility/reviewer_interface_dry_run/2026-07-14_v2_blinded_interface_dry_run_v3/reviewer_view/assets/asset_8b46218a03bb23b71ac1.png,512814,ddc7cb7252c628524f8e206ba461b5d727e08f29a6a9b625e376176d9f0b25b0,unpacked original reviewer view duplicated by the completed returned package and retained original delivery ZIP,work/pferi_v2/measurement_feasibility/reviewer_interface_dry_run/2026-07-14_v2_blinded_interface_dry_run_v3/independent_browser_audit/returned_audits/2026-07-14_a001_completed/PF_ERI_V2_INTERFACE_AUDIT_DELIVERY/reviewer_view
work/pferi_v2/measurement_feasibility/reviewer_interface_dry_run/2026-07-14_v2_blinded_interface_dry_run_v3/reviewer_view/assets/asset_929cd6969640af3b8a1e.png,2685294,a6f1b2b6e5615d6a37f53ac61f1b2fe0e75396323b57108b9cc0a53f159a524a,unpacked original reviewer view duplicated by the completed returned package and retained original delivery ZIP,work/pferi_v2/measurement_feasibility/reviewer_interface_dry_run/2026-07-14_v2_blinded_interface_dry_run_v3/independent_browser_audit/returned_audits/2026-07-14_a001_completed/PF_ERI_V2_INTERFACE_AUDIT_DELIVERY/reviewer_view
work/pferi_v2/measurement_feasibility/reviewer_interface_dry_run/2026-07-14_v2_blinded_interface_dry_run_v3/reviewer_view/assets/asset_95e86b16548a2b028629.png,284388,7bcb7e5b5424277e9c5f35cc66d22cc66731e1f885f92b77dfa72106ad4c8c71,unpacked original reviewer view duplicated by the completed returned package and retained original delivery ZIP,work/pferi_v2/measurement_feasibility/reviewer_interface_dry_run/2026-07-14_v2_blinded_interface_dry_run_v3/independent_browser_audit/returned_audits/2026-07-14_a001_completed/PF_ERI_V2_INTERFACE_AUDIT_DELIVERY/reviewer_view
work/pferi_v2/measurement_feasibility/reviewer_interface_dry_run/2026-07-14_v2_blinded_interface_dry_run_v3/reviewer_view/assets/asset_aef046fc6b5bdfaf6675.png,4416990,bdb6fdc938692f85771755c035910e98ec4e8906c32226084c66131d6e80486d,unpacked original reviewer view duplicated by the completed returned package and retained original delivery ZIP,work/pferi_v2/measurement_feasibility/reviewer_interface_dry_run/2026-07-14_v2_blinded_interface_dry_run_v3/independent_browser_audit/returned_audits/2026-07-14_a001_completed/PF_ERI_V2_INTERFACE_AUDIT_DELIVERY/reviewer_view
work/pferi_v2/measurement_feasibility/reviewer_interface_dry_run/2026-07-14_v2_blinded_interface_dry_run_v3/reviewer_view/assets/asset_d8a4dd0fe74310576928.png,1868505,cb98c312ce144551253b916fb1d55bff77b8d16b267b577ba04444c02aac179c,unpacked original reviewer view duplicated by the completed returned package and retained original delivery ZIP,work/pferi_v2/measurement_feasibility/reviewer_interface_dry_run/2026-07-14_v2_blinded_interface_dry_run_v3/independent_browser_audit/returned_audits/2026-07-14_a001_completed/PF_ERI_V2_INTERFACE_AUDIT_DELIVERY/reviewer_view
work/pferi_v2/measurement_feasibility/reviewer_interface_dry_run/2026-07-14_v2_blinded_interface_dry_run_v3/reviewer_view/assets/asset_e8e1b0af78fccbfd2898.png,2348470,051e379193abeb98ce410fc39762d5278617468a6aaa05edbfe6e9a89729e957,unpacked original reviewer view duplicated by the completed returned package and retained original delivery ZIP,work/pferi_v2/measurement_feasibility/reviewer_interface_dry_run/2026-07-14_v2_blinded_interface_dry_run_v3/independent_browser_audit/returned_audits/2026-07-14_a001_completed/PF_ERI_V2_INTERFACE_AUDIT_DELIVERY/reviewer_view
work/pferi_v2/measurement_feasibility/reviewer_interface_dry_run/2026-07-14_v2_blinded_interface_dry_run_v3/reviewer_view/assets/asset_fe2c63023f92e9c04dfa.png,674096,0109da043db71ceee7cc1d844ad93803ed1a333b6aea12af7898573dcca07e0a,unpacked original reviewer view duplicated by the completed returned package and retained original delivery ZIP,work/pferi_v2/measurement_feasibility/reviewer_interface_dry_run/2026-07-14_v2_blinded_interface_dry_run_v3/independent_browser_audit/returned_audits/2026-07-14_a001_completed/PF_ERI_V2_INTERFACE_AUDIT_DELIVERY/reviewer_view
work/pferi_v2/measurement_feasibility/reviewer_interface_dry_run/2026-07-14_v2_blinded_interface_dry_run_v3/reviewer_view/raw_response_template.csv,137,fa72b8a985a8f8f598f5b7ed0c70dcf4250c1d7c7cf59191e04038551f0ae1b5,unpacked original reviewer view duplicated by the completed returned package and retained original delivery ZIP,work/pferi_v2/measurement_feasibility/reviewer_interface_dry_run/2026-07-14_v2_blinded_interface_dry_run_v3/independent_browser_audit/returned_audits/2026-07-14_a001_completed/PF_ERI_V2_INTERFACE_AUDIT_DELIVERY/reviewer_view
work/pferi_v2/measurement_feasibility/reviewer_interface_dry_run/2026-07-14_v2_blinded_interface_dry_run_v3/reviewer_view/reviewer_packet.csv,1635,6306b63c7371e45a7b7d1c9f9a7f47ecb9760146f6d1f5f527c00cea85fdd88e,unpacked original reviewer view duplicated by the completed returned package and retained original delivery ZIP,work/pferi_v2/measurement_feasibility/reviewer_interface_dry_run/2026-07-14_v2_blinded_interface_dry_run_v3/independent_browser_audit/returned_audits/2026-07-14_a001_completed/PF_ERI_V2_INTERFACE_AUDIT_DELIVERY/reviewer_view
work/pferi_v2/measurement_feasibility/reviewer_interface_dry_run/2026-07-14_v2_blinded_interface_dry_run_v3/reviewer_view/reviewer_ui_manifest.json,204,88aa6f3e85d88f0275d28ee8819f3189a3a97e65b5d4dc9a667334aba4f8e05c,unpacked original reviewer view duplicated by the completed returned package and retained original delivery ZIP,work/pferi_v2/measurement_feasibility/reviewer_interface_dry_run/2026-07-14_v2_blinded_interface_dry_run_v3/independent_browser_audit/returned_audits/2026-07-14_a001_completed/PF_ERI_V2_INTERFACE_AUDIT_DELIVERY/reviewer_view
work/pferi_v2/measurement_feasibility/reviewer_interface_dry_run/2026-07-14_v2_blinded_interface_dry_run_v3/machine_static_audit_recheck.json,745,fbdad94a466bbc976ea749c7ac50570672e3c186071323f1388e678a75456191,byte-identical rerun of the retained machine static audit,work/pferi_v2/measurement_feasibility/reviewer_interface_dry_run/2026-07-14_v2_blinded_interface_dry_run_v3/machine_static_audit.json
outputs/pferi_v2/measurement_feasibility_pilot/structural_oracle_reliability_audit.json,1798,21d5afa24081c198dd1a2b9210f939a1583689d2e97e5630996ad049142b8c0a,superseded initial structural-oracle reliability calculation recorded in the iteration lineage,outputs/pferi_v2/measurement_feasibility_pilot/structural_oracle_reliability_audit_latest.json
outputs/pferi_v2/measurement_feasibility_pilot/structural_oracle_reliability_audit_v2.json,1904,d8f44251b20f48cf765da4f06c4fc5bcc07a283ce107174b9b730ffa00ae6b03,superseded intermediate structural-oracle reliability calculation recorded in the iteration lineage,outputs/pferi_v2/measurement_feasibility_pilot/structural_oracle_reliability_audit_latest.json
outputs/pferi_v2/measurement_feasibility_pilot/v2_local_match_package_audit.json,416,4a3def0e64ed355977e22eb1dc36a930feb548d0093fd729e4d811d3303d1835,audit for a removed initial local-match package; hash and disposition are retained in the iteration lineage,outputs/pferi_v2/measurement_feasibility_pilot/final_local_match_package_v2.audit.json
outputs/pferi_v2/measurement_feasibility_pilot/v2_local_match_kaggle_package_audit.json,292,4e07b24c789c9b2c00584e30c45007adc856406d21005c77d52b1c65c5e593c5,audit for the superseded matcher-v1 Kaggle package; hash and disposition are retained in the iteration lineage,outputs/pferi_v2/measurement_feasibility_pilot/final_local_match_package_v2.audit.json
work/pferi_v2/measurement_feasibility/final_local_match_package_v2/PF_ERI_v2_robust_local_matcher_kaggle.ipynb,1883,2632f64c3b260521264bb63c347ce3ce4c556da4c31ce56864ceabac9098f88f,superseded extracted runner package missing the current CSV robustness fix and full-frame wrapper,gpu/kaggle_v2_local_matcher_v2
work/pferi_v2/measurement_feasibility/final_local_match_package_v2/README.md,777,809d9b2a5e08520674a0b924e3d0988fa2c4fa8473416e1a9cdffeed626230b4,superseded extracted runner package missing the current CSV robustness fix and full-frame wrapper,gpu/kaggle_v2_local_matcher_v2
work/pferi_v2/measurement_feasibility/final_local_match_package_v2/check_local_match_results_v2.py,2004,0889c2d62502ae41329e8d2256913df7bd8a21802d8c4e61e8e02740e9ddc4c1,superseded extracted runner package missing the current CSV robustness fix and full-frame wrapper,gpu/kaggle_v2_local_matcher_v2
work/pferi_v2/measurement_feasibility/final_local_match_package_v2/local_match_execution_protocol_v2.json,793,9d9857933dee0c1026cffd702531bda682f2507f3c9c7dd39a3b5f296beec952,superseded extracted runner package missing the current CSV robustness fix and full-frame wrapper,gpu/kaggle_v2_local_matcher_v2
work/pferi_v2/measurement_feasibility/final_local_match_package_v2/local_match_runner_v2.py,15303,101feb0354c79fec095ce46570a82c523b550ece227da45ffb3aa4cf9bc1a3e0,superseded extracted runner package missing the current CSV robustness fix and full-frame wrapper,gpu/kaggle_v2_local_matcher_v2
work/pferi_v2/measurement_feasibility/final_local_match_package_v2/requirements.txt,131,a503bd4880f71b775db37004b8a20088c5191629e251907e43154e67762acad9,superseded extracted runner package missing the current CSV robustness fix and full-frame wrapper,gpu/kaggle_v2_local_matcher_v2
work/pferi_v2/measurement_feasibility/final_local_match_package_v2/smoke_test.py,3556,a540a3db163b38fe39729cabae0c0cdceff7c070231f0177bd0fde6daba0f14b,superseded extracted runner package missing the current CSV robustness fix and full-frame wrapper,gpu/kaggle_v2_local_matcher_v2
work/pferi_v2/measurement_feasibility/final_local_match_package_v2/validate_final_results.py,1243,7a3d33af8911d907dfc5a235e1795404a0d4e96e3ca8ce60d329aa905edc797c,superseded extracted runner package missing the current CSV robustness fix and full-frame wrapper,gpu/kaggle_v2_local_matcher_v2
.DS_Store,8196,153d91db72a6b17456352323c43cf068821095736cca5026451350b27ffb6cfc,macOS metadata,.gitignore
data/.DS_Store,8196,a50d11525a35fe89ae204f13ad216c076d330687ed9aaae3c59851700f0d80ad,macOS metadata,.gitignore
data/frozen/pferi_v2/.DS_Store,6148,9d179bdde78b14c561fbb3cfabc308422596e18fa3d2a02c724517e1937b009b,macOS metadata,.gitignore
data/reason_label_online_supplement/.DS_Store,6148,59a873badbb682a2ab55be96c98e5ea6aca7625261976a6bcdf43f7da3d22b08,macOS metadata,.gitignore
outputs/.DS_Store,6148,40391956db209b9d1fc1aabc12308132bc3ea3c312b732e440ed0bb810f630f0,macOS metadata,.gitignore
outputs/pferi_v2/.DS_Store,8196,52004194b717e4460b928fd04ea1dfe7e65540ed2a8d4653c05bfd3a716be320,macOS metadata,.gitignore
gpu/kaggle_v2_local_matcher_v2/__pycache__/check_local_match_results_v2.cpython-312.pyc,5156,bb3d551b2c0855543546fc42441ad60045811b4fbee142289a92b3ac49c44d3c,rebuildable Python bytecode cache,.gitignore
gpu/kaggle_v2_local_matcher_v2/__pycache__/full_frame_local_match_runner.cpython-312.pyc,15294,993450dc39c61ea2425e3b3f0b928e6bab48aa832679b07b359ebdad3577fc2f,rebuildable Python bytecode cache,.gitignore
gpu/kaggle_v2_local_matcher_v2/__pycache__/local_match_runner_v2.cpython-312.pyc,31555,6f795619ea29d6bb545ab840df07ace6c54c59028a82ee0c986dd597218d313d,rebuildable Python bytecode cache,.gitignore
gpu/kaggle_v2_local_matcher_v2/__pycache__/smoke_test.cpython-312.pyc,6932,c968033e9e610734e4824af4cc10106e4b0f9fbc8801d537eef15ffd7a057791,rebuildable Python bytecode cache,.gitignore
gpu/kaggle_v2_local_matcher_v2/__pycache__/validate_final_results.cpython-312.pyc,2564,0353bc408a9a199b6f1a713adccf8ed95b64bbe9af11a0c778199383832b890a,rebuildable Python bytecode cache,.gitignore
scripts/__pycache__/analyze_blind_reliability_reviews.cpython-312.pyc,20505,8e37a197d00bfafc8c1f84342139ebf947227b3617356f37ca52d865cb968df5,rebuildable Python bytecode cache,.gitignore
scripts/__pycache__/analyze_phase16e_bobcat_scores.cpython-312.pyc,18953,ddd2070effa7fe182ff5c0a74fbf2ff37ceecbe669ba0b414606b44c507f2b7f,rebuildable Python bytecode cache,.gitignore
scripts/__pycache__/analyze_v2_structural_oracle_reliability.cpython-312.pyc,10354,9ce819eafd4a659942a52087e12a2afa4986e3430039ad84eaa95967f395213e,rebuildable Python bytecode cache,.gitignore
scripts/__pycache__/apply_phase19_uwyo_bobcat_detector.cpython-312.pyc,19210,81740e59ad20dadada32fe9f9438f5b64796d0b9ad94543c3d96208f9fb90b26,rebuildable Python bytecode cache,.gitignore
scripts/__pycache__/apply_v2_official_image_allocation.cpython-312.pyc,9277,8c190dc02e3da0514d8c209dd86250fe288caaddfe1e343559a36f6998243959,rebuildable Python bytecode cache,.gitignore
scripts/__pycache__/archive_pferi_v1_phase_code.cpython-312.pyc,8356,be6d767f39cad08d0fa258da7b9b83732185395855699490ff9b6f8c0aa164a7,rebuildable Python bytecode cache,.gitignore
scripts/__pycache__/attest_manual_review_labels.cpython-312.pyc,12488,69491d3ba7223cdaa2da7879ef1f162f1af761d9e02a1e76131455bdfef76ef1,rebuildable Python bytecode cache,.gitignore
scripts/__pycache__/audit_phase11_pair_level_pf_eri_table.cpython-312.pyc,10727,a60c4db800daa9c03a75739f3972b5ae0e32d6d0e8435cc581bd9f7746caca48,rebuildable Python bytecode cache,.gitignore
scripts/__pycache__/audit_phase11c_split_level_diagnostics.cpython-312.pyc,8591,7470a690a30c390e9a8ce758560ad5300d64fe54aaeb21e60c73a6507283105c,rebuildable Python bytecode cache,.gitignore
scripts/__pycache__/audit_phase12_pair_candidate_analysis_table.cpython-312.pyc,14183,004aa02c7e6c38dcf48ddcbc35a7e112382fd0d47563d77b4c0e91b81b77157e,rebuildable Python bytecode cache,.gitignore
scripts/__pycache__/audit_phase12_rq1_rq3_evidence_analysis.cpython-312.pyc,8165,7f622916b3b401186b9daa51aa661716b11b5404180b08341ef2d588d52863ae,rebuildable Python bytecode cache,.gitignore
scripts/__pycache__/audit_phase12c_confidence_evidence.cpython-312.pyc,8741,a2e6ab4979cdb8b128c675802da68ad08900c2bcaf359a6a67d9089211da815f,rebuildable Python bytecode cache,.gitignore
scripts/__pycache__/audit_phase12d_failure_diagnosis_and_policy_revision.cpython-312.pyc,7727,b44a42dd760a9e0b7725b9aa0edfb415fd6d75607b28d00e1244b78adb6b35c3,rebuildable Python bytecode cache,.gitignore
scripts/__pycache__/audit_phase13_learned_candidate_utility.cpython-312.pyc,9451,6c40c6e444ee458a93ecd94feb24f77d9371edd73e2953ae53a018d7d32da33a,rebuildable Python bytecode cache,.gitignore
scripts/__pycache__/audit_phase13b_quality_boundary_diagnosis.cpython-312.pyc,5643,178f4253eeea4f45e59a6879bbc05386541ff1340ea026a0dc2bd46757441875,rebuildable Python bytecode cache,.gitignore
scripts/__pycache__/audit_phase13c_rq4_training_control_manifest.cpython-312.pyc,9315,9feea8dfd53017d6c41e3026ce5b20fd01cabb817d5e04d8026bc3c989118b2e,rebuildable Python bytecode cache,.gitignore
scripts/__pycache__/audit_phase13d_rq4_fixed_embedding_training.cpython-312.pyc,9125,dbeb0ec51d0c61b2d9c4212bcc5b2e24397e441799e35dacb91216a2d7f5aea9,rebuildable Python bytecode cache,.gitignore
scripts/__pycache__/audit_phase13e_rq4_identity_split_disjointness.cpython-312.pyc,3329,b02872a87f81197fa163108ca3440de05c7dc051a80cf856b18a650a5f2318f2,rebuildable Python bytecode cache,.gitignore
scripts/__pycache__/audit_phase14_bobcat_high_confidence_inventory.cpython-312.pyc,12685,6f570bec9a2cb9c8358a9e0dbc4720bae479907a62590beb14c8bef39e56eb76,rebuildable Python bytecode cache,.gitignore
scripts/__pycache__/audit_phase14_cross_context_evidence_table.cpython-312.pyc,8226,fbc8099b99e2298d968448469bb6753a2edaba2ab2980d13ef1f43e92f2004d7,rebuildable Python bytecode cache,.gitignore
scripts/__pycache__/audit_phase14_fcf_bobcat_ai_review_labels.cpython-312.pyc,7800,35b9ce33e796fd14f6eb0c26a247f2b9f8910ef5580fc56bc1d45778d209bad0,rebuildable Python bytecode cache,.gitignore
scripts/__pycache__/audit_phase14_fcf_bobcat_prefeatures.cpython-312.pyc,8076,a14bd185c48d77cb46698b60db3d71a9499af8babe9b3cb4abb903be5078a36b,rebuildable Python bytecode cache,.gitignore
scripts/__pycache__/audit_phase14_uwin_bobcat_inventory.cpython-312.pyc,16296,4bc2365edaf23932fd53fe9c4c09890cccb3aed126819e568404a577a9843422,rebuildable Python bytecode cache,.gitignore
scripts/__pycache__/audit_phase14_uwin_bobcat_inventory_outputs.cpython-312.pyc,6343,d40798932fb8ca602511da9c8a4e397f6bab606f731c02400aff804f1cbe4e04,rebuildable Python bytecode cache,.gitignore
scripts/__pycache__/audit_phase16g_pair_table.cpython-312.pyc,4321,690cfba1d6df4418fe805945bf93f4ba7d0b48a7a98e2df7fb26c8427a2257ad,rebuildable Python bytecode cache,.gitignore
scripts/__pycache__/audit_phase7a_1000_reid_inputs.cpython-312.pyc,10493,9cdc7ed0418c9a7ecac451bca5aa3e1673823a292105e5bb04de82d443dac503,rebuildable Python bytecode cache,.gitignore
scripts/__pycache__/audit_phase9b_pf_eri_aware_fixed_descriptor_reranking.cpython-312.pyc,17365,8073f9c1060d647516b1b073cac8ae5cc7d80cf9d569b54c5ae808594bcb307b,rebuildable Python bytecode cache,.gitignore
scripts/__pycache__/audit_phase9b_r_pf_eri_reranking_refinement.cpython-312.pyc,16764,d728aa3fcb5342a8f2ea619e56f95879f71b796a8ac1159c55b1c5136912467f,rebuildable Python bytecode cache,.gitignore
scripts/__pycache__/audit_v2_reviewer_interface_dry_run.cpython-312.pyc,9668,5db228df360c7601acf8d1c8cbd42ffcfa4ef696b65093750e3df32249a9033d,rebuildable Python bytecode cache,.gitignore
scripts/__pycache__/audit_v2_timed_operational_rehearsal.cpython-312.pyc,12085,2e3ac72bedfd3cd041e9ca43a6b1d63468f94171fb48972dea911744287e304d,rebuildable Python bytecode cache,.gitignore
scripts/__pycache__/audit_ws03_graph_inventory.cpython-312.pyc,24210,7421b5f6a1f731d2a8ba60bf892c6dd202d4c6e14c654c3cec18b233012394ea,rebuildable Python bytecode cache,.gitignore
scripts/__pycache__/audit_ws04_four_stage_allocation.cpython-312.pyc,15696,3016c6b16b64dd360cc22980471e71db6394928eead7c0071867f1531592c017,rebuildable Python bytecode cache,.gitignore
scripts/__pycache__/audit_ws04_power_cost_inputs.cpython-312.pyc,10883,6368b0438e2475aedb287a1ce5ad252f4a1e3c53f16a1d33b11fddb243f994e1,rebuildable Python bytecode cache,.gitignore
scripts/__pycache__/build_advanced_claim_gates_methods_report.cpython-312.pyc,44781,ba811fffbd071d340021c628ca3f87e46014c063480080971cbb9e92db750c62,rebuildable Python bytecode cache,.gitignore
scripts/__pycache__/build_advanced_modeling_contract.cpython-312.pyc,15600,bcb26359fe5b3626d9a048b7c4a0f236e498d71f044a6046fc89bad7c76c8902,rebuildable Python bytecode cache,.gitignore
scripts/__pycache__/build_blind_reliability_packet.cpython-312.pyc,20306,6be492b9f162a9f2fbafcb301c59efefda71b45128af7ca097497a0c4f48b8dd,rebuildable Python bytecode cache,.gitignore
scripts/__pycache__/build_bobcat_wild_urban_transfer_stress.cpython-312.pyc,13624,8a976e97bf9a748aa0b386e609fd1353ed1ebde6d99c4213661b894db1802c5d,rebuildable Python bytecode cache,.gitignore
scripts/__pycache__/build_cluster_bootstrap_uncertainty.cpython-312.pyc,16589,1f4b4b932ad85e285cf787ca249458c083b9a2dfa3f47693b635cce4686b8f66,rebuildable Python bytecode cache,.gitignore
scripts/__pycache__/build_conformal_selective_router.cpython-312.pyc,15309,b329de3a9f83216a033a41b9b724782901c29730649591ad404e9d2dac45dff0,rebuildable Python bytecode cache,.gitignore
scripts/__pycache__/build_descriptor_stratified_calibration.cpython-312.pyc,16914,d021af1d300a5446ba75828e8d5d1265609f197775843035a27e2e52562d299b,rebuildable Python bytecode cache,.gitignore
scripts/__pycache__/build_evidence_feature_extraction.cpython-312.pyc,27286,6d21c2c2e353f5e7aad6d7c722d70b82add8e43feaa58d591da7fa142773fae6,rebuildable Python bytecode cache,.gitignore
scripts/__pycache__/build_evidence_risk_decomposition.cpython-312.pyc,13986,26a656b6c53bf847da6566e5810949753763983a95ae1ca3b5fd1f72aa85eb19,rebuildable Python bytecode cache,.gitignore
scripts/__pycache__/build_feature_varied_validation_packet.cpython-312.pyc,22970,cb8f94bb264362c6f5c49b2294e74e20bd64afccf4554e9737601357b12b90cb,rebuildable Python bytecode cache,.gitignore
scripts/__pycache__/build_final_local_match_package_v2.cpython-312.pyc,2796,5cdd09419bc7e61af2334e25b439d3fb91f2ee0c494d8dd4ed1040dea55a82b8,rebuildable Python bytecode cache,.gitignore
scripts/__pycache__/build_final_modeling_bootstrap.cpython-312.pyc,21548,74c2ef3a09059f07ead02d9b1c53121eedab96fa7c95df460597aea96039f64e,rebuildable Python bytecode cache,.gitignore
scripts/__pycache__/build_known_id_evidence_sufficiency_validation.cpython-312.pyc,45934,94b861037ba608cdf7194b7037a3c27af56e0399c721c65fc984cfce979a05f5,rebuildable Python bytecode cache,.gitignore
scripts/__pycache__/build_manuscript_claim_boundary_audit.cpython-312.pyc,13094,f5d83137dad25f9dbac7095920a40a8d899c02a86fff342eed47cf2f1065335f,rebuildable Python bytecode cache,.gitignore
scripts/__pycache__/build_manuscript_figures_tables.cpython-312.pyc,38184,bc1a5f880c326f40616395a86a7142142c895dbf68c9c4ac45201cd144d9eeb4,rebuildable Python bytecode cache,.gitignore
scripts/__pycache__/build_manuscript_source_data_package.cpython-312.pyc,13493,71d8e25b42a87197b155abdbf213bffeb5b4cb76c3e2c362dd908f8fdd92326e,rebuildable Python bytecode cache,.gitignore
scripts/__pycache__/build_manuscript_submission_package.cpython-312.pyc,8979,bdce53ab90292ad07f14646114561e819142627ec8d419da62d8241e1a2a4189,rebuildable Python bytecode cache,.gitignore
scripts/__pycache__/build_nonlinear_evidence_sensitivity.cpython-312.pyc,23814,5e048eab25315438e8700b4325b59b01d8bebbacaee84a6c938151f4156e48f0,rebuildable Python bytecode cache,.gitignore
scripts/__pycache__/build_online_reason_label_supplement.cpython-312.pyc,25538,c5d5475fe737d5c68298686e296f24ea259ee899df8a9515eb6c6aea80695eb5,rebuildable Python bytecode cache,.gitignore
scripts/__pycache__/build_pair_construction.cpython-312.pyc,19201,8bd15f51f3839cc5576931d20044b806969d0558aba1b8180ecbd8a86efd60e7,rebuildable Python bytecode cache,.gitignore
scripts/__pycache__/build_phase11_pair_level_pf_eri_table.cpython-312.pyc,22671,56360465a9a77f49a796ddd35ef293a218ecfd0f6e88948cf117d51fa77100d1,rebuildable Python bytecode cache,.gitignore
scripts/__pycache__/build_phase11c_split_level_diagnostics.cpython-312.pyc,30605,4be93205ff0e2ab1d1e78aca0f2617b4b598bc66b157104bc52842d79ca07fde,rebuildable Python bytecode cache,.gitignore
scripts/__pycache__/build_phase12_pair_candidate_analysis_table.cpython-312.pyc,28041,5758bcaf642fe16018f3f2e9454b78d0aad95873052dd7a5de7cc4d90f9f78e1,rebuildable Python bytecode cache,.gitignore
scripts/__pycache__/build_phase12_rq1_rq3_evidence_analysis.cpython-312.pyc,23386,eaa423ff9627bb0300ff962e51e6ae7b114fe999c6d1f854449e063aa23cbb18,rebuildable Python bytecode cache,.gitignore
scripts/__pycache__/build_phase12c_confidence_evidence.cpython-312.pyc,27602,6144edc7611c1917acdf1b4ebba02b788763ea21ce3f26da88d75f9766e4af8a,rebuildable Python bytecode cache,.gitignore
scripts/__pycache__/build_phase12d_failure_diagnosis_and_policy_revision.cpython-312.pyc,30226,d23f7b61f0f0d3326d114204b86a6055a0291ca6d4e4c9b6383546456d076cc0,rebuildable Python bytecode cache,.gitignore
scripts/__pycache__/build_phase13_learned_candidate_utility.cpython-312.pyc,33817,8cde7d9ae8ac3788a21cf0c0ee575d36bd8fd0d351789e6a04c273c5a8bf49ce,rebuildable Python bytecode cache,.gitignore
scripts/__pycache__/build_phase13b_quality_boundary_diagnosis.cpython-312.pyc,18092,bd91f8c4db45d5e9265433e69f4ac831c0e1a8f04c336b8fa0d08d2c241f4787,rebuildable Python bytecode cache,.gitignore
scripts/__pycache__/build_phase13c_rq4_training_control_manifest.cpython-312.pyc,22206,a06db8fe62debe8ebe4335c68fc36290e1816e0b1de712f2b6a4ba5d85cb80bb,rebuildable Python bytecode cache,.gitignore
scripts/__pycache__/build_phase13d_rq4_fixed_embedding_training.cpython-312.pyc,36207,12e09d7d4f1ec80736d84201ba03fd3396732374df67b0d65bcaadff5467c93a,rebuildable Python bytecode cache,.gitignore
scripts/__pycache__/build_phase14_2x2_evidence_sets.cpython-312.pyc,20869,47e46fbf9bd7f3af9d4a4daf8b786469204c7d51d275af6cae5aeaba45a2f20e,rebuildable Python bytecode cache,.gitignore
scripts/__pycache__/build_phase14_2x2_image_evidence_table.cpython-312.pyc,32018,cbb0da924ede065acbed8676b69d83f493ab3d929d53f46880fe2c1df427982e,rebuildable Python bytecode cache,.gitignore
scripts/__pycache__/build_phase14_2x2_manual_audit_calibration.cpython-312.pyc,10824,b018e534d253e5a9b4313eef69d77fa84cd8a4134f456d287b37602f57d5a0b7,rebuildable Python bytecode cache,.gitignore
scripts/__pycache__/build_phase14_2x2_pair_comparability_table.cpython-312.pyc,39103,ead9769d557a53c2496f09a8f46aecdb18efd8e36843da9f9480c31b0d2d5362,rebuildable Python bytecode cache,.gitignore
scripts/__pycache__/build_phase14_cross_context_evidence_table.cpython-312.pyc,16101,14431089babe78e8ff59f1364aa7da7a2467e01aebf3930973cb5b3656665b14,rebuildable Python bytecode cache,.gitignore
scripts/__pycache__/build_phase14_czechlynx_3000_auto_prefeatures.cpython-312.pyc,6364,40e738087278687fec1a9518df1203a6349a789bdb09f1bd2d764226ef0a5461,rebuildable Python bytecode cache,.gitignore
scripts/__pycache__/build_phase14_descriptor_embedding_cloud_package.cpython-312.pyc,19294,8bf10cdc676a0b27a1d7fd59784197622db8d90db895b002a56ca902e7b327b1,rebuildable Python bytecode cache,.gitignore
scripts/__pycache__/build_phase14_descriptor_evidence_conflict_table.cpython-312.pyc,16925,c9ab0e1b36e9c040464b1b845ceaa07c653264063291420d90e98eb976f9d986,rebuildable Python bytecode cache,.gitignore
scripts/__pycache__/build_phase14_descriptor_retry_replacement_5_cloud_package.cpython-312.pyc,13835,e208e2ec6ef6461e3d826c8564d09e6b37a54aa92acc1f50e144c9af1e703fc8,rebuildable Python bytecode cache,.gitignore
scripts/__pycache__/build_phase14_detector_first_ai_admission.cpython-312.pyc,30276,7467743e1e266daf9a2d80fab0e540e58d1639cddd13a74b176aae170fcdedd3,rebuildable Python bytecode cache,.gitignore
scripts/__pycache__/build_phase14_fcf_bobcat_auto_prefeatures.cpython-312.pyc,16762,d8751cdecaa8a4b0814566323cd8a774ed79cc1559111010d8ff6e9d331d0cb6,rebuildable Python bytecode cache,.gitignore
scripts/__pycache__/build_phase14_megadetector_evidence_gate.cpython-312.pyc,16090,96b89b583b4894a3087bc87702bec52b5728cf69e8150d7d42c4a379f9267f2a,rebuildable Python bytecode cache,.gitignore
scripts/__pycache__/build_phase14_risk_controlled_review_policy.cpython-312.pyc,28607,294a5fb97b60ec8f56c388c892f03afcedf21c9f9d499de162210e8b0797d4bc,rebuildable Python bytecode cache,.gitignore
scripts/__pycache__/build_phase14_statistical_analysis.cpython-312.pyc,46091,19dd012c19fe1b9667d289242398174b49e055e33f5bbf5ebb7f7ca76a3e0460,rebuildable Python bytecode cache,.gitignore
scripts/__pycache__/build_phase14_strict_2x2_evidence_sets.cpython-312.pyc,22555,49e24ac9227a22c122dc615541838fb6752fda413e6c3ed1b040fcd297efb5b2,rebuildable Python bytecode cache,.gitignore
scripts/__pycache__/build_phase15_czechlynx_query_benchmark.cpython-312.pyc,25019,7b84b0df17d2257dc18b695151ee6661dcc869958b0d124a8d99eb50368e3185,rebuildable Python bytecode cache,.gitignore
scripts/__pycache__/build_phase15_hybrid_routing_policy.cpython-312.pyc,28087,c4d683b99a46b7bab7450d9024329725a509e56d99956e27afe523d634020c52,rebuildable Python bytecode cache,.gitignore
scripts/__pycache__/build_phase15c_repeated_ranker_validation.cpython-312.pyc,23766,c392207b98f9df8a64e74a28599c5af61eca1ce6eb3ddaeeadff40f7bc2c2bb2,rebuildable Python bytecode cache,.gitignore
scripts/__pycache__/build_phase15d_evidence_routed_review_policy.cpython-312.pyc,20886,1a9af9515e2892ad4403ac127262c8ff0816f22826954c6055720e7f67838bf0,rebuildable Python bytecode cache,.gitignore
scripts/__pycache__/build_phase15e_wild_urban_transfer_stress.cpython-312.pyc,33743,065bb58f76135c222dd66560ff9412c9086b653c7e9ec80d8514247e7970c3b7,rebuildable Python bytecode cache,.gitignore
scripts/__pycache__/build_phase16_dataset_foundation_audit.cpython-312.pyc,24470,a6e91ac263a02e6612c59c5c256954325f0238e691d79332f01ff97aa5973c4b,rebuildable Python bytecode cache,.gitignore
scripts/__pycache__/build_phase16_laterality_audit_table.cpython-312.pyc,5065,4366048af187394f5e8a439a4d1500634c78826347a517c345a9d3199f771430,rebuildable Python bytecode cache,.gitignore
scripts/__pycache__/build_phase16_laterality_aware_pair_audit.cpython-312.pyc,6913,c94029240319a9775d752e383a857dbf41bd4922dcf495af35eb773e8799b375,rebuildable Python bytecode cache,.gitignore
scripts/__pycache__/build_phase16_leakage_pressure_audit.cpython-312.pyc,7039,9a50e33e96b4fd1ae8bf5df795617b93e75946aa0d426a404e7ab32a451769de,rebuildable Python bytecode cache,.gitignore
scripts/__pycache__/build_phase16f_czechlynx_constrained_selection.cpython-312.pyc,26559,2eaa7380ffbfe5192f750556982b6577ae38810203f6939508c621c126ac1413,rebuildable Python bytecode cache,.gitignore
scripts/__pycache__/build_phase16g_czechlynx_pair_prototype.cpython-312.pyc,8392,080ec60a494e28d245d03a5c765bc460a1a05bf1599fccc7a48d47fe552af724,rebuildable Python bytecode cache,.gitignore
scripts/__pycache__/build_phase16g_pair_feature_schema.cpython-312.pyc,3402,bf340138846f7a6ed367b07253d689d623c67ccded0be3a64f1708574ca07c4f,rebuildable Python bytecode cache,.gitignore
scripts/__pycache__/build_phase16h_czechlynx_calibrated_router.cpython-312.pyc,24393,3b7127368aedf76855f37a3d3577d14513775776a5bcb8a8eeed13179f3c4f30,rebuildable Python bytecode cache,.gitignore
scripts/__pycache__/build_phase16h_czechlynx_readiness_controls.cpython-312.pyc,26919,77ee219a83666e99f4e2036387c090b94feeeb1406ef9a17e03c05a3df48820b,rebuildable Python bytecode cache,.gitignore
scripts/__pycache__/build_phase17a_czechlynx_review_utility.cpython-312.pyc,28946,bec113d33849081ebaf96a8a47d66a23f6b06d78c0665cf19a628119f3a36fe2,rebuildable Python bytecode cache,.gitignore
scripts/__pycache__/build_phase17b_bobcat_transfer_stress.cpython-312.pyc,30452,bb0bcb8f355eaef5d1c7bda95b21e32ec548d6d6e60f74438a87a4afbaa66d62,rebuildable Python bytecode cache,.gitignore
scripts/__pycache__/build_phase17c_bobcat_provisional_3000.cpython-312.pyc,27683,28995b12db65bbf42fcffbc493498090bb58097bdc8ee1c817b1fe54514eb04c,rebuildable Python bytecode cache,.gitignore
scripts/__pycache__/build_phase17d_bobcat_manual_audit_gate.cpython-312.pyc,19243,31f04fe1ab51d37fba25c717506556afcec6b6620635c18ebbe666faa23a9e24,rebuildable Python bytecode cache,.gitignore
scripts/__pycache__/build_phase17k_bobcat_clarity_gate.cpython-312.pyc,11014,4c94baea97c3130a34d7020b49e2c491d2d5fd59fc01339a4aac7b57a0ab92ca,rebuildable Python bytecode cache,.gitignore
scripts/__pycache__/build_phase17n_bobcat_final3000_seed_from_human_clear.cpython-312.pyc,15229,8abe9c514f8346d0cc55b846e94d0ba2f7010b9fdb7cbd5cb1ca62c626edc388,rebuildable Python bytecode cache,.gitignore
scripts/__pycache__/build_phase18_review_utility_confidence.cpython-312.pyc,8764,931ffecb716b5e4d9a23ee0fa67ff6d49f2feb0273da0fba2469397ad3909532,rebuildable Python bytecode cache,.gitignore
scripts/__pycache__/build_phase18a_frozen_feature_manifest.cpython-312.pyc,14111,57ac6cae200b9b83769913cbbfd3d09de9d8b95c3c7326841f4c15fcdda25575,rebuildable Python bytecode cache,.gitignore
scripts/__pycache__/build_phase18b_local_descriptor_control.cpython-312.pyc,8102,94ea338d8bd3df17e49019be08399e16bcc42503f28ac17e89bd63d87a34cd56,rebuildable Python bytecode cache,.gitignore
scripts/__pycache__/build_phase18c_czechlynx_pair_contract.cpython-312.pyc,8258,7fddc40a226211e423efb216353adc8788b8a59fea8b56781fe2b089b0310884,rebuildable Python bytecode cache,.gitignore
scripts/__pycache__/build_phase18d_pf_eri_pair_features.cpython-312.pyc,7661,63da295ad5e4e3f01285d6f00b3ce756bda1446f1dd014a135c3abb86ff5f0f1,rebuildable Python bytecode cache,.gitignore
scripts/__pycache__/build_phase18e_review_router.cpython-312.pyc,10221,a00e959392b0f08bc35546924b272496eeb790ee8e12d4280d4974b296aa6682,rebuildable Python bytecode cache,.gitignore
scripts/__pycache__/build_phase18f_bobcat_transfer_readiness.cpython-312.pyc,9564,6e22aa30b862153776d685e1515f1352b099932a0daa161072ed129d2ef25e61,rebuildable Python bytecode cache,.gitignore
scripts/__pycache__/build_phase18g_strong_baseline_claim_gate.cpython-312.pyc,9918,889db739de1dd43737a728623d87cc00cc7ff5a34c5d3fd979c1b61e65243c69,rebuildable Python bytecode cache,.gitignore
scripts/__pycache__/build_phase18h_pair_level_failure_mechanism.cpython-312.pyc,17500,521fb9a6b6b94823c3042356369298f59ed467628bdea7468a44d6e14e5c60d2,rebuildable Python bytecode cache,.gitignore
scripts/__pycache__/build_phase18i_reviewability_analysis.cpython-312.pyc,18770,239bde6014bbc374e3fc7e2d54f8b16b8a67707f8abb740398c5f24038ca7820,rebuildable Python bytecode cache,.gitignore
scripts/__pycache__/build_phase18i_targeted_review_packet.cpython-312.pyc,14967,89103fb22b02860d77090b0c4886cd0f8c1f83a3f67528200d2de1cdc6c8b1f1,rebuildable Python bytecode cache,.gitignore
scripts/__pycache__/build_phase18j_full_queue_review_packet.cpython-312.pyc,12972,07abd7e0636f2872157b42d8dc038628cfc8f4c64babc90a74a1064b81d1d862,rebuildable Python bytecode cache,.gitignore
scripts/__pycache__/build_phase18j_reviewer_agreement_analysis.cpython-312.pyc,18680,c691c2dd93f5af8ea4918675958000c50f7cb2387691c71a1e1ef64dc14a5b52,rebuildable Python bytecode cache,.gitignore
scripts/__pycache__/build_phase18k_adjudication_packet.cpython-312.pyc,6038,69b330137a2c4150487e4d426fc7a49dc53c02449875de08c96146d63d6e2b39,rebuildable Python bytecode cache,.gitignore
scripts/__pycache__/build_phase18k_highest_goal_validation.cpython-312.pyc,28491,9bb4032da50f8e8c0ab4bebab0b2cb6dac413edf8c7354d1b55750a49c02030a,rebuildable Python bytecode cache,.gitignore
scripts/__pycache__/build_phase18k_uncertainty_concentration.cpython-312.pyc,16833,63ebece86df5fbc8726ba849a65f7a3ac1fa42b61ac6e0b16670d55f70ad9f16,rebuildable Python bytecode cache,.gitignore
scripts/__pycache__/build_phase18l_descriptor_controlled_analysis.cpython-312.pyc,20206,a1876f5f5d2acf0a1c235e813e1ca2b44f410ad627d51293d65150e805a0718e,rebuildable Python bytecode cache,.gitignore
scripts/__pycache__/build_phase18l_descriptor_controlled_review_packet.cpython-312.pyc,15057,2a3fd868c44e24977fd9a274895006c35e23132d8ba2abce7dc9e64011c01eea,rebuildable Python bytecode cache,.gitignore
scripts/__pycache__/build_phase18m_identity_balanced_analysis.cpython-312.pyc,22086,5b0d6949eee6611d33665551f39bdb451ec9e103d6c63604bbb635e5b7306ba0,rebuildable Python bytecode cache,.gitignore
scripts/__pycache__/build_phase18m_identity_balanced_review_packet.cpython-312.pyc,16968,61184b9f5afc44c382ecf29b7f99d80e80119ec17c726203f1f765da77c9144f,rebuildable Python bytecode cache,.gitignore
scripts/__pycache__/build_phase18n_confirmatory_review_packet.cpython-312.pyc,20623,f864effd7e17ab5d041d60ea63efb502a026b807e46c3dc25c61ded9b9aaa20e,rebuildable Python bytecode cache,.gitignore
scripts/__pycache__/build_phase19_bobcat_area10_augmented_final3000.cpython-312.pyc,15801,d03185504ab64b4f27d9fd77040b0fd1e502d8945456a750c7f075617a25dc59,rebuildable Python bytecode cache,.gitignore
scripts/__pycache__/build_phase19_bobcat_final3000_with_area10_seed.cpython-312.pyc,15090,926ab4e6b478b82b5f608451baacfbbd0df0c0914a2986aff327b5766484b3d0,rebuildable Python bytecode cache,.gitignore
scripts/__pycache__/build_phase19_bobcat_inat_area10_queue.cpython-312.pyc,21351,96b38b33a4775472c2afdc6101ec7347246ff254f3c6d2b02b3e157ddc631323,rebuildable Python bytecode cache,.gitignore
scripts/__pycache__/build_phase19_bobcat_inat_clarity_second_pass.cpython-312.pyc,10063,808a1272dfe31b38ee284d0ce6161f46a01a16e37ca46223940f57a499947887,rebuildable Python bytecode cache,.gitignore
scripts/__pycache__/build_phase19_bobcat_inat_daylight_clean_queue.cpython-312.pyc,15098,cec3b6b1a707fae88f74ef977d85db7292d60382f11d12aab4584e115867aa59,rebuildable Python bytecode cache,.gitignore
scripts/__pycache__/build_phase19_bobcat_wild_blur_gate_queue.cpython-312.pyc,8262,23441079d8a73c231f8580225358c7a1f93a452b0b689066d0d6a42c76904415,rebuildable Python bytecode cache,.gitignore
scripts/__pycache__/build_phase19_bobcat_wild_body_gate_queue.cpython-312.pyc,10079,2719c4241bb0c4e8e5b1f6f9c0cc5203537132003f178896ed5b2b66cc94539d,rebuildable Python bytecode cache,.gitignore
scripts/__pycache__/build_phase19_bobcat_wild_pixel_clarity_queue.cpython-312.pyc,12633,878420bec68dca6b1a019aff918f10e815197f881120be3fbd83fcd693c9ca42,rebuildable Python bytecode cache,.gitignore
scripts/__pycache__/build_phase19_bobcat_wild_rescue_review_queue.cpython-312.pyc,14912,ecb3fa41a18f0885dea975d316c67ca6cb8d74c95dab6d49a5e4d222ad3c69a8,rebuildable Python bytecode cache,.gitignore
scripts/__pycache__/build_phase19_object_aware_clear_candidates.cpython-312.pyc,21719,55d1b18d7c37f0cd1297fe8440ebefa9f2e27645e830fefaae92352aded8f554,rebuildable Python bytecode cache,.gitignore
scripts/__pycache__/build_phase19_strict_photo_prefilter.cpython-312.pyc,26000,e5b5047b2577d60fddeae1ba732a291828bee2a6c2be4f5faaf57094ed2f1203,rebuildable Python bytecode cache,.gitignore
scripts/__pycache__/build_phase19_strict_top3000_review_samples.cpython-312.pyc,12038,e2091a36fbc9dbf1b1e9879ae1e70ec690e81e968bf1bcea29c6eba5cb890caf,rebuildable Python bytecode cache,.gitignore
scripts/__pycache__/build_project_artifact_consolidation_index.cpython-312.pyc,10635,2ae5424dfc67341ec41b4429cc502bb69d0f4e6733f9caa3b2930b15aac419b5,rebuildable Python bytecode cache,.gitignore
scripts/__pycache__/build_project_cleanup_indexes.cpython-312.pyc,12415,c4ea6691f6220ce2ca6dd5b16409f161d9232b8bc88e91b973ee8735f7ac5a5f,rebuildable Python bytecode cache,.gitignore
scripts/__pycache__/build_reason_label_enrichment_packet.cpython-312.pyc,26121,fb333f2d8d74839488ea24f3024dbb99078f00e5f84ac3022e97b1b2f1a06abd,rebuildable Python bytecode cache,.gitignore
scripts/__pycache__/build_review_budget_routing.cpython-312.pyc,24179,4967b6258e55b2826b400f05e7ef4370106930dbc02f63dcf69615ec07f9adf9,rebuildable Python bytecode cache,.gitignore
scripts/__pycache__/build_risk_calibrated_evidence_admission.cpython-312.pyc,14992,605d12f8d2491093fed1a76e74343010604ebe4a5d9373f9ac509f2e44ab66d5,rebuildable Python bytecode cache,.gitignore
scripts/__pycache__/build_robustness_and_claim_gates.cpython-312.pyc,25852,5a658d0534c9f8ee492c09d918ef132fca907863cf1d8176cc12dd14e98500d6,rebuildable Python bytecode cache,.gitignore
scripts/__pycache__/build_story_hardening_issue1_figure.cpython-312.pyc,9810,af0bc8432f865ef236d5d71556a7259f37b9a219727e4e52fb23c3ff3de4dd76,rebuildable Python bytecode cache,.gitignore
scripts/__pycache__/build_story_hardening_issue4_sensitivity.cpython-312.pyc,22977,f5bd211881ed980f3dc98dea048dab0a7bc0273ff8abf5c37f538951ca78ed46,rebuildable Python bytecode cache,.gitignore
scripts/__pycache__/build_story_hardening_issue5_review_budget_value.cpython-312.pyc,27397,73c57e4cc3fd2f703fb8d05f6966da459b1611f7f9c1d0f5ac7bc7c935c805db,rebuildable Python bytecode cache,.gitignore
scripts/__pycache__/build_story_hardening_issue6_pre_inference_simulation.cpython-312.pyc,17421,98d2adb5bc099e5799b117298606f54b367dd2aaab8b19d61f4a60cc6c36b01c,rebuildable Python bytecode cache,.gitignore
scripts/__pycache__/build_story_hardening_issue8_objection_matrix.cpython-312.pyc,18227,34949b23dd984e300a63432c8d3c7fd8db4367cea9c052d240552eebb4bdfb8a,rebuildable Python bytecode cache,.gitignore
scripts/__pycache__/build_story_hardening_issue9_consistency_audit.cpython-312.pyc,18453,a62353279a3ef57dadc326bcce999f94e9da60b49caf30b14f0a5345af1b563d,rebuildable Python bytecode cache,.gitignore
scripts/__pycache__/build_v2_canonical_pair_contract.cpython-312.pyc,18078,7a5f4f04edd09ff123d8d3ee653583394dff46098308a886a1f410df34b266f7,rebuildable Python bytecode cache,.gitignore
scripts/__pycache__/build_v2_czechlynx_image_context.cpython-312.pyc,9091,4d82a6d17616b3d1b92f6d7362309db6dcae9c43ae8e55f625669249f8d74d29,rebuildable Python bytecode cache,.gitignore
scripts/__pycache__/build_v2_descriptor_execution_manifest.cpython-312.pyc,5605,d33ea95f32597d3c6acd6eec0aa609050ed57433f5c850bd0289a4488ab3d02d,rebuildable Python bytecode cache,.gitignore
scripts/__pycache__/build_v2_dual_descriptor_candidate_reservoir.cpython-312.pyc,5467,c5f889dbae96fd3ef510139f59d4a58ba3b4ede402c90a891b808879ae9ec2c7,rebuildable Python bytecode cache,.gitignore
scripts/__pycache__/build_v2_full_frame_local_match_control_package.cpython-312.pyc,7112,28771c4ab6a970b72b8c2aac0a6b005ff76eeb93e6fbb50835b8e634b2bf9b35,rebuildable Python bytecode cache,.gitignore
scripts/__pycache__/build_v2_full_frame_local_match_shards.cpython-312.pyc,10943,f5c11945cba58a844fc8eff9b002f1c9e8640309e41b92411e4575b75b6b5be5,rebuildable Python bytecode cache,.gitignore
scripts/__pycache__/build_v2_full_image_quality_execution_manifest.cpython-312.pyc,8778,fbe06c145845a21e6d0c11a830f7acc41a2371aae579f0acef7cd2a65860ed95,rebuildable Python bytecode cache,.gitignore
scripts/__pycache__/build_v2_local_match_execution_package.cpython-312.pyc,8531,79588f850cbbb86ff4b4d5af5cda7fcbbca0f7b30c3056e58c64cb19b5d0edc8,rebuildable Python bytecode cache,.gitignore
scripts/__pycache__/build_v2_measurement_feasibility_pilot_manifest.cpython-312.pyc,14401,5ab561d8719849ab0ad4723be611c142cedc14dd940539c5070ae9747f38142b,rebuildable Python bytecode cache,.gitignore
scripts/__pycache__/build_v2_pilot_quality_execution_manifest.cpython-312.pyc,7565,b0ce8f342f7722eadad540340928db354dc7644eba9d71618100ed78eb783f6e,rebuildable Python bytecode cache,.gitignore
scripts/__pycache__/build_v2_pre_sampling_exclusion_register.cpython-312.pyc,11850,bacb2fa88c9e9b1fe36261027c4afc19192f5f543cf99f6fd79859b74e9396e1,rebuildable Python bytecode cache,.gitignore
scripts/__pycache__/build_v2_reviewer_interface_dry_run.cpython-312.pyc,21430,ec9effc90961889a54b3e04378bfae01a1a05e7f3f4bb6726c400b684f26f569,rebuildable Python bytecode cache,.gitignore
scripts/__pycache__/build_v2_structural_oracle_annotation_package.cpython-312.pyc,11970,8510ad83fb4da2770104c4592eeba9ee8818314f9b5f16550e0038ec9a4c9342,rebuildable Python bytecode cache,.gitignore
scripts/__pycache__/build_v2_timed_operational_rehearsal.cpython-312.pyc,30579,365b45ab31da68307fd98784f1d221e4378c5975d41afe7dcfd99e35ec031913,rebuildable Python bytecode cache,.gitignore
scripts/__pycache__/build_v2_within_role_pair_frames.cpython-312.pyc,12603,84a7d06e8ed057136903f4e0487840243f7d24a0d8b85a11e7dc931baa04633e,rebuildable Python bytecode cache,.gitignore
scripts/__pycache__/check_codegraph_project_contract.cpython-312.pyc,5766,259291c03c695297ca09860da1b09ea8243d786a13e46ffdc81e15037e382ead,rebuildable Python bytecode cache,.gitignore
scripts/__pycache__/cleanup_superseded_artifacts.cpython-312.pyc,13440,77ce6dae142fe09c3dd979b45662ec30039de18cfbe26d1d4dd1c174ad8d6b6c,rebuildable Python bytecode cache,.gitignore
scripts/__pycache__/deduplicate_pferi_v2_work_images.cpython-312.pyc,11491,924e12227d32c4fb71f99509f85faa92fa01c5daee424093aed22ce50a219804,rebuildable Python bytecode cache,.gitignore
scripts/__pycache__/download_phase14_fcf_bobcat_images.cpython-312.pyc,10923,56736040a6c43972b2a6c80f900f10bb122256e7017705a13342189d082c02f8,rebuildable Python bytecode cache,.gitignore
scripts/__pycache__/download_phase19_candidate_pools.cpython-312.pyc,24099,7ced7ea4637accc0bf20a558e2e158035db8a9683fb156aa4ccbece86baacd03,rebuildable Python bytecode cache,.gitignore
scripts/__pycache__/extract_phase14_megadescriptor_embeddings.cpython-312.pyc,8852,729eeda39ea772c25e19337f99d0c8a8ebdd828053fe69071984636a1f9a6cbb,rebuildable Python bytecode cache,.gitignore
scripts/__pycache__/extract_phase7a_phase6_embeddings.cpython-312.pyc,12981,213b831871cdbcd5b2aab2162abb222b70f55794ce204dd71423a4b62acdb4ea,rebuildable Python bytecode cache,.gitignore
scripts/__pycache__/fill_phase14_czechlynx_3000_review_labels.cpython-312.pyc,8398,ce87c3182243585b5f0657a765f20bfe50e071f1497db16a8e429da8259d878f,rebuildable Python bytecode cache,.gitignore
scripts/__pycache__/fill_phase14_fcf_bobcat_review_labels.cpython-312.pyc,10398,889d0fe787bfedb2d545ed34a85248d4ddd727e4da56b8c4a5c768a7c28d936d,rebuildable Python bytecode cache,.gitignore
scripts/__pycache__/finalize_phase14_colab_megadetector_low_evidence_selection.cpython-312.pyc,10815,91cb1a780d8f8b95e93a0830e71d556ac711156dbb98a6c2a0df42a1b096466c,rebuildable Python bytecode cache,.gitignore
scripts/__pycache__/finalize_phase14_colab_megadetector_selection.cpython-312.pyc,9810,ce1497b7aa61b4a952a671bc270c5b018573f9ac12cbc14e19759d1c88c88e8c,rebuildable Python bytecode cache,.gitignore
scripts/__pycache__/finalize_phase14_czechlynx_high_working_final.cpython-312.pyc,11915,d07a667ba26f49ba120b36865cbc6bd95d51c48de971e5031e3a8a85f157e437,rebuildable Python bytecode cache,.gitignore
scripts/__pycache__/finalize_phase14_low_evidence_topup_selection.cpython-312.pyc,14484,dd4a1afdc3aa729e926616e920bb0dae97ab9f2573088fb5a9cfdba492723bd2,rebuildable Python bytecode cache,.gitignore
scripts/__pycache__/freeze_phase17_modeling_dataset.cpython-312.pyc,25612,fbcf68d1be27d4e1a91610ad702d5950be117dc434291b272d98fd99c4144f66,rebuildable Python bytecode cache,.gitignore
scripts/__pycache__/freeze_v2_official_sampling_seed.cpython-312.pyc,5309,9317a2e18ec09ce9ddfb706401e8d8019f13cdb8f6850c136a8ff1a951f0c319,rebuildable Python bytecode cache,.gitignore
scripts/__pycache__/materialize_pferi_v2_work_images.cpython-312.pyc,4965,77f74878463047f68fcf5ef7afe0ec9a6d9db433f2e64066e2fb61c0d3c54832,rebuildable Python bytecode cache,.gitignore
scripts/__pycache__/migrate_pferi_v1_v2_layout.cpython-312.pyc,23459,936a7019c315becc3900724455596cb36ea44ead5adff3d28fd212e4ee988abe,rebuildable Python bytecode cache,.gitignore
scripts/__pycache__/package_phase14_2x2_manual_audit_400.cpython-312.pyc,12738,476f3765fcf8b29264f9f13e0242a9714d9066f1fd1f6c5e36a9d6b4bf9759e4,rebuildable Python bytecode cache,.gitignore
scripts/__pycache__/package_phase14_czechlynx_3000_manual_review.cpython-312.pyc,8557,14fbd238e03fa2cb126cc8fd73d849c6ebc9f8dc677c7ce47a624c6f1ff67c80,rebuildable Python bytecode cache,.gitignore
scripts/__pycache__/package_phase14_czechlynx_high_topup_colab.cpython-312.pyc,7538,27c5cf7c97840e81c3c237791461bb01242cc87fc01d0b506dfb4ff572bd9dfb,rebuildable Python bytecode cache,.gitignore
scripts/__pycache__/package_phase14_fcf_bobcat_refined_manual_review.cpython-312.pyc,8410,6a71ac52dec9d9abe81f0104fec66e4cd815603632541fc4df6c77e3b9bf07b8,rebuildable Python bytecode cache,.gitignore
scripts/__pycache__/package_phase14_strict_2x2_validation_audit_200.cpython-312.pyc,11316,e6dcf3f9a526d6313a68e2a2cdfb1462ecb59fbafa872c03ff716040b570ceb9,rebuildable Python bytecode cache,.gitignore
scripts/__pycache__/package_phase15f_bobcat_pair_audit.cpython-312.pyc,19648,266d382376446a86a9e212145e6fbcff4a62a14646bd6253414d1ee6a8a550bf,rebuildable Python bytecode cache,.gitignore
scripts/__pycache__/package_phase16_expanded_high_confidence_candidate_pool.cpython-312.pyc,13606,62d49e521944996b0e257bdf6c1ed0b3184bff695ce371f542ac3eb9209398f1,rebuildable Python bytecode cache,.gitignore
scripts/__pycache__/package_phase16_high_confidence_quality_viewpoint_rescore.cpython-312.pyc,15527,66cc9e9be212b801bf34a92c1904498e27e80fb6cd230c569ef75e3c7f6b9d90,rebuildable Python bytecode cache,.gitignore
scripts/__pycache__/package_phase16_strong_model_benchmark.cpython-312.pyc,6167,bf0d360af9d9e705006bc9e9c916ac343f3032e5489c43a03bbd5e7cb6e37203,rebuildable Python bytecode cache,.gitignore
scripts/__pycache__/package_phase16e2_bobcat_20k_candidate_pool.cpython-312.pyc,24648,a9548a2bae21226f389780fa357aaf8ede86abf686f37f1b1f6fb6d776ffff64,rebuildable Python bytecode cache,.gitignore
scripts/__pycache__/package_phase16e2_bobcat_remaining_local_images.cpython-312.pyc,27650,f699035d97f7c50f661f25ed2179898bcf0b5fd641e41c713426563f3e4ea9d6,rebuildable Python bytecode cache,.gitignore
scripts/__pycache__/package_phase16e_candidate_model_filter_colab.cpython-312.pyc,49489,ec403c5d315258490826526f89034675c74dde5590920c61001cad51af245e8b,rebuildable Python bytecode cache,.gitignore
scripts/__pycache__/package_phase16e_czechlynx_direct_split_zips.cpython-312.pyc,15195,2187657b33428cb46bedfdaac4bc6d84a582a0db42c66ef01eb82a1636f7edbe,rebuildable Python bytecode cache,.gitignore
scripts/__pycache__/package_phase16e_czechlynx_kaggle_remaining_package.cpython-312.pyc,18374,a9441738a34e4a2ec76384760fa42d845784cd4cd8368ab9c520ba0be3752994,rebuildable Python bytecode cache,.gitignore
scripts/__pycache__/package_phase18_strong_baseline_handoff.cpython-312.pyc,4145,c70372486d0729cffb276f7c1e9fd437126f1c01d84df7514e936a566aeef6f2,rebuildable Python bytecode cache,.gitignore
scripts/__pycache__/package_v2_descriptor_execution_images.cpython-312.pyc,9172,aadfaf3143e3d6dc0db4a2a418d199f992c58e7fef7b62b437c2d1800802c0ef,rebuildable Python bytecode cache,.gitignore
scripts/__pycache__/phase18_pipeline_utils.cpython-312.pyc,8223,902c6fce6dae2ed60bea5c589acd9a9bc23a7432006e0f1d95c51ddb136cbf80,rebuildable Python bytecode cache,.gitignore
scripts/__pycache__/phase8_pf_eri_retrieval_control_v2_optimizer.cpython-312.pyc,53241,9d5189dece74bdb609a8179a4ea85a4b153d36232dfe276b0f5746188023a83e,rebuildable Python bytecode cache,.gitignore
scripts/__pycache__/phase9b_pf_eri_aware_fixed_descriptor_reranking.cpython-312.pyc,67303,a0b20956373b494a94a0a6dbde83eb7aa0972b59182b24ea32573087b438f0ef,rebuildable Python bytecode cache,.gitignore
scripts/__pycache__/phase9b_r_pf_eri_reranking_refinement.cpython-312.pyc,54892,5387b618a8a2d94a82fa327d3e8c1c6d2a94fd8f2d5a8dbf145e97a04d0c5c94,rebuildable Python bytecode cache,.gitignore
scripts/__pycache__/prepare_phase14_2x2_bobcat_expansion_manifest.cpython-312.pyc,7712,5b1104cc39b8a514cc430874e4a5863bf552f778e7ebb29fe0b242059e88e6a4,rebuildable Python bytecode cache,.gitignore
scripts/__pycache__/prepare_phase14_2x2_czechlynx_expansion_manifest.cpython-312.pyc,10055,6032e65bd8455e6fc193e31c31b2a11bdd9e06de0eb23d2d476226dcb172a38a,rebuildable Python bytecode cache,.gitignore
scripts/__pycache__/prepare_phase14_colab_megadetector_low_evidence_package.cpython-312.pyc,11860,ceb182ba860c66d79983e23e2006d8003daf55719765c22f5843816869bf1dbf,rebuildable Python bytecode cache,.gitignore
scripts/__pycache__/prepare_phase14_colab_megadetector_package.cpython-312.pyc,11733,880e930760f7bf7f067ae353703d36cf1838ef6ee34d2c8cc913ef9dd2eba94c,rebuildable Python bytecode cache,.gitignore
scripts/__pycache__/prepare_phase14_czechlynx_3000_manifest.cpython-312.pyc,10713,ad531ec3ba9609d3deadd44ee35de829efd74c7410d0c3931696a4e2f7588fc5,rebuildable Python bytecode cache,.gitignore
scripts/__pycache__/prepare_phase14_czechlynx_high_topup_candidates.cpython-312.pyc,8580,04f391b1817d608f44f8d93a0dd3397f0bd0b186d126fa62b214d0eeb3d89a3f,rebuildable Python bytecode cache,.gitignore
scripts/__pycache__/prepare_phase14_descriptor_embedding_manifest.cpython-312.pyc,8449,aecb04e54a1fa32ebc1984121998358f8754454c724ed8e756cbdc8a3d5100a4,rebuildable Python bytecode cache,.gitignore
scripts/__pycache__/prepare_phase14_fcf_bobcat_manifest.cpython-312.pyc,11512,2c982deacf04410aa9a7dbdad938b16910900542349edf4ad08c048082489c86,rebuildable Python bytecode cache,.gitignore
scripts/__pycache__/prepare_phase14_fcf_bobcat_review_batch.cpython-312.pyc,9581,14bdb4251c3686e30f0ba57a2a6a3356bc93f01a71287af888d76a52d08eea66,rebuildable Python bytecode cache,.gitignore
scripts/__pycache__/prepare_phase14_low_evidence_topup_colab_package.cpython-312.pyc,14982,93a084cdae2abf1eae754dddd95ed9fedc1c79cbdf9f45835068d35c960dfe17,rebuildable Python bytecode cache,.gitignore
scripts/__pycache__/prepare_phase14_strict_czechlynx_expansion_manifest.cpython-312.pyc,9460,f3fe331db6119681946ab2f49863fd093ec91150d56e1a8343f5ce379a506189,rebuildable Python bytecode cache,.gitignore
scripts/__pycache__/prepare_phase7a_1000_reid_inputs.cpython-312.pyc,7400,02ddab43be8bcbb66476785193f8b1f8fa776881c8993eecf78ceb89392b99f8,rebuildable Python bytecode cache,.gitignore
scripts/__pycache__/prepare_v2_image_allocation_strata.cpython-312.pyc,17604,4fccf841aee01120d7cca276cf1d599e6b2a3345334fb838f21bc70751fab3f0,rebuildable Python bytecode cache,.gitignore
scripts/__pycache__/prioritize_phase14_fcf_bobcat_manual_checks.cpython-312.pyc,5126,cb6c3dee152d8b045b92ceb90dbc1fb16a2a6d62e2e4d943be10835fa99a6202,rebuildable Python bytecode cache,.gitignore
scripts/__pycache__/promote_phase14_bobcat_detector_first_to_working_final.cpython-312.pyc,6102,b6807fac0e073c1fb3376c291e0819c40424e8bb015ed4b2d8ccaea73d5ca253,rebuildable Python bytecode cache,.gitignore
scripts/__pycache__/recalibrate_phase16e_candidate_scores.cpython-312.pyc,17674,f6210d85cbabc0efe985c93c055c8ed289547a587043d9985f4eef29d578ca6b,rebuildable Python bytecode cache,.gitignore
scripts/__pycache__/receive_phase18_strong_baseline_artifacts.cpython-312.pyc,12771,1c77d5129354779d45b30fb0bb8c475e4e354852f1cd39946385d0035faff9b7,rebuildable Python bytecode cache,.gitignore
scripts/__pycache__/recompute_phase19_bobcat_wild_area_counts.cpython-312.pyc,9671,5d121bd819ba45b140b738a542a25ab9d47a155576a89aecc4589cc7a3576d3a,rebuildable Python bytecode cache,.gitignore
scripts/__pycache__/refine_phase14_czechlynx_3000_review_confidence.cpython-312.pyc,6693,e9bf3e1f8a9ea6ec8b383fdc420c49d621e9b33f50a139757352c82bab40f151,rebuildable Python bytecode cache,.gitignore
scripts/__pycache__/refine_phase14_czechlynx_manual_review_with_pose.cpython-312.pyc,13944,baa1ade6c97e7b411d61f02fe8d94bb541035f8203d87fe546c9f7d8c564cce7,rebuildable Python bytecode cache,.gitignore
scripts/__pycache__/refine_phase14_fcf_bobcat_review_confidence.cpython-312.pyc,8895,5025d145740c846c799d9dc4e3494167642b6bf6bb4da6045f4fe8c3f25d8791,rebuildable Python bytecode cache,.gitignore
scripts/__pycache__/render_structural_oracle_batch_sheet.cpython-312.pyc,4005,f774c8b3319fb6024a25d465745c2321e9765d987dedaf337cb5725cc5f4936d,rebuildable Python bytecode cache,.gitignore
scripts/__pycache__/repair_phase14_fcf_bobcat_manifest.cpython-312.pyc,7079,b13c571dd2ce05f84c1e8b4b4149fb32c04369992d9a9c6a031a9050bf8d90ca,rebuildable Python bytecode cache,.gitignore
scripts/__pycache__/run_phase13d_rq4_multi_split.cpython-312.pyc,7270,933804c2d25f9a57ecdb96e5e9819be84cc9975ddd3fb0054a12df1601e2bac1,rebuildable Python bytecode cache,.gitignore
scripts/__pycache__/run_phase14_czechlynx_topup_megadetector.cpython-312.pyc,7727,61de662b989225955f28bb80936b4e80e2a1bb060d8c7ff3e1304adaa91a9c15,rebuildable Python bytecode cache,.gitignore
scripts/__pycache__/run_phase16g_real_czechlynx_pair_table.cpython-312.pyc,14581,4185c6ead64bbccc900d864e2c6a5a0f87f47f4d24962b3b58e97d7cd8f4762e,rebuildable Python bytecode cache,.gitignore
scripts/__pycache__/run_phase18_all.cpython-312.pyc,4387,d8fe4a1b53b2cd5df3851c468cf9b431cb7198e88a0613f39435e43299505c81,rebuildable Python bytecode cache,.gitignore
scripts/__pycache__/run_phase18_strong_descriptor_pipeline.cpython-312.pyc,5731,67b92ba1e576690ff5ef83ab3e94a044cd8c64dc482ab6a4cc0fe4b1cfd4a0bc,rebuildable Python bytecode cache,.gitignore
scripts/__pycache__/run_v2_full_image_quality_measurements.cpython-312.pyc,11975,f97bb50127ac097aae303ef83b20a9c91ec4300436dbf91c2229d8f55e6aaaf0,rebuildable Python bytecode cache,.gitignore
scripts/__pycache__/run_v2_pilot_quality_measurements.cpython-312.pyc,21193,5e56e2adf33e5cad77b5ff2eafd434bb35001798279ebffff3cbd03eac284155,rebuildable Python bytecode cache,.gitignore
scripts/__pycache__/safe_phase14_disk_cleanup.cpython-312.pyc,20688,69bc10dd4d34d286d217f044f113bd0dd62a4ff9d24e52e6e8eab1b86b316853,rebuildable Python bytecode cache,.gitignore
scripts/__pycache__/simulate_ws03_image_partition_feasibility.cpython-312.pyc,23111,65ec0ed883e42c755958e67571f15a18965e14a98fa8a9c013b5b4a7caceeb5f,rebuildable Python bytecode cache,.gitignore
scripts/__pycache__/simulate_ws04_power_cost_sensitivity.cpython-312.pyc,34384,182da453bc18d0ebaf3d8100cc904048d234bb15ae2e0cbfc31ab6f199740628,rebuildable Python bytecode cache,.gitignore
scripts/__pycache__/streamlit_blind_reliability_review_app.cpython-312.pyc,14333,e40bae45fa206df997743b8578127c23a0be636ebb1a735047d2541b1282a307,rebuildable Python bytecode cache,.gitignore
scripts/__pycache__/streamlit_bobcat_photo_selection_review_app.cpython-312.pyc,14889,38763ec3e97ba7bcf8d8392c6f3b7ab81e6ed78cd10ccdba2cc0f7bc465d8d6f,rebuildable Python bytecode cache,.gitignore
scripts/__pycache__/streamlit_feature_varied_validation_review_app.cpython-312.pyc,2801,8f6ed4a000180e5cda98276571d3dea7a0464e308640224df53f2cc3283d5951,rebuildable Python bytecode cache,.gitignore
scripts/__pycache__/streamlit_online_reason_label_review_app.cpython-312.pyc,2885,2b96e0e421a3f75af233449819fea391bc681936caa92e11c40f2a8bfeeb0634,rebuildable Python bytecode cache,.gitignore
scripts/__pycache__/streamlit_pair_review_common.cpython-312.pyc,15739,a8a720f7ae9010386ee4e55cf64a5b6b8696aee469a4a35d5d423e308a3fbeaf,rebuildable Python bytecode cache,.gitignore
scripts/__pycache__/streamlit_phase17d_bobcat_manual_audit_app.cpython-312.pyc,17926,0dff5817ee2833924749cac443d3a16963be20b816cfcf96a386e9b2780f2bef,rebuildable Python bytecode cache,.gitignore
scripts/__pycache__/streamlit_phase17e_inat_bobcat_source_review_app.cpython-312.pyc,14566,1096c85f4cf11a46478bd20dc6084f6ea6e845e81b4ff282159064d791c2bd9c,rebuildable Python bytecode cache,.gitignore
scripts/__pycache__/streamlit_phase17e_inat_yesno_audit_app.cpython-312.pyc,12754,1a7d260afa56ae674d9dad1c3a340f31af10d8e77224d6c9d361a4492cb22e43,rebuildable Python bytecode cache,.gitignore
scripts/__pycache__/streamlit_phase17k_bobcat_clarity_gate_app.cpython-312.pyc,13529,830ab11d0d08a2f092f10348de60215ec5fc90bd7fd954cf7f3ec65c31d75077,rebuildable Python bytecode cache,.gitignore
scripts/__pycache__/streamlit_phase17l_bobcat_strict_clarity_review_app.cpython-312.pyc,14132,77171d336de9f8c65ca31f108cc758b10512740f4230314cf5b03ecd4e2f906c,rebuildable Python bytecode cache,.gitignore
scripts/__pycache__/streamlit_phase18i_pair_review_app.cpython-312.pyc,18702,96ac230b421f21c7b633e6b6c2bf3eca0bd6d7781bc621d94a66c5540bf50e6b,rebuildable Python bytecode cache,.gitignore
scripts/__pycache__/streamlit_phase18j_full_queue_review_app.cpython-312.pyc,18171,823edd348cf8e26d1ec8de6fe75c43bc7fc2a8eeaf823d3e13ff22a956a0716a,rebuildable Python bytecode cache,.gitignore
scripts/__pycache__/streamlit_phase18l_descriptor_controlled_review_app.cpython-312.pyc,18415,f1be510efb56af1573a34c3f39571c83a88c59038a786e979f835bc76de13079,rebuildable Python bytecode cache,.gitignore
scripts/__pycache__/streamlit_phase18m_identity_balanced_review_app.cpython-312.pyc,18851,4d870902f07ccd29bf2f7f4fda1ae62700542ce4d1a75474288bc770cc0b2d0b,rebuildable Python bytecode cache,.gitignore
scripts/__pycache__/streamlit_phase19_inat_clean_review_app.cpython-312.pyc,13291,5ef0115bbe38f0187d0a8fcd7b2b8852199972757113407910ef334b07d824f8,rebuildable Python bytecode cache,.gitignore
scripts/__pycache__/streamlit_phase19_manual_bbox_app.cpython-312.pyc,17167,e8dae3c978d6409ed774963d3e26d84fe89cc780d9c4a6da374c773342d7decb,rebuildable Python bytecode cache,.gitignore
scripts/__pycache__/streamlit_phase19_strict_photo_review_app.cpython-312.pyc,19080,ea50d71f578299aa14bc70bfd516ce4e50634e589418b38a4919f656bf157981,rebuildable Python bytecode cache,.gitignore
scripts/__pycache__/streamlit_reason_label_enrichment_review_app.cpython-312.pyc,2600,ed92c2a5e005dcde416d3b68574f89a37ab1aa2cf76cbe335f51980f5ce91f5a,rebuildable Python bytecode cache,.gitignore
scripts/__pycache__/streamlit_structural_oracle_annotation_app.cpython-312.pyc,5707,fdf669fcc5ff24910bb177b2574fdc293ee4e78e2671f41b13f1850fd8f2bd17,rebuildable Python bytecode cache,.gitignore
scripts/__pycache__/streamlit_structural_oracle_annotator_a.cpython-312.pyc,266,dcdbd8f1344506298a0929349f1b9f8d9cd78d951d28a6d7836c9e040620f483,rebuildable Python bytecode cache,.gitignore
scripts/__pycache__/streamlit_structural_oracle_annotator_b.cpython-312.pyc,266,411d25245703209971dbd7b7c6a89443b2cd4ffade7528d17bb9f65d3b2a291f,rebuildable Python bytecode cache,.gitignore
scripts/__pycache__/structural_oracle_annotation_core.cpython-312.pyc,8762,199564e99c10bf234d0ba90a7329e7b04618e2df510d9416be5469c514308c40,rebuildable Python bytecode cache,.gitignore
scripts/__pycache__/summarize_phase13d_rq4_fixed_embedding_training.cpython-312.pyc,7479,c7de13c7bfb4017be9418a7c780b073ae465c2fa705ff2731ab7b2dd5a4828df,rebuildable Python bytecode cache,.gitignore
scripts/__pycache__/summarize_phase16f_czechlynx_publication_selection.cpython-312.pyc,16040,58c2b346a0229c13804e998d5f4cba35a339bfbca4a9ae1a6aa3e837be731cfb,rebuildable Python bytecode cache,.gitignore
scripts/__pycache__/validate_v2_access_control_contract.cpython-312.pyc,16639,120a8bbef420cfe6e4e9892fe85f7827dd020524483523b427e99ebdbc38643b,rebuildable Python bytecode cache,.gitignore
scripts/__pycache__/validate_v2_automatic_pair_evidence_contract.cpython-312.pyc,9694,aa7cd9c62adfadeae1263197f048b3d503049839650b879603c2949fc970b25d,rebuildable Python bytecode cache,.gitignore
scripts/__pycache__/validate_v2_blinded_outcome_export_contract.cpython-312.pyc,8018,d03b55bc385041f78099de1ecef91c4e4519ea2be1ba46673f33cc888f002c1b,rebuildable Python bytecode cache,.gitignore
scripts/__pycache__/validate_v2_evidence_measurement_dictionary.cpython-312.pyc,18249,a557980dd0d28d566e27f9901967c1835c1ccd504795e775d07f889624263529,rebuildable Python bytecode cache,.gitignore
scripts/__pycache__/validate_v2_independent_quality_control_contract.cpython-312.pyc,9938,10960c4d11e185131c7434d4ada96b460611263f5f9f2cfcbcd520f7057cf907,rebuildable Python bytecode cache,.gitignore
scripts/__pycache__/validate_v2_local_match_execution_contract.cpython-312.pyc,4185,7e9268ea4bfd7a8c44646d89bc3de054401ec94a5a330797268de1ef1719188d,rebuildable Python bytecode cache,.gitignore
scripts/__pycache__/validate_v2_measurement_feasibility_pilot_contract.cpython-312.pyc,8193,9edab553983d20d8704c7e82ac58778d1a92d221c0d31348c1177b4d50b19675,rebuildable Python bytecode cache,.gitignore
scripts/__pycache__/validate_v2_partition_constraints.cpython-312.pyc,26584,60cdadecae872a651e9472986385d7bd4c5a59ffa7e0dbbdd84ee7fab84dffaa,rebuildable Python bytecode cache,.gitignore
scripts/__pycache__/validate_v2_reviewer_interface_human_audit.cpython-312.pyc,5723,20a455b8675289a2924fec764c1708e0e74f452bf6715dffab5c3686c1727216,rebuildable Python bytecode cache,.gitignore
tests/__pycache__/test_advanced_claim_gates_methods_report.cpython-312.pyc,7791,46cdf5e46aa6b214b1d1143daa8909bf48dc15a6d58d63e5c68324d382835d0f,rebuildable Python bytecode cache,.gitignore
tests/__pycache__/test_advanced_modeling_contract.cpython-312.pyc,4407,d1d34cec4eb7cb6e4ed79e0116b1be097e0f5dbc07a8874fc77c6675b635472d,rebuildable Python bytecode cache,.gitignore
tests/__pycache__/test_apply_v2_official_image_allocation.cpython-312.pyc,2925,2cce01969b1c4d3cfbad6beb9f22990bb25488a1f20d6b37cc77689ac773763d,rebuildable Python bytecode cache,.gitignore
tests/__pycache__/test_attest_manual_review_labels.cpython-312.pyc,7301,e6605458f75188551dd86b44ffbe8fac8c2ce362e009bf9b66b51901ab5d29b7,rebuildable Python bytecode cache,.gitignore
tests/__pycache__/test_audit_ws03_graph_inventory.cpython-312.pyc,5928,f3fca71ca528612db849de169a263a33c32a6ab00be000836d88e90a46613159,rebuildable Python bytecode cache,.gitignore
tests/__pycache__/test_audit_ws04_four_stage_allocation.cpython-312.pyc,6881,fb7352d0e9ef55a37f64930b8fc98e7251442b3cae3736a46cbc907218f80ef8,rebuildable Python bytecode cache,.gitignore
tests/__pycache__/test_audit_ws04_power_cost_inputs.cpython-312.pyc,3995,9aa2456134db601578432e78595aa83daaa8f48506b07757bff80dc3cf6188df,rebuildable Python bytecode cache,.gitignore
tests/__pycache__/test_blind_reliability_packet.cpython-312.pyc,12599,2a818d3c35d624fe18ee471823f1c96bf5a757eda432901955aac49486eb7138,rebuildable Python bytecode cache,.gitignore
tests/__pycache__/test_bobcat_wild_urban_transfer_stress.cpython-312.pyc,2268,551b3e17e3e396515c7957aca5df0d79b0b6defd35b99036af537f28105d9e19,rebuildable Python bytecode cache,.gitignore
tests/__pycache__/test_build_v2_czechlynx_image_context.cpython-312.pyc,5698,acf581a071a04a33975ccbfa68a1f363393d0468a3c4b0e49e37e1ea735625ba,rebuildable Python bytecode cache,.gitignore
tests/__pycache__/test_build_v2_descriptor_execution_manifest.cpython-312.pyc,1150,cd4a5511b337ff8be6a3c462714e8c6536650144e8e3de8e3e6887fb568f5a25,rebuildable Python bytecode cache,.gitignore
tests/__pycache__/test_build_v2_full_frame_local_match_shards.cpython-312.pyc,3163,c8fcc509a6c225aa312cef188a84c3d5c5e41dd29094a8ad95a629383a8f848e,rebuildable Python bytecode cache,.gitignore
tests/__pycache__/test_build_v2_measurement_feasibility_pilot_manifest.cpython-312.pyc,8553,67078d5b54ba4724ee4cfea361c91e6f2074e52f13efad0f99924f6145fec3ba,rebuildable Python bytecode cache,.gitignore
tests/__pycache__/test_build_v2_pre_sampling_exclusion_register.cpython-312.pyc,5015,8db2dd0589f34319e696d09b7bcffbc6b979e53432d125292eb8fff6b24c8937,rebuildable Python bytecode cache,.gitignore
tests/__pycache__/test_build_v2_within_role_pair_frames.cpython-312.pyc,2591,d015721a5193ab9fcb0b3aa14d89366486412ad542a8e9d4ba917dd8837a4c41,rebuildable Python bytecode cache,.gitignore
tests/__pycache__/test_cluster_bootstrap_uncertainty.cpython-312.pyc,3556,b8039818cbf6666df6c147049ecd7bb495e91a7ca57149504e0d4f39cd23e111,rebuildable Python bytecode cache,.gitignore
tests/__pycache__/test_conformal_selective_router.cpython-312.pyc,3823,5a84712f52441670c4bfe5ba186e3773fea8cc17b9db1ffaedc2e9e0de7ee82f,rebuildable Python bytecode cache,.gitignore
tests/__pycache__/test_descriptor_stratified_calibration.cpython-312.pyc,4683,0673078c8923722ce56be7ee594c3d5945440ca2d0d7263d940509044fca8348,rebuildable Python bytecode cache,.gitignore
tests/__pycache__/test_evidence_feature_extraction.cpython-312.pyc,5690,b89c2476faba9d8ca941d7689febf9f393553d656a2b4292935b11df2a81e301,rebuildable Python bytecode cache,.gitignore
tests/__pycache__/test_evidence_risk_decomposition.cpython-312.pyc,2664,e2661db5d7c35e99169d9b103777c12075c12671a31bf1d148d613667ae7bef9,rebuildable Python bytecode cache,.gitignore
tests/__pycache__/test_feature_varied_validation_packet.cpython-312.pyc,5794,e11391e7c81bfff1e19cb9989f1c96d4121fb507df8ca2331254a2261450cfb2,rebuildable Python bytecode cache,.gitignore
tests/__pycache__/test_final_modeling_bootstrap.cpython-312.pyc,5736,7be121c5070481f59b92708aa088891c4d5c8c1f507ef5c765649898109107a7,rebuildable Python bytecode cache,.gitignore
tests/__pycache__/test_known_id_evidence_sufficiency_validation.cpython-312.pyc,4631,277030dc01d7fd662e0c42dc1eeeb086f1d1f874fb4c3f9c76290662b44758e4,rebuildable Python bytecode cache,.gitignore
tests/__pycache__/test_migrate_pferi_v1_v2_layout.cpython-312.pyc,7158,8bbe1702511a8f1460a401adb16a31e3a3d431e114b8eb0f475660a9b5420a36,rebuildable Python bytecode cache,.gitignore
tests/__pycache__/test_nonlinear_evidence_sensitivity.cpython-312.pyc,6567,363d19e3f97bfc28ee32d7a2713888a0eb154a34ba309d0648bee72f290d082a,rebuildable Python bytecode cache,.gitignore
tests/__pycache__/test_online_reason_label_supplement.cpython-312.pyc,6332,b3cf9c0662d0b3b4f6e38021667b51d264eff8e31366cf3a355f4a080d190af2,rebuildable Python bytecode cache,.gitignore
tests/__pycache__/test_package_phase16e2_bobcat_remaining_local_images.cpython-312.pyc,6275,136b39aa306c5cc74f7c13a7b8b9e8a817f65071e1b2f037dd0c66bd98585736,rebuildable Python bytecode cache,.gitignore
tests/__pycache__/test_pair_construction.cpython-312.pyc,6853,2e40734a090204c79ee785022f5748daf5e3bebe02dd6b087d7fb441f1e28686,rebuildable Python bytecode cache,.gitignore
tests/__pycache__/test_pferi_v2_work_image_dedup.cpython-312.pyc,5590,fc77897149827a4fafd9cc104d27322c69b7959bed2d3c9f8ed039da388f6c65,rebuildable Python bytecode cache,.gitignore
tests/__pycache__/test_phase16_dataset_foundation_audit.cpython-312.pyc,2339,2f777a07554bf6d37d28019d7d13a47ca6a425832639fdb4d08911edf6eebe9f,rebuildable Python bytecode cache,.gitignore
tests/__pycache__/test_phase16_laterality_logic.cpython-312.pyc,2166,a2b226a898ad4f7e142811ae1b1037d16130b994e2ad80305f07ccf141bccdb7,rebuildable Python bytecode cache,.gitignore
tests/__pycache__/test_phase16_leakage_logic.cpython-312.pyc,1396,7439a7b056b425237348fd2deb587b69841dc7e3f30b0ee3b203f2ac59ba65e7,rebuildable Python bytecode cache,.gitignore
tests/__pycache__/test_phase16e_bobcat_receiver.cpython-312.pyc,5305,7c46c4f4df033420a39d69092103e5a0645e4c31920dc737db120a1a7959a095,rebuildable Python bytecode cache,.gitignore
tests/__pycache__/test_phase16f_czechlynx_constrained_selection.cpython-312.pyc,5761,f6e1292a38c35b14beb99b3987ffef008be84d37769f7a9843a98c2387adc82e,rebuildable Python bytecode cache,.gitignore
tests/__pycache__/test_phase16f_czechlynx_publication_summary.cpython-312.pyc,3841,8733795840c6ac489e3ba96671c04ac04f93bf80dd27c2869c66f773d94d3de8,rebuildable Python bytecode cache,.gitignore
tests/__pycache__/test_phase16g_czechlynx_pair_prototype.cpython-312.pyc,3281,4b113503961a0471dd086c33de8a2d9d3446740ddc2bb052ee33710e54f352f5,rebuildable Python bytecode cache,.gitignore
tests/__pycache__/test_phase16g_pair_feature_schema.cpython-312.pyc,2673,433dba3c27ff9fcb929ddf37e6ab03ad7318302eb20fca81d3daf5d153f7fc21,rebuildable Python bytecode cache,.gitignore
tests/__pycache__/test_phase16g_pair_table_audit.cpython-312.pyc,3780,03d071e9e6cb57c9f3b71793ccf1bf774f3be7fde6a0d4e612ff73c70c25f63b,rebuildable Python bytecode cache,.gitignore
tests/__pycache__/test_phase16g_real_czechlynx_pair_table.cpython-312.pyc,6450,662fb5988831a2b7362d4aaa7d3108f8e820aeee95bce6ab7c66f13aff26ae66,rebuildable Python bytecode cache,.gitignore
tests/__pycache__/test_phase16h_czechlynx_calibrated_router.cpython-312.pyc,5608,3fc1517abef3001ec028f17d551c9c95fa240fdf24d8d1e0906e43a724abfd77,rebuildable Python bytecode cache,.gitignore
tests/__pycache__/test_phase16h_czechlynx_readiness_controls.cpython-312.pyc,6724,df566757ed1a5665403e35e1a28fde92014c0aa0d181881ece6ae12945e6617a,rebuildable Python bytecode cache,.gitignore
tests/__pycache__/test_phase17a_czechlynx_review_utility.cpython-312.pyc,6746,94250ec50fcbd9fd3f849dec2a89e0d79c8003cdd57683a25cfba8a59bc2a245,rebuildable Python bytecode cache,.gitignore
tests/__pycache__/test_phase17b_bobcat_transfer_stress.cpython-312.pyc,6854,601cac17cdb7a42c98fdf588ecc020b323199c8da6ca00d46c2dd7d231f1ecd2,rebuildable Python bytecode cache,.gitignore
tests/__pycache__/test_phase17c_bobcat_provisional_3000.cpython-312.pyc,7595,6a22aa55311ade8f346540478bde44322dcbc4031c8a247d9c68ed12d2ac7e04,rebuildable Python bytecode cache,.gitignore
tests/__pycache__/test_phase17d_bobcat_manual_audit_gate.cpython-312.pyc,6819,9bdfde8d2640e25fc892a65a342fd9eac3bdf1b838c628c4df0e20a9445c466d,rebuildable Python bytecode cache,.gitignore
tests/__pycache__/test_phase18_pipeline.cpython-312.pyc,64584,af34243f4ed061aa95a2b8186fa8c0b1173d51d0c75e5f5dcc0c1eae677a1a58,rebuildable Python bytecode cache,.gitignore
tests/__pycache__/test_phase18a_frozen_feature_manifest.cpython-312.pyc,5226,1f5cb7607a176d535af53f965399a277371981e403a71c882d76ed0a4985b933,rebuildable Python bytecode cache,.gitignore
tests/__pycache__/test_prepare_v2_image_allocation_strata.cpython-312.pyc,4565,c347f9e36de8c227f3a736572da347eb54289f2696dc68decc3408f8ebe0d26a,rebuildable Python bytecode cache,.gitignore
tests/__pycache__/test_project_cleanup_indexes.cpython-312.pyc,5406,d6f565bfb0d736a6320654ea325242495d06ba1173086e55c464257b1ccc0233,rebuildable Python bytecode cache,.gitignore
tests/__pycache__/test_reason_label_enrichment_packet.cpython-312.pyc,6121,6e42b8468be80a649a220f5253df469adf94ee1deb0f3ddfa20dc445ec316dbe,rebuildable Python bytecode cache,.gitignore
tests/__pycache__/test_review_budget_routing.cpython-312.pyc,4934,b852f1f2bd945cc044dc4813e17b6c306a1d719a04bf49a1e529b63404b7258f,rebuildable Python bytecode cache,.gitignore
tests/__pycache__/test_risk_calibrated_evidence_admission.cpython-312.pyc,2731,98f361fdd08beac3b22626fc6b86daf6823adec553bb1fc8a7b02fce947977bc,rebuildable Python bytecode cache,.gitignore
tests/__pycache__/test_robustness_and_claim_gates.cpython-312.pyc,2858,399f5f8eca179eb512c4f096c0800f79c08dc99c6a21f500e13177d88ea90be9,rebuildable Python bytecode cache,.gitignore
tests/__pycache__/test_run_v2_pilot_quality_measurements.cpython-312.pyc,2941,315d0da485a163aa6f6a9f2f5f177616aba1be8ef624b8a26414539861002d91,rebuildable Python bytecode cache,.gitignore
tests/__pycache__/test_simulate_ws04_power_cost_sensitivity.cpython-312.pyc,6632,3dfdb25fbf32e0cadba5f47c737e698731acb539350244538a1b7dede60cc6ef,rebuildable Python bytecode cache,.gitignore
tests/__pycache__/test_story_hardening_issue4_sensitivity.cpython-312.pyc,6485,d9d75c40e863d814a68b6a3b771e2d3f91ead659299149d9dc58f5a9b500cb38,rebuildable Python bytecode cache,.gitignore
tests/__pycache__/test_story_hardening_issue5_review_budget_value.cpython-312.pyc,6857,eaa523f0a188a5d68460202f734e7883a4641a515e32f06f2e2d9f13d622b13a,rebuildable Python bytecode cache,.gitignore
tests/__pycache__/test_story_hardening_issue6_pre_inference_simulation.cpython-312.pyc,5357,7a0673c9f4cbbba3cf8b3f93156e2bd7ecd61954cf20b358aa376e7e4f0ed10f,rebuildable Python bytecode cache,.gitignore
tests/__pycache__/test_story_hardening_issue8_objection_matrix.cpython-312.pyc,4139,5cc98d90d3a5992884ea2afe0db1265470096b8e5c0c04643d99b6b7a58c0db3,rebuildable Python bytecode cache,.gitignore
tests/__pycache__/test_story_hardening_issue9_consistency_audit.cpython-312.pyc,3857,8a6023dc189543724b5a0eb9d36e3081d484cba4bd376902494b2fd26ca784f2,rebuildable Python bytecode cache,.gitignore
tests/__pycache__/test_streamlit_pair_review_common.cpython-312.pyc,3908,41666caff97ae6f7c2b5cafc8073cdc50ad55380dd72404436b7510353593c23,rebuildable Python bytecode cache,.gitignore
tests/__pycache__/test_structural_oracle_annotation_core.cpython-312.pyc,4559,f25ac476e4b1a2087f37a7ee0372b87120ff4823286e52c56b3de7d73cd73c85,rebuildable Python bytecode cache,.gitignore
tests/__pycache__/test_v2_access_control_contract.cpython-312.pyc,6816,c5b7493d6da0d7c81f6bb533cc2fd56879ef0b7460c31b9aea0f8c29e84f975c,rebuildable Python bytecode cache,.gitignore
tests/__pycache__/test_v2_automatic_pair_evidence_contract.cpython-312.pyc,6166,ae70188107046d669d0644330196faa42926d45d63c21c9143a52263b58e360f,rebuildable Python bytecode cache,.gitignore
tests/__pycache__/test_v2_blinded_outcome_export_contract.cpython-312.pyc,5541,a7d6dd83eb0bda7718c130b28dd679f26c6d1eefdc208170af24edc6729ce5bf,rebuildable Python bytecode cache,.gitignore
tests/__pycache__/test_v2_canonical_pair_contract.cpython-312.pyc,8600,2b5a4831ca41099d9f10b65f8db75d2e62fd71dd91de44bf5f3df920449b2320,rebuildable Python bytecode cache,.gitignore
tests/__pycache__/test_v2_evidence_measurement_dictionary.cpython-312.pyc,7799,78b7cd4388b142c197b8ed1cd5f6969ca44bf36b437e73e417aeeee0e52a6867,rebuildable Python bytecode cache,.gitignore
tests/__pycache__/test_v2_full_image_quality_measurements.cpython-312.pyc,4846,218987e1507111d8cb2019ef439de735f837cd7092a2da95904d3f2ef6ae537a,rebuildable Python bytecode cache,.gitignore
tests/__pycache__/test_v2_independent_quality_control_contract.cpython-312.pyc,6110,7bd5efc317fd9f803d3140e8bd57a045e9b00188c51efe202ce830dc81cea1b3,rebuildable Python bytecode cache,.gitignore
tests/__pycache__/test_v2_local_match_execution_contract.cpython-312.pyc,3276,0985637794eae1a8c78f4232e91cbfe057cdea5006be44af651af872bf096924,rebuildable Python bytecode cache,.gitignore
tests/__pycache__/test_v2_measurement_feasibility_pilot_contract.cpython-312.pyc,5444,cd46200b2f2f0c44b680b7757c55ffd62596f9a4dca97c74114a3b6b803a0b17,rebuildable Python bytecode cache,.gitignore
tests/__pycache__/test_v2_partition_constraint_contract.cpython-312.pyc,16107,631a70e3aade036a5a06b6755d86e129b32c23114788ffc10301d55ec0fdca44,rebuildable Python bytecode cache,.gitignore
tests/__pycache__/test_v2_reviewer_interface_dry_run.cpython-312.pyc,11164,55c5d2595ef9212deffea944c8be704ca4adcc3480ea89c82d0dca4ef71261c8,rebuildable Python bytecode cache,.gitignore
tests/__pycache__/test_v2_reviewer_interface_human_audit.cpython-312.pyc,4854,a02991d11852473c661c6402aef423c716fc283c22babe031471a0db155ebc64,rebuildable Python bytecode cache,.gitignore
tests/__pycache__/test_v2_robust_local_match_runner.cpython-312.pyc,5828,710d230ad6f2c381775c9ca625139f895a45d32ef73d293eccaf321cecd6c11c,rebuildable Python bytecode cache,.gitignore
tests/__pycache__/test_v2_timed_operational_rehearsal.cpython-312.pyc,12049,7cddad1551e5dd313fb806f6ee10824c6f19fa4408a393f863190cd595a27754,rebuildable Python bytecode cache,.gitignore
tests/__pycache__/test_ws03_image_partition_feasibility.cpython-312.pyc,8583,13d55e88270e57c68901317281b89a8239524ba9fac5dc5bba82352929afeba9,rebuildable Python bytecode cache,.gitignore
gpu/kaggle_v2_local_matcher_v2/__pycache__/check_local_match_results_v2.cpython-312.pyc,5156,bb3d551b2c0855543546fc42441ad60045811b4fbee142289a92b3ac49c44d3c,rebuildable Python bytecode cache,.gitignore
gpu/kaggle_v2_local_matcher_v2/__pycache__/full_frame_local_match_runner.cpython-312.pyc,15294,993450dc39c61ea2425e3b3f0b928e6bab48aa832679b07b359ebdad3577fc2f,rebuildable Python bytecode cache,.gitignore
gpu/kaggle_v2_local_matcher_v2/__pycache__/local_match_runner_v2.cpython-312.pyc,31555,6f795619ea29d6bb545ab840df07ace6c54c59028a82ee0c986dd597218d313d,rebuildable Python bytecode cache,.gitignore
gpu/kaggle_v2_local_matcher_v2/__pycache__/smoke_test.cpython-312.pyc,6932,c968033e9e610734e4824af4cc10106e4b0f9fbc8801d537eef15ffd7a057791,rebuildable Python bytecode cache,.gitignore
gpu/kaggle_v2_local_matcher_v2/__pycache__/validate_final_results.cpython-312.pyc,2564,0353bc408a9a199b6f1a713adccf8ed95b64bbe9af11a0c778199383832b890a,rebuildable Python bytecode cache,.gitignore
scripts/__pycache__/analyze_blind_reliability_reviews.cpython-312.pyc,20505,8e37a197d00bfafc8c1f84342139ebf947227b3617356f37ca52d865cb968df5,rebuildable Python bytecode cache,.gitignore
scripts/__pycache__/analyze_v2_structural_oracle_reliability.cpython-312.pyc,10354,9ce819eafd4a659942a52087e12a2afa4986e3430039ad84eaa95967f395213e,rebuildable Python bytecode cache,.gitignore
scripts/__pycache__/apply_phase19_uwyo_bobcat_detector.cpython-312.pyc,19210,81740e59ad20dadada32fe9f9438f5b64796d0b9ad94543c3d96208f9fb90b26,rebuildable Python bytecode cache,.gitignore
scripts/__pycache__/apply_v2_official_image_allocation.cpython-312.pyc,9277,8c190dc02e3da0514d8c209dd86250fe288caaddfe1e343559a36f6998243959,rebuildable Python bytecode cache,.gitignore
scripts/__pycache__/archive_pferi_v1_phase_code.cpython-312.pyc,8612,1fc99ec383e85b90537bab39a550cb68f8a385b41a30977cc5612f6cf76621cb,rebuildable Python bytecode cache,.gitignore
scripts/__pycache__/attest_manual_review_labels.cpython-312.pyc,12488,69491d3ba7223cdaa2da7879ef1f162f1af761d9e02a1e76131455bdfef76ef1,rebuildable Python bytecode cache,.gitignore
scripts/__pycache__/audit_v2_reviewer_interface_dry_run.cpython-312.pyc,9668,5db228df360c7601acf8d1c8cbd42ffcfa4ef696b65093750e3df32249a9033d,rebuildable Python bytecode cache,.gitignore
scripts/__pycache__/audit_v2_timed_operational_rehearsal.cpython-312.pyc,12015,6d933b42add9f8c032e96ff53cb6b8381376ee1a21c1c79b4805fc9aec2970bd,rebuildable Python bytecode cache,.gitignore
scripts/__pycache__/audit_ws03_graph_inventory.cpython-312.pyc,24210,7421b5f6a1f731d2a8ba60bf892c6dd202d4c6e14c654c3cec18b233012394ea,rebuildable Python bytecode cache,.gitignore
scripts/__pycache__/audit_ws04_four_stage_allocation.cpython-312.pyc,15626,0098b1408188fe23add53e4d9e38df136f40dbca552e2de5588335cb34175112,rebuildable Python bytecode cache,.gitignore
scripts/__pycache__/audit_ws04_power_cost_inputs.cpython-312.pyc,10813,a07c0ee5ad4e5fc740bfe3b8c3811a7c5e5a2bb66619620795029042488d06c5,rebuildable Python bytecode cache,.gitignore
scripts/__pycache__/build_advanced_claim_gates_methods_report.cpython-312.pyc,44781,ba811fffbd071d340021c628ca3f87e46014c063480080971cbb9e92db750c62,rebuildable Python bytecode cache,.gitignore
scripts/__pycache__/build_advanced_modeling_contract.cpython-312.pyc,15600,bcb26359fe5b3626d9a048b7c4a0f236e498d71f044a6046fc89bad7c76c8902,rebuildable Python bytecode cache,.gitignore
scripts/__pycache__/build_blind_reliability_packet.cpython-312.pyc,20306,6be492b9f162a9f2fbafcb301c59efefda71b45128af7ca097497a0c4f48b8dd,rebuildable Python bytecode cache,.gitignore
scripts/__pycache__/build_bobcat_wild_urban_transfer_stress.cpython-312.pyc,13624,8a976e97bf9a748aa0b386e609fd1353ed1ebde6d99c4213661b894db1802c5d,rebuildable Python bytecode cache,.gitignore
scripts/__pycache__/build_cluster_bootstrap_uncertainty.cpython-312.pyc,16589,1f4b4b932ad85e285cf787ca249458c083b9a2dfa3f47693b635cce4686b8f66,rebuildable Python bytecode cache,.gitignore
scripts/__pycache__/build_conformal_selective_router.cpython-312.pyc,15309,b329de3a9f83216a033a41b9b724782901c29730649591ad404e9d2dac45dff0,rebuildable Python bytecode cache,.gitignore
scripts/__pycache__/build_descriptor_stratified_calibration.cpython-312.pyc,16914,d021af1d300a5446ba75828e8d5d1265609f197775843035a27e2e52562d299b,rebuildable Python bytecode cache,.gitignore
scripts/__pycache__/build_evidence_feature_extraction.cpython-312.pyc,27286,6d21c2c2e353f5e7aad6d7c722d70b82add8e43feaa58d591da7fa142773fae6,rebuildable Python bytecode cache,.gitignore
scripts/__pycache__/build_evidence_risk_decomposition.cpython-312.pyc,13986,26a656b6c53bf847da6566e5810949753763983a95ae1ca3b5fd1f72aa85eb19,rebuildable Python bytecode cache,.gitignore
scripts/__pycache__/build_feature_varied_validation_packet.cpython-312.pyc,22970,cb8f94bb264362c6f5c49b2294e74e20bd64afccf4554e9737601357b12b90cb,rebuildable Python bytecode cache,.gitignore
scripts/__pycache__/build_final_local_match_package_v2.cpython-312.pyc,2796,5cdd09419bc7e61af2334e25b439d3fb91f2ee0c494d8dd4ed1040dea55a82b8,rebuildable Python bytecode cache,.gitignore
scripts/__pycache__/build_final_modeling_bootstrap.cpython-312.pyc,21548,74c2ef3a09059f07ead02d9b1c53121eedab96fa7c95df460597aea96039f64e,rebuildable Python bytecode cache,.gitignore
scripts/__pycache__/build_known_id_evidence_sufficiency_validation.cpython-312.pyc,45934,94b861037ba608cdf7194b7037a3c27af56e0399c721c65fc984cfce979a05f5,rebuildable Python bytecode cache,.gitignore
scripts/__pycache__/build_manuscript_claim_boundary_audit.cpython-312.pyc,13094,f5d83137dad25f9dbac7095920a40a8d899c02a86fff342eed47cf2f1065335f,rebuildable Python bytecode cache,.gitignore
scripts/__pycache__/build_manuscript_figures_tables.cpython-312.pyc,38184,bc1a5f880c326f40616395a86a7142142c895dbf68c9c4ac45201cd144d9eeb4,rebuildable Python bytecode cache,.gitignore
scripts/__pycache__/build_manuscript_source_data_package.cpython-312.pyc,13493,71d8e25b42a87197b155abdbf213bffeb5b4cb76c3e2c362dd908f8fdd92326e,rebuildable Python bytecode cache,.gitignore
scripts/__pycache__/build_manuscript_submission_package.cpython-312.pyc,8979,bdce53ab90292ad07f14646114561e819142627ec8d419da62d8241e1a2a4189,rebuildable Python bytecode cache,.gitignore
scripts/__pycache__/build_nonlinear_evidence_sensitivity.cpython-312.pyc,23814,5e048eab25315438e8700b4325b59b01d8bebbacaee84a6c938151f4156e48f0,rebuildable Python bytecode cache,.gitignore
scripts/__pycache__/build_online_reason_label_supplement.cpython-312.pyc,25538,c5d5475fe737d5c68298686e296f24ea259ee899df8a9515eb6c6aea80695eb5,rebuildable Python bytecode cache,.gitignore
scripts/__pycache__/build_pair_construction.cpython-312.pyc,19201,8bd15f51f3839cc5576931d20044b806969d0558aba1b8180ecbd8a86efd60e7,rebuildable Python bytecode cache,.gitignore
scripts/__pycache__/build_phase18_review_utility_confidence.cpython-312.pyc,8764,931ffecb716b5e4d9a23ee0fa67ff6d49f2feb0273da0fba2469397ad3909532,rebuildable Python bytecode cache,.gitignore
scripts/__pycache__/build_phase18a_frozen_feature_manifest.cpython-312.pyc,14111,57ac6cae200b9b83769913cbbfd3d09de9d8b95c3c7326841f4c15fcdda25575,rebuildable Python bytecode cache,.gitignore
scripts/__pycache__/build_phase18b_local_descriptor_control.cpython-312.pyc,8102,94ea338d8bd3df17e49019be08399e16bcc42503f28ac17e89bd63d87a34cd56,rebuildable Python bytecode cache,.gitignore
scripts/__pycache__/build_phase18c_czechlynx_pair_contract.cpython-312.pyc,8258,7fddc40a226211e423efb216353adc8788b8a59fea8b56781fe2b089b0310884,rebuildable Python bytecode cache,.gitignore
scripts/__pycache__/build_phase18d_pf_eri_pair_features.cpython-312.pyc,7661,63da295ad5e4e3f01285d6f00b3ce756bda1446f1dd014a135c3abb86ff5f0f1,rebuildable Python bytecode cache,.gitignore
scripts/__pycache__/build_phase18e_review_router.cpython-312.pyc,10221,a00e959392b0f08bc35546924b272496eeb790ee8e12d4280d4974b296aa6682,rebuildable Python bytecode cache,.gitignore
scripts/__pycache__/build_phase18f_bobcat_transfer_readiness.cpython-312.pyc,9564,6e22aa30b862153776d685e1515f1352b099932a0daa161072ed129d2ef25e61,rebuildable Python bytecode cache,.gitignore
scripts/__pycache__/build_phase18g_strong_baseline_claim_gate.cpython-312.pyc,9918,889db739de1dd43737a728623d87cc00cc7ff5a34c5d3fd979c1b61e65243c69,rebuildable Python bytecode cache,.gitignore
scripts/__pycache__/build_phase18h_pair_level_failure_mechanism.cpython-312.pyc,17500,521fb9a6b6b94823c3042356369298f59ed467628bdea7468a44d6e14e5c60d2,rebuildable Python bytecode cache,.gitignore
scripts/__pycache__/build_phase18i_reviewability_analysis.cpython-312.pyc,18770,239bde6014bbc374e3fc7e2d54f8b16b8a67707f8abb740398c5f24038ca7820,rebuildable Python bytecode cache,.gitignore
scripts/__pycache__/build_phase18i_targeted_review_packet.cpython-312.pyc,14967,89103fb22b02860d77090b0c4886cd0f8c1f83a3f67528200d2de1cdc6c8b1f1,rebuildable Python bytecode cache,.gitignore
scripts/__pycache__/build_phase18j_full_queue_review_packet.cpython-312.pyc,12972,07abd7e0636f2872157b42d8dc038628cfc8f4c64babc90a74a1064b81d1d862,rebuildable Python bytecode cache,.gitignore
scripts/__pycache__/build_phase18j_reviewer_agreement_analysis.cpython-312.pyc,18680,c691c2dd93f5af8ea4918675958000c50f7cb2387691c71a1e1ef64dc14a5b52,rebuildable Python bytecode cache,.gitignore
scripts/__pycache__/build_phase18k_adjudication_packet.cpython-312.pyc,6038,69b330137a2c4150487e4d426fc7a49dc53c02449875de08c96146d63d6e2b39,rebuildable Python bytecode cache,.gitignore
scripts/__pycache__/build_phase18k_highest_goal_validation.cpython-312.pyc,28491,9bb4032da50f8e8c0ab4bebab0b2cb6dac413edf8c7354d1b55750a49c02030a,rebuildable Python bytecode cache,.gitignore
scripts/__pycache__/build_phase18k_uncertainty_concentration.cpython-312.pyc,16833,63ebece86df5fbc8726ba849a65f7a3ac1fa42b61ac6e0b16670d55f70ad9f16,rebuildable Python bytecode cache,.gitignore
scripts/__pycache__/build_phase18l_descriptor_controlled_analysis.cpython-312.pyc,20206,a1876f5f5d2acf0a1c235e813e1ca2b44f410ad627d51293d65150e805a0718e,rebuildable Python bytecode cache,.gitignore
scripts/__pycache__/build_phase18l_descriptor_controlled_review_packet.cpython-312.pyc,15057,2a3fd868c44e24977fd9a274895006c35e23132d8ba2abce7dc9e64011c01eea,rebuildable Python bytecode cache,.gitignore
scripts/__pycache__/build_phase18m_identity_balanced_analysis.cpython-312.pyc,22086,5b0d6949eee6611d33665551f39bdb451ec9e103d6c63604bbb635e5b7306ba0,rebuildable Python bytecode cache,.gitignore
scripts/__pycache__/build_phase18m_identity_balanced_review_packet.cpython-312.pyc,16968,61184b9f5afc44c382ecf29b7f99d80e80119ec17c726203f1f765da77c9144f,rebuildable Python bytecode cache,.gitignore
scripts/__pycache__/build_phase18n_confirmatory_review_packet.cpython-312.pyc,20623,f864effd7e17ab5d041d60ea63efb502a026b807e46c3dc25c61ded9b9aaa20e,rebuildable Python bytecode cache,.gitignore
scripts/__pycache__/build_phase19_bobcat_area10_augmented_final3000.cpython-312.pyc,15801,d03185504ab64b4f27d9fd77040b0fd1e502d8945456a750c7f075617a25dc59,rebuildable Python bytecode cache,.gitignore
scripts/__pycache__/build_phase19_bobcat_final3000_with_area10_seed.cpython-312.pyc,15090,926ab4e6b478b82b5f608451baacfbbd0df0c0914a2986aff327b5766484b3d0,rebuildable Python bytecode cache,.gitignore
scripts/__pycache__/build_phase19_bobcat_inat_area10_queue.cpython-312.pyc,21351,96b38b33a4775472c2afdc6101ec7347246ff254f3c6d2b02b3e157ddc631323,rebuildable Python bytecode cache,.gitignore
scripts/__pycache__/build_phase19_bobcat_inat_clarity_second_pass.cpython-312.pyc,10063,808a1272dfe31b38ee284d0ce6161f46a01a16e37ca46223940f57a499947887,rebuildable Python bytecode cache,.gitignore
scripts/__pycache__/build_phase19_bobcat_inat_daylight_clean_queue.cpython-312.pyc,15098,cec3b6b1a707fae88f74ef977d85db7292d60382f11d12aab4584e115867aa59,rebuildable Python bytecode cache,.gitignore
scripts/__pycache__/build_phase19_bobcat_wild_blur_gate_queue.cpython-312.pyc,8262,23441079d8a73c231f8580225358c7a1f93a452b0b689066d0d6a42c76904415,rebuildable Python bytecode cache,.gitignore
scripts/__pycache__/build_phase19_bobcat_wild_body_gate_queue.cpython-312.pyc,10079,2719c4241bb0c4e8e5b1f6f9c0cc5203537132003f178896ed5b2b66cc94539d,rebuildable Python bytecode cache,.gitignore
scripts/__pycache__/build_phase19_bobcat_wild_pixel_clarity_queue.cpython-312.pyc,12633,878420bec68dca6b1a019aff918f10e815197f881120be3fbd83fcd693c9ca42,rebuildable Python bytecode cache,.gitignore
scripts/__pycache__/build_phase19_bobcat_wild_rescue_review_queue.cpython-312.pyc,14912,ecb3fa41a18f0885dea975d316c67ca6cb8d74c95dab6d49a5e4d222ad3c69a8,rebuildable Python bytecode cache,.gitignore
scripts/__pycache__/build_phase19_object_aware_clear_candidates.cpython-312.pyc,21719,55d1b18d7c37f0cd1297fe8440ebefa9f2e27645e830fefaae92352aded8f554,rebuildable Python bytecode cache,.gitignore
scripts/__pycache__/build_phase19_strict_photo_prefilter.cpython-312.pyc,26000,e5b5047b2577d60fddeae1ba732a291828bee2a6c2be4f5faaf57094ed2f1203,rebuildable Python bytecode cache,.gitignore
scripts/__pycache__/build_phase19_strict_top3000_review_samples.cpython-312.pyc,12038,e2091a36fbc9dbf1b1e9879ae1e70ec690e81e968bf1bcea29c6eba5cb890caf,rebuildable Python bytecode cache,.gitignore
scripts/__pycache__/build_project_artifact_consolidation_index.cpython-312.pyc,10635,2ae5424dfc67341ec41b4429cc502bb69d0f4e6733f9caa3b2930b15aac419b5,rebuildable Python bytecode cache,.gitignore
scripts/__pycache__/build_project_cleanup_indexes.cpython-312.pyc,12415,c4ea6691f6220ce2ca6dd5b16409f161d9232b8bc88e91b973ee8735f7ac5a5f,rebuildable Python bytecode cache,.gitignore
scripts/__pycache__/build_reason_label_enrichment_packet.cpython-312.pyc,26051,24ea113074e956f3ef0b0e80b023c7fff0e7aac2d94108f1436581c6abea95db,rebuildable Python bytecode cache,.gitignore
scripts/__pycache__/build_review_budget_routing.cpython-312.pyc,24179,4967b6258e55b2826b400f05e7ef4370106930dbc02f63dcf69615ec07f9adf9,rebuildable Python bytecode cache,.gitignore
scripts/__pycache__/build_risk_calibrated_evidence_admission.cpython-312.pyc,14992,605d12f8d2491093fed1a76e74343010604ebe4a5d9373f9ac509f2e44ab66d5,rebuildable Python bytecode cache,.gitignore
scripts/__pycache__/build_robustness_and_claim_gates.cpython-312.pyc,25852,5a658d0534c9f8ee492c09d918ef132fca907863cf1d8176cc12dd14e98500d6,rebuildable Python bytecode cache,.gitignore
scripts/__pycache__/build_story_hardening_issue1_figure.cpython-312.pyc,9810,af0bc8432f865ef236d5d71556a7259f37b9a219727e4e52fb23c3ff3de4dd76,rebuildable Python bytecode cache,.gitignore
scripts/__pycache__/build_story_hardening_issue4_sensitivity.cpython-312.pyc,22977,f5bd211881ed980f3dc98dea048dab0a7bc0273ff8abf5c37f538951ca78ed46,rebuildable Python bytecode cache,.gitignore
scripts/__pycache__/build_story_hardening_issue5_review_budget_value.cpython-312.pyc,27397,73c57e4cc3fd2f703fb8d05f6966da459b1611f7f9c1d0f5ac7bc7c935c805db,rebuildable Python bytecode cache,.gitignore
scripts/__pycache__/build_story_hardening_issue6_pre_inference_simulation.cpython-312.pyc,17421,98d2adb5bc099e5799b117298606f54b367dd2aaab8b19d61f4a60cc6c36b01c,rebuildable Python bytecode cache,.gitignore
scripts/__pycache__/build_story_hardening_issue8_objection_matrix.cpython-312.pyc,18227,34949b23dd984e300a63432c8d3c7fd8db4367cea9c052d240552eebb4bdfb8a,rebuildable Python bytecode cache,.gitignore
scripts/__pycache__/build_story_hardening_issue9_consistency_audit.cpython-312.pyc,18453,a62353279a3ef57dadc326bcce999f94e9da60b49caf30b14f0a5345af1b563d,rebuildable Python bytecode cache,.gitignore
scripts/__pycache__/build_v2_canonical_pair_contract.cpython-312.pyc,18008,9c7512f48b1e483e43a60a38af115b145bdaab1fff16080c140df43b9ec33734,rebuildable Python bytecode cache,.gitignore
scripts/__pycache__/build_v2_czechlynx_image_context.cpython-312.pyc,9021,faa61f2431d5e2e4ca4df75ee31d775062db91df13a6058f83bba9400b469124,rebuildable Python bytecode cache,.gitignore
scripts/__pycache__/build_v2_descriptor_execution_manifest.cpython-312.pyc,5535,8384ec641bec2b06caa87ad6dc8f0e97cb4dfa352ed5f755345783f83fed6afa,rebuildable Python bytecode cache,.gitignore
scripts/__pycache__/build_v2_dual_descriptor_candidate_reservoir.cpython-312.pyc,5467,c5f889dbae96fd3ef510139f59d4a58ba3b4ede402c90a891b808879ae9ec2c7,rebuildable Python bytecode cache,.gitignore
scripts/__pycache__/build_v2_full_frame_local_match_control_package.cpython-312.pyc,7112,28771c4ab6a970b72b8c2aac0a6b005ff76eeb93e6fbb50835b8e634b2bf9b35,rebuildable Python bytecode cache,.gitignore
scripts/__pycache__/build_v2_full_frame_local_match_shards.cpython-312.pyc,10943,f5c11945cba58a844fc8eff9b002f1c9e8640309e41b92411e4575b75b6b5be5,rebuildable Python bytecode cache,.gitignore
scripts/__pycache__/build_v2_full_image_quality_execution_manifest.cpython-312.pyc,8778,fbe06c145845a21e6d0c11a830f7acc41a2371aae579f0acef7cd2a65860ed95,rebuildable Python bytecode cache,.gitignore
scripts/__pycache__/build_v2_local_match_execution_package.cpython-312.pyc,8531,79588f850cbbb86ff4b4d5af5cda7fcbbca0f7b30c3056e58c64cb19b5d0edc8,rebuildable Python bytecode cache,.gitignore
scripts/__pycache__/build_v2_measurement_feasibility_pilot_manifest.cpython-312.pyc,14401,5ab561d8719849ab0ad4723be611c142cedc14dd940539c5070ae9747f38142b,rebuildable Python bytecode cache,.gitignore
scripts/__pycache__/build_v2_pilot_quality_execution_manifest.cpython-312.pyc,7565,b0ce8f342f7722eadad540340928db354dc7644eba9d71618100ed78eb783f6e,rebuildable Python bytecode cache,.gitignore
scripts/__pycache__/build_v2_pre_sampling_exclusion_register.cpython-312.pyc,11850,bacb2fa88c9e9b1fe36261027c4afc19192f5f543cf99f6fd79859b74e9396e1,rebuildable Python bytecode cache,.gitignore
scripts/__pycache__/build_v2_reviewer_interface_dry_run.cpython-312.pyc,21430,ec9effc90961889a54b3e04378bfae01a1a05e7f3f4bb6726c400b684f26f569,rebuildable Python bytecode cache,.gitignore
scripts/__pycache__/build_v2_structural_oracle_annotation_package.cpython-312.pyc,11970,8510ad83fb4da2770104c4592eeba9ee8818314f9b5f16550e0038ec9a4c9342,rebuildable Python bytecode cache,.gitignore
scripts/__pycache__/build_v2_timed_operational_rehearsal.cpython-312.pyc,30509,ad4fa16b541fee9a0371c4ed4d83034e09b3fec278bc39938a31c01dd0fce9ab,rebuildable Python bytecode cache,.gitignore
scripts/__pycache__/build_v2_within_role_pair_frames.cpython-312.pyc,12603,84a7d06e8ed057136903f4e0487840243f7d24a0d8b85a11e7dc931baa04633e,rebuildable Python bytecode cache,.gitignore
scripts/__pycache__/check_codegraph_project_contract.cpython-312.pyc,5766,259291c03c695297ca09860da1b09ea8243d786a13e46ffdc81e15037e382ead,rebuildable Python bytecode cache,.gitignore
scripts/__pycache__/cleanup_superseded_artifacts.cpython-312.pyc,15499,71469f082cfc361b28111138f7d2c24654454f5273fb508a9d54fce77925f5f2,rebuildable Python bytecode cache,.gitignore
scripts/__pycache__/deduplicate_pferi_v2_work_images.cpython-312.pyc,11421,037695028ea7ddb69a639b207fc2afdd14b8199660d37bf3124906e781c13751,rebuildable Python bytecode cache,.gitignore
scripts/__pycache__/download_phase19_candidate_pools.cpython-312.pyc,24099,7ced7ea4637accc0bf20a558e2e158035db8a9683fb156aa4ccbece86baacd03,rebuildable Python bytecode cache,.gitignore
scripts/__pycache__/freeze_v2_official_sampling_seed.cpython-312.pyc,5309,9317a2e18ec09ce9ddfb706401e8d8019f13cdb8f6850c136a8ff1a951f0c319,rebuildable Python bytecode cache,.gitignore
scripts/__pycache__/materialize_pferi_v2_work_images.cpython-312.pyc,4895,f30cdf4af405b0c34ac0c671921453272ffc76858ee85f2453a48ac20a5d52d9,rebuildable Python bytecode cache,.gitignore
scripts/__pycache__/migrate_pferi_v1_v2_layout.cpython-312.pyc,24589,b595bd4d38e497455bdc8480bbec919b7697c1cd038977f44304f278d4844de0,rebuildable Python bytecode cache,.gitignore
scripts/__pycache__/package_phase18_strong_baseline_handoff.cpython-312.pyc,4145,c70372486d0729cffb276f7c1e9fd437126f1c01d84df7514e936a566aeef6f2,rebuildable Python bytecode cache,.gitignore
scripts/__pycache__/package_v2_descriptor_execution_images.cpython-312.pyc,9172,aadfaf3143e3d6dc0db4a2a418d199f992c58e7fef7b62b437c2d1800802c0ef,rebuildable Python bytecode cache,.gitignore
scripts/__pycache__/phase18_pipeline_utils.cpython-312.pyc,8223,902c6fce6dae2ed60bea5c589acd9a9bc23a7432006e0f1d95c51ddb136cbf80,rebuildable Python bytecode cache,.gitignore
scripts/__pycache__/prepare_v2_image_allocation_strata.cpython-312.pyc,17604,4fccf841aee01120d7cca276cf1d599e6b2a3345334fb838f21bc70751fab3f0,rebuildable Python bytecode cache,.gitignore
scripts/__pycache__/receive_phase18_strong_baseline_artifacts.cpython-312.pyc,12771,1c77d5129354779d45b30fb0bb8c475e4e354852f1cd39946385d0035faff9b7,rebuildable Python bytecode cache,.gitignore
scripts/__pycache__/recompute_phase19_bobcat_wild_area_counts.cpython-312.pyc,9671,5d121bd819ba45b140b738a542a25ab9d47a155576a89aecc4589cc7a3576d3a,rebuildable Python bytecode cache,.gitignore
scripts/__pycache__/render_structural_oracle_batch_sheet.cpython-312.pyc,4005,f774c8b3319fb6024a25d465745c2321e9765d987dedaf337cb5725cc5f4936d,rebuildable Python bytecode cache,.gitignore
scripts/__pycache__/run_phase18_all.cpython-312.pyc,4387,d8fe4a1b53b2cd5df3851c468cf9b431cb7198e88a0613f39435e43299505c81,rebuildable Python bytecode cache,.gitignore
scripts/__pycache__/run_phase18_strong_descriptor_pipeline.cpython-312.pyc,5731,67b92ba1e576690ff5ef83ab3e94a044cd8c64dc482ab6a4cc0fe4b1cfd4a0bc,rebuildable Python bytecode cache,.gitignore
scripts/__pycache__/run_v2_full_image_quality_measurements.cpython-312.pyc,11975,f97bb50127ac097aae303ef83b20a9c91ec4300436dbf91c2229d8f55e6aaaf0,rebuildable Python bytecode cache,.gitignore
scripts/__pycache__/run_v2_pilot_quality_measurements.cpython-312.pyc,21193,5e56e2adf33e5cad77b5ff2eafd434bb35001798279ebffff3cbd03eac284155,rebuildable Python bytecode cache,.gitignore
scripts/__pycache__/simulate_ws03_image_partition_feasibility.cpython-312.pyc,23111,65ec0ed883e42c755958e67571f15a18965e14a98fa8a9c013b5b4a7caceeb5f,rebuildable Python bytecode cache,.gitignore
scripts/__pycache__/simulate_ws04_power_cost_sensitivity.cpython-312.pyc,34314,f4cf35e177773973b8d4b2cdfff0b61878c951bb5e5ff36d4efbd883a6b9fc1e,rebuildable Python bytecode cache,.gitignore
scripts/__pycache__/streamlit_blind_reliability_review_app.cpython-312.pyc,14333,e40bae45fa206df997743b8578127c23a0be636ebb1a735047d2541b1282a307,rebuildable Python bytecode cache,.gitignore
scripts/__pycache__/streamlit_bobcat_photo_selection_review_app.cpython-312.pyc,14889,38763ec3e97ba7bcf8d8392c6f3b7ab81e6ed78cd10ccdba2cc0f7bc465d8d6f,rebuildable Python bytecode cache,.gitignore
scripts/__pycache__/streamlit_feature_varied_validation_review_app.cpython-312.pyc,2801,8f6ed4a000180e5cda98276571d3dea7a0464e308640224df53f2cc3283d5951,rebuildable Python bytecode cache,.gitignore
scripts/__pycache__/streamlit_online_reason_label_review_app.cpython-312.pyc,2885,2b96e0e421a3f75af233449819fea391bc681936caa92e11c40f2a8bfeeb0634,rebuildable Python bytecode cache,.gitignore
scripts/__pycache__/streamlit_pair_review_common.cpython-312.pyc,15739,a8a720f7ae9010386ee4e55cf64a5b6b8696aee469a4a35d5d423e308a3fbeaf,rebuildable Python bytecode cache,.gitignore
scripts/__pycache__/streamlit_phase18i_pair_review_app.cpython-312.pyc,18702,96ac230b421f21c7b633e6b6c2bf3eca0bd6d7781bc621d94a66c5540bf50e6b,rebuildable Python bytecode cache,.gitignore
scripts/__pycache__/streamlit_phase18j_full_queue_review_app.cpython-312.pyc,18171,823edd348cf8e26d1ec8de6fe75c43bc7fc2a8eeaf823d3e13ff22a956a0716a,rebuildable Python bytecode cache,.gitignore
scripts/__pycache__/streamlit_phase18l_descriptor_controlled_review_app.cpython-312.pyc,18415,f1be510efb56af1573a34c3f39571c83a88c59038a786e979f835bc76de13079,rebuildable Python bytecode cache,.gitignore
scripts/__pycache__/streamlit_phase18m_identity_balanced_review_app.cpython-312.pyc,18851,4d870902f07ccd29bf2f7f4fda1ae62700542ce4d1a75474288bc770cc0b2d0b,rebuildable Python bytecode cache,.gitignore
scripts/__pycache__/streamlit_phase19_inat_clean_review_app.cpython-312.pyc,13291,5ef0115bbe38f0187d0a8fcd7b2b8852199972757113407910ef334b07d824f8,rebuildable Python bytecode cache,.gitignore
scripts/__pycache__/streamlit_phase19_manual_bbox_app.cpython-312.pyc,17167,e8dae3c978d6409ed774963d3e26d84fe89cc780d9c4a6da374c773342d7decb,rebuildable Python bytecode cache,.gitignore
scripts/__pycache__/streamlit_phase19_strict_photo_review_app.cpython-312.pyc,19080,ea50d71f578299aa14bc70bfd516ce4e50634e589418b38a4919f656bf157981,rebuildable Python bytecode cache,.gitignore
scripts/__pycache__/streamlit_reason_label_enrichment_review_app.cpython-312.pyc,2600,ed92c2a5e005dcde416d3b68574f89a37ab1aa2cf76cbe335f51980f5ce91f5a,rebuildable Python bytecode cache,.gitignore
scripts/__pycache__/streamlit_structural_oracle_annotation_app.cpython-312.pyc,5707,fdf669fcc5ff24910bb177b2574fdc293ee4e78e2671f41b13f1850fd8f2bd17,rebuildable Python bytecode cache,.gitignore
scripts/__pycache__/streamlit_structural_oracle_annotator_a.cpython-312.pyc,266,dcdbd8f1344506298a0929349f1b9f8d9cd78d951d28a6d7836c9e040620f483,rebuildable Python bytecode cache,.gitignore
scripts/__pycache__/streamlit_structural_oracle_annotator_b.cpython-312.pyc,266,411d25245703209971dbd7b7c6a89443b2cd4ffade7528d17bb9f65d3b2a291f,rebuildable Python bytecode cache,.gitignore
scripts/__pycache__/structural_oracle_annotation_core.cpython-312.pyc,8762,199564e99c10bf234d0ba90a7329e7b04618e2df510d9416be5469c514308c40,rebuildable Python bytecode cache,.gitignore
scripts/__pycache__/validate_v2_access_control_contract.cpython-312.pyc,16639,120a8bbef420cfe6e4e9892fe85f7827dd020524483523b427e99ebdbc38643b,rebuildable Python bytecode cache,.gitignore
scripts/__pycache__/validate_v2_automatic_pair_evidence_contract.cpython-312.pyc,9694,aa7cd9c62adfadeae1263197f048b3d503049839650b879603c2949fc970b25d,rebuildable Python bytecode cache,.gitignore
scripts/__pycache__/validate_v2_blinded_outcome_export_contract.cpython-312.pyc,8018,d03b55bc385041f78099de1ecef91c4e4519ea2be1ba46673f33cc888f002c1b,rebuildable Python bytecode cache,.gitignore
scripts/__pycache__/validate_v2_evidence_measurement_dictionary.cpython-312.pyc,18249,a557980dd0d28d566e27f9901967c1835c1ccd504795e775d07f889624263529,rebuildable Python bytecode cache,.gitignore
scripts/__pycache__/validate_v2_independent_quality_control_contract.cpython-312.pyc,9938,10960c4d11e185131c7434d4ada96b460611263f5f9f2cfcbcd520f7057cf907,rebuildable Python bytecode cache,.gitignore
scripts/__pycache__/validate_v2_local_match_execution_contract.cpython-312.pyc,4185,7e9268ea4bfd7a8c44646d89bc3de054401ec94a5a330797268de1ef1719188d,rebuildable Python bytecode cache,.gitignore
scripts/__pycache__/validate_v2_measurement_feasibility_pilot_contract.cpython-312.pyc,8193,9edab553983d20d8704c7e82ac58778d1a92d221c0d31348c1177b4d50b19675,rebuildable Python bytecode cache,.gitignore
scripts/__pycache__/validate_v2_partition_constraints.cpython-312.pyc,26584,60cdadecae872a651e9472986385d7bd4c5a59ffa7e0dbbdd84ee7fab84dffaa,rebuildable Python bytecode cache,.gitignore
scripts/__pycache__/validate_v2_reviewer_interface_human_audit.cpython-312.pyc,5723,20a455b8675289a2924fec764c1708e0e74f452bf6715dffab5c3686c1727216,rebuildable Python bytecode cache,.gitignore
tests/__pycache__/test_advanced_claim_gates_methods_report.cpython-312.pyc,7791,46cdf5e46aa6b214b1d1143daa8909bf48dc15a6d58d63e5c68324d382835d0f,rebuildable Python bytecode cache,.gitignore
tests/__pycache__/test_advanced_modeling_contract.cpython-312.pyc,4407,d1d34cec4eb7cb6e4ed79e0116b1be097e0f5dbc07a8874fc77c6675b635472d,rebuildable Python bytecode cache,.gitignore
tests/__pycache__/test_apply_v2_official_image_allocation.cpython-312.pyc,2925,2cce01969b1c4d3cfbad6beb9f22990bb25488a1f20d6b37cc77689ac773763d,rebuildable Python bytecode cache,.gitignore
tests/__pycache__/test_archive_pferi_v1_phase_code.cpython-312.pyc,3367,9906aa775f40cb5fb25e38b27c0851bb7aafff77cf71307a494dedbf9248e2a7,rebuildable Python bytecode cache,.gitignore
tests/__pycache__/test_attest_manual_review_labels.cpython-312.pyc,7301,e6605458f75188551dd86b44ffbe8fac8c2ce362e009bf9b66b51901ab5d29b7,rebuildable Python bytecode cache,.gitignore
tests/__pycache__/test_audit_ws03_graph_inventory.cpython-312.pyc,5928,f3fca71ca528612db849de169a263a33c32a6ab00be000836d88e90a46613159,rebuildable Python bytecode cache,.gitignore
tests/__pycache__/test_audit_ws04_four_stage_allocation.cpython-312.pyc,6881,fb7352d0e9ef55a37f64930b8fc98e7251442b3cae3736a46cbc907218f80ef8,rebuildable Python bytecode cache,.gitignore
tests/__pycache__/test_audit_ws04_power_cost_inputs.cpython-312.pyc,3995,9aa2456134db601578432e78595aa83daaa8f48506b07757bff80dc3cf6188df,rebuildable Python bytecode cache,.gitignore
tests/__pycache__/test_blind_reliability_packet.cpython-312.pyc,12599,2a818d3c35d624fe18ee471823f1c96bf5a757eda432901955aac49486eb7138,rebuildable Python bytecode cache,.gitignore
tests/__pycache__/test_bobcat_wild_urban_transfer_stress.cpython-312.pyc,2268,551b3e17e3e396515c7957aca5df0d79b0b6defd35b99036af537f28105d9e19,rebuildable Python bytecode cache,.gitignore
tests/__pycache__/test_build_v2_czechlynx_image_context.cpython-312.pyc,5698,acf581a071a04a33975ccbfa68a1f363393d0468a3c4b0e49e37e1ea735625ba,rebuildable Python bytecode cache,.gitignore
tests/__pycache__/test_build_v2_descriptor_execution_manifest.cpython-312.pyc,1150,cd4a5511b337ff8be6a3c462714e8c6536650144e8e3de8e3e6887fb568f5a25,rebuildable Python bytecode cache,.gitignore
tests/__pycache__/test_build_v2_full_frame_local_match_shards.cpython-312.pyc,3163,c8fcc509a6c225aa312cef188a84c3d5c5e41dd29094a8ad95a629383a8f848e,rebuildable Python bytecode cache,.gitignore
tests/__pycache__/test_build_v2_measurement_feasibility_pilot_manifest.cpython-312.pyc,8553,67078d5b54ba4724ee4cfea361c91e6f2074e52f13efad0f99924f6145fec3ba,rebuildable Python bytecode cache,.gitignore
tests/__pycache__/test_build_v2_pre_sampling_exclusion_register.cpython-312.pyc,5015,8db2dd0589f34319e696d09b7bcffbc6b979e53432d125292eb8fff6b24c8937,rebuildable Python bytecode cache,.gitignore
tests/__pycache__/test_build_v2_within_role_pair_frames.cpython-312.pyc,2591,d015721a5193ab9fcb0b3aa14d89366486412ad542a8e9d4ba917dd8837a4c41,rebuildable Python bytecode cache,.gitignore
tests/__pycache__/test_cluster_bootstrap_uncertainty.cpython-312.pyc,3556,b8039818cbf6666df6c147049ecd7bb495e91a7ca57149504e0d4f39cd23e111,rebuildable Python bytecode cache,.gitignore
tests/__pycache__/test_conformal_selective_router.cpython-312.pyc,3823,5a84712f52441670c4bfe5ba186e3773fea8cc17b9db1ffaedc2e9e0de7ee82f,rebuildable Python bytecode cache,.gitignore
tests/__pycache__/test_descriptor_stratified_calibration.cpython-312.pyc,4683,0673078c8923722ce56be7ee594c3d5945440ca2d0d7263d940509044fca8348,rebuildable Python bytecode cache,.gitignore
tests/__pycache__/test_evidence_feature_extraction.cpython-312.pyc,5690,b89c2476faba9d8ca941d7689febf9f393553d656a2b4292935b11df2a81e301,rebuildable Python bytecode cache,.gitignore
tests/__pycache__/test_evidence_risk_decomposition.cpython-312.pyc,2664,e2661db5d7c35e99169d9b103777c12075c12671a31bf1d148d613667ae7bef9,rebuildable Python bytecode cache,.gitignore
tests/__pycache__/test_feature_varied_validation_packet.cpython-312.pyc,5794,e11391e7c81bfff1e19cb9989f1c96d4121fb507df8ca2331254a2261450cfb2,rebuildable Python bytecode cache,.gitignore
tests/__pycache__/test_final_modeling_bootstrap.cpython-312.pyc,5736,7be121c5070481f59b92708aa088891c4d5c8c1f507ef5c765649898109107a7,rebuildable Python bytecode cache,.gitignore
tests/__pycache__/test_known_id_evidence_sufficiency_validation.cpython-312.pyc,4631,277030dc01d7fd662e0c42dc1eeeb086f1d1f874fb4c3f9c76290662b44758e4,rebuildable Python bytecode cache,.gitignore
tests/__pycache__/test_migrate_pferi_v1_v2_layout.cpython-312.pyc,9076,b6324567a2978027c724b97c2efe984e9379e647df69dd42146fbb22f8177c83,rebuildable Python bytecode cache,.gitignore
tests/__pycache__/test_nonlinear_evidence_sensitivity.cpython-312.pyc,6567,363d19e3f97bfc28ee32d7a2713888a0eb154a34ba309d0648bee72f290d082a,rebuildable Python bytecode cache,.gitignore
tests/__pycache__/test_online_reason_label_supplement.cpython-312.pyc,6332,b3cf9c0662d0b3b4f6e38021667b51d264eff8e31366cf3a355f4a080d190af2,rebuildable Python bytecode cache,.gitignore
tests/__pycache__/test_package_phase16e2_bobcat_remaining_local_images.cpython-312.pyc,6275,136b39aa306c5cc74f7c13a7b8b9e8a817f65071e1b2f037dd0c66bd98585736,rebuildable Python bytecode cache,.gitignore
tests/__pycache__/test_pair_construction.cpython-312.pyc,6853,2e40734a090204c79ee785022f5748daf5e3bebe02dd6b087d7fb441f1e28686,rebuildable Python bytecode cache,.gitignore
tests/__pycache__/test_pferi_v2_work_image_dedup.cpython-312.pyc,5590,fc77897149827a4fafd9cc104d27322c69b7959bed2d3c9f8ed039da388f6c65,rebuildable Python bytecode cache,.gitignore
tests/__pycache__/test_phase18_pipeline.cpython-312.pyc,64584,af34243f4ed061aa95a2b8186fa8c0b1173d51d0c75e5f5dcc0c1eae677a1a58,rebuildable Python bytecode cache,.gitignore
tests/__pycache__/test_phase18a_frozen_feature_manifest.cpython-312.pyc,5226,1f5cb7607a176d535af53f965399a277371981e403a71c882d76ed0a4985b933,rebuildable Python bytecode cache,.gitignore
tests/__pycache__/test_prepare_v2_image_allocation_strata.cpython-312.pyc,4565,c347f9e36de8c227f3a736572da347eb54289f2696dc68decc3408f8ebe0d26a,rebuildable Python bytecode cache,.gitignore
tests/__pycache__/test_project_cleanup_indexes.cpython-312.pyc,5406,d6f565bfb0d736a6320654ea325242495d06ba1173086e55c464257b1ccc0233,rebuildable Python bytecode cache,.gitignore
tests/__pycache__/test_reason_label_enrichment_packet.cpython-312.pyc,6121,6e42b8468be80a649a220f5253df469adf94ee1deb0f3ddfa20dc445ec316dbe,rebuildable Python bytecode cache,.gitignore
tests/__pycache__/test_review_budget_routing.cpython-312.pyc,4934,b852f1f2bd945cc044dc4813e17b6c306a1d719a04bf49a1e529b63404b7258f,rebuildable Python bytecode cache,.gitignore
tests/__pycache__/test_risk_calibrated_evidence_admission.cpython-312.pyc,2731,98f361fdd08beac3b22626fc6b86daf6823adec553bb1fc8a7b02fce947977bc,rebuildable Python bytecode cache,.gitignore
tests/__pycache__/test_robustness_and_claim_gates.cpython-312.pyc,2858,399f5f8eca179eb512c4f096c0800f79c08dc99c6a21f500e13177d88ea90be9,rebuildable Python bytecode cache,.gitignore
tests/__pycache__/test_run_v2_pilot_quality_measurements.cpython-312.pyc,2941,315d0da485a163aa6f6a9f2f5f177616aba1be8ef624b8a26414539861002d91,rebuildable Python bytecode cache,.gitignore
tests/__pycache__/test_simulate_ws04_power_cost_sensitivity.cpython-312.pyc,6632,3dfdb25fbf32e0cadba5f47c737e698731acb539350244538a1b7dede60cc6ef,rebuildable Python bytecode cache,.gitignore
tests/__pycache__/test_story_hardening_issue4_sensitivity.cpython-312.pyc,6485,d9d75c40e863d814a68b6a3b771e2d3f91ead659299149d9dc58f5a9b500cb38,rebuildable Python bytecode cache,.gitignore
tests/__pycache__/test_story_hardening_issue5_review_budget_value.cpython-312.pyc,6857,eaa523f0a188a5d68460202f734e7883a4641a515e32f06f2e2d9f13d622b13a,rebuildable Python bytecode cache,.gitignore
tests/__pycache__/test_story_hardening_issue6_pre_inference_simulation.cpython-312.pyc,5357,7a0673c9f4cbbba3cf8b3f93156e2bd7ecd61954cf20b358aa376e7e4f0ed10f,rebuildable Python bytecode cache,.gitignore
tests/__pycache__/test_story_hardening_issue8_objection_matrix.cpython-312.pyc,4139,5cc98d90d3a5992884ea2afe0db1265470096b8e5c0c04643d99b6b7a58c0db3,rebuildable Python bytecode cache,.gitignore
tests/__pycache__/test_story_hardening_issue9_consistency_audit.cpython-312.pyc,3857,8a6023dc189543724b5a0eb9d36e3081d484cba4bd376902494b2fd26ca784f2,rebuildable Python bytecode cache,.gitignore
tests/__pycache__/test_streamlit_pair_review_common.cpython-312.pyc,3908,41666caff97ae6f7c2b5cafc8073cdc50ad55380dd72404436b7510353593c23,rebuildable Python bytecode cache,.gitignore
tests/__pycache__/test_structural_oracle_annotation_core.cpython-312.pyc,4559,f25ac476e4b1a2087f37a7ee0372b87120ff4823286e52c56b3de7d73cd73c85,rebuildable Python bytecode cache,.gitignore
tests/__pycache__/test_v2_access_control_contract.cpython-312.pyc,6816,c5b7493d6da0d7c81f6bb533cc2fd56879ef0b7460c31b9aea0f8c29e84f975c,rebuildable Python bytecode cache,.gitignore
tests/__pycache__/test_v2_automatic_pair_evidence_contract.cpython-312.pyc,6166,ae70188107046d669d0644330196faa42926d45d63c21c9143a52263b58e360f,rebuildable Python bytecode cache,.gitignore
tests/__pycache__/test_v2_blinded_outcome_export_contract.cpython-312.pyc,5541,a7d6dd83eb0bda7718c130b28dd679f26c6d1eefdc208170af24edc6729ce5bf,rebuildable Python bytecode cache,.gitignore
tests/__pycache__/test_v2_canonical_pair_contract.cpython-312.pyc,8600,2b5a4831ca41099d9f10b65f8db75d2e62fd71dd91de44bf5f3df920449b2320,rebuildable Python bytecode cache,.gitignore
tests/__pycache__/test_v2_evidence_measurement_dictionary.cpython-312.pyc,7799,78b7cd4388b142c197b8ed1cd5f6969ca44bf36b437e73e417aeeee0e52a6867,rebuildable Python bytecode cache,.gitignore
tests/__pycache__/test_v2_full_image_quality_measurements.cpython-312.pyc,4846,218987e1507111d8cb2019ef439de735f837cd7092a2da95904d3f2ef6ae537a,rebuildable Python bytecode cache,.gitignore
tests/__pycache__/test_v2_independent_quality_control_contract.cpython-312.pyc,6110,7bd5efc317fd9f803d3140e8bd57a045e9b00188c51efe202ce830dc81cea1b3,rebuildable Python bytecode cache,.gitignore
tests/__pycache__/test_v2_local_match_execution_contract.cpython-312.pyc,3276,0985637794eae1a8c78f4232e91cbfe057cdea5006be44af651af872bf096924,rebuildable Python bytecode cache,.gitignore
tests/__pycache__/test_v2_measurement_feasibility_pilot_contract.cpython-312.pyc,5444,cd46200b2f2f0c44b680b7757c55ffd62596f9a4dca97c74114a3b6b803a0b17,rebuildable Python bytecode cache,.gitignore
tests/__pycache__/test_v2_partition_constraint_contract.cpython-312.pyc,16107,631a70e3aade036a5a06b6755d86e129b32c23114788ffc10301d55ec0fdca44,rebuildable Python bytecode cache,.gitignore
tests/__pycache__/test_v2_reviewer_interface_dry_run.cpython-312.pyc,11164,55c5d2595ef9212deffea944c8be704ca4adcc3480ea89c82d0dca4ef71261c8,rebuildable Python bytecode cache,.gitignore
tests/__pycache__/test_v2_reviewer_interface_human_audit.cpython-312.pyc,4854,a02991d11852473c661c6402aef423c716fc283c22babe031471a0db155ebc64,rebuildable Python bytecode cache,.gitignore
tests/__pycache__/test_v2_robust_local_match_runner.cpython-312.pyc,5828,710d230ad6f2c381775c9ca625139f895a45d32ef73d293eccaf321cecd6c11c,rebuildable Python bytecode cache,.gitignore
tests/__pycache__/test_v2_timed_operational_rehearsal.cpython-312.pyc,12049,7cddad1551e5dd313fb806f6ee10824c6f19fa4408a393f863190cd595a27754,rebuildable Python bytecode cache,.gitignore
tests/__pycache__/test_ws03_image_partition_feasibility.cpython-312.pyc,8583,13d55e88270e57c68901317281b89a8239524ba9fac5dc5bba82352929afeba9,rebuildable Python bytecode cache,.gitignore
